Manager,Owner,Market,Submarket,Property Name,Address,City,State,ZIP,Units,Manage v. OWN and manage
Greystar Management,Tower 16 Capital Partners,Albuquerque,,Tesota Four Hills,301 Western Skies Drive SE,Albuquerque,NM,87123,288,MANAGE
Greystar Management,Texas Capital Partners,Albuquerque,1 - Albuquerque - Central,Union 505,801 Locust Place NE,Albuquerque,NM,87102,572,MANAGE
Greystar Management,Titan Development,Albuquerque,2 - Albuquerque - North Valley,Allaso Journal Center,7800 Headline Blvd NE,Albuquerque,NM,87109,158,MANAGE
Greystar Management,Titan Development,Albuquerque,2 - Albuquerque - North Valley,"Senary by Allaso, The",7501 Jefferson Street NE,Albuquerque,NM,87109,209,MANAGE
Greystar Management,TriWest Development,Albuquerque,2 - Albuquerque - North Valley,Valley,1812 Indian School Road NW,Albuquerque,NM,87104,140,MANAGE
Greystar Management,"Ginzburg, Allen & Shirley",Albuquerque,3 - Albuquerque - Montgomery,Desert Creek,4300 Pan American Freeway NE,Albuquerque,NM,87107,241,MANAGE
Greystar Management,TriWest Development,Albuquerque,3 - Albuquerque - Montgomery,Sun Plaza,4400 Montgomery Blvd NE,Albuquerque,NM,87109,152,MANAGE
Greystar Management,Tower 16 Capital Partners,Albuquerque,3 - Albuquerque - Montgomery,Tesota Morningside,3958 Montgomery Blvd NE,Albuquerque,NM,87109,160,MANAGE
Greystar Management,Titan Development,Albuquerque,4 - Albuquerque - University,Broadstone Nob Hill,4101 Central Avenue NE,Albuquerque,NM,87108,102,MANAGE
Greystar Management,Benedict Canyon Equities,Albuquerque,4 - Albuquerque - University,Glo,3901 Indian School Road NE,Albuquerque,NM,87110,196,MANAGE
Greystar Management,Diamond Equity Ventures,Albuquerque,5 - Albuquerque - South,Diamond Elite Luxury Homes,3003 Transport Street SE,Albuquerque,NM,87106,162,MANAGE
Greystar Management,DiNapoli Capital Partners,Albuquerque,5 - Albuquerque - South,Encanto at Mesa Del Sol,2500 Bobby Foster Road SE,Albuquerque,NM,87106,318,MANAGE
Greystar Management,MLG Capital,Albuquerque,6 - Albuquerque - South Valley,Diamond Mesa,2300 Diamond Mesa Trail SW,Albuquerque,NM,87121,456,MANAGE
Greystar Management,Kennedy Wilson,Albuquerque,7 - Albuquerque - Westside,Aydan,6000 Montano Plaza Drive,Albuquerque,NM,87120,344,MANAGE
Greystar Management,LaTerra Development,Albuquerque,7 - Albuquerque - Westside,"Charlie ABQ, The",7682 Woodmont Avenue,Albuquerque,NM,87114,344,MANAGE
Greystar Management,Greystar,Albuquerque,7 - Albuquerque - Westside,Overture Andalucia,5301 Antequera Road,Albuquerque,NM,87120,171,MANAGE
Greystar Management,Continental Realty Group,Albuquerque,7 - Albuquerque - Westside,Stride West,6101 Sequoia Road NW,Albuquerque,NM,87120,280,MANAGE
Greystar Management,Kennedy Wilson,Albuquerque,8 - Albuquerque - Paradise Hills,"Aubry, The",9180 Coors Blvd NW,Albuquerque,NM,87120,356,MANAGE
Greystar Management,Kennedy Wilson,Albuquerque,8 - Albuquerque - Paradise Hills,Cantata at the Trails,6700 Cantata Street NW,Albuquerque,NM,87114,260,MANAGE
Greystar Management,TMR Investments,Albuquerque,8 - Albuquerque - Paradise Hills,Circ,10300 Golf Course Road NW,Albuquerque,NM,87114,264,MANAGE
Greystar Management,Ilan Investments,Albuquerque,8 - Albuquerque - Paradise Hills,Entrada Pointe,900 Country Club Drive SE,Rio Rancho,NM,87124,209,MANAGE
Greystar Management,Continental Realty Group,Albuquerque,8 - Albuquerque - Paradise Hills,Odyssey,10600 Cibola Loop NW,Albuquerque,NM,87114,572,MANAGE
Greystar Management,Kennedy Wilson,Albuquerque,8 - Albuquerque - Paradise Hills,SkyStone,10800 Cibola Loop NW,Albuquerque,NM,87114,254,MANAGE
Greystar Management,Titan Development,Albuquerque,9 - Albuquerque - Academy,Allaso Olivine,6925 Alameda Blvd NE,Albuquerque,NM,87113,105,MANAGE
Greystar Management,Kennedy Wilson,Albuquerque,9 - Albuquerque - Academy,AYA ABQ,5324 San Mateo Blvd NE,Albuquerque,NM,87109,504,MANAGE
Greystar Management,Benedict Canyon Equities,Albuquerque,9 - Albuquerque - Academy,Calero,8000 Montgomery Blvd NE,Albuquerque,NM,87109,216,MANAGE
Greystar Management,Laguna Point Properties,Albuquerque,9 - Albuquerque - Academy,Canyon Crest,7303 Montgomery Blvd NE,Albuquerque,NM,87109,268,MANAGE
Greystar Management,TriWest Development,Albuquerque,9 - Albuquerque - Academy,Milo,4217 Louisiana Blvd NE,Albuquerque,NM,87109,312,MANAGE
Greystar Management,Greystar,Albuquerque,9 - Albuquerque - Academy,Overture Albuquerque,6441 Palomas Avenue NE,Albuquerque,NM,87109,174,MANAGE
Greystar Management,Legacy Development & Management,Albuquerque,10 - Albuquerque - Uptown,Markana Flats,7050 Constitution Avenue NE,Albuquerque,NM,87110,151,MANAGE
Greystar Management,Legacy Development & Management,Albuquerque,10 - Albuquerque - Uptown,Markana Uptown,6500 Americas Pkwy,Albuquerque,NM,87110,246,MANAGE
Greystar Management,Titan Development,Albuquerque,12 - Albuquerque - Northeast,Allaso High Desert,6701 Tennyson Street NE,Albuquerque,NM,87122,281,MANAGE
Greystar Management,Titan Development,Albuquerque,12 - Albuquerque - Northeast,Allaso Vineyards,8901 Holly Avenue,Albuquerque,NM,87122,111,MANAGE
Greystar Management,Roger Cox Properties,Albuquerque,12 - Albuquerque - Northeast,Canoan Village,5300 Eubank Blvd NE,Albuquerque,NM,87111,172,MANAGE
Greystar Management,SPL Real Estate,Albuquerque,12 - Albuquerque - Northeast,Copper Hills,4200 Spanish Bit NE,Albuquerque,NM,87111,270,MANAGE
Greystar Management,Bean Investment Real Estate,Albuquerque,12 - Albuquerque - Northeast,Eagle Point,4401 Morris Street NE,Albuquerque,NM,87111,332,MANAGE
Greystar Management,TMR Investments,Albuquerque,12 - Albuquerque - Northeast,Ottavo,6350 Eubank Blvd NE,Albuquerque,NM,87111,200,MANAGE
Greystar Management,TMR Investments,Albuquerque,12 - Albuquerque - Northeast,Quincy,5905 Tierra Antigua Street NE,Albuquerque,NM,87111,156,MANAGE
Greystar Management,Laguna Point Properties,Albuquerque,12 - Albuquerque - Northeast,Spring Park,5801 Eubank Blvd NE,Albuquerque,NM,87111,300,MANAGE
Greystar Management,"Lizardi, Marco A.",Albuquerque,13 - Albuquerque - La Cuesta,"Reserve, The",1001 Tramway Blvd NE,Albuquerque,NM,87112,260,MANAGE
Greystar Management,Ilan Investments,Albuquerque,15 - Albuquerque - Southeast,Arrowhead Pointe,12021 Skyline Road NE,Albuquerque,NM,87123,272,MANAGE
Greystar Management,TMR Investments,Albuquerque,15 - Albuquerque - Southeast,"June, The",13150 Wenonah Avenue SE,Albuquerque,NM,87123,144,MANAGE
Greystar Management,TMR Investments,Albuquerque,15 - Albuquerque - Southeast,Lumen,701 Stephen Moody Street SE,Albuquerque,NM,87123,280,MANAGE
Greystar Management,Tower 16 Capital Partners,Albuquerque,15 - Albuquerque - Southeast,Tesota Midtown,200 Figueroa Street NE,Albuquerque,NM,87123,124,MANAGE
Greystar Management,Santa Fe Properties,Albuquerque,19 - Los Alamos,"Hill, The",141 36th Street,Los Alamos,NM,87544,149,MANAGE
Greystar Management,DeBartolo Development,Albuquerque,20 - Santa Fe,Arcadia,5300 Las Soleras Drive,Santa Fe,NM,87505,332,MANAGE
Greystar Management,Benedict Canyon Equities,Albuquerque,20 - Santa Fe,Local 1896,1896 Lorca Drive,Santa Fe,NM,87505,156,MANAGE
Greystar Management,Benedict Canyon Equities,Albuquerque,20 - Santa Fe,"Mica, The",825 Calle Mejia,Santa Fe,NM,87501,162,MANAGE
Greystar Management,Santa Fe Railyard Community Corporation,Albuquerque,20 - Santa Fe,Railyard Flats,701 Camino de la Familia,Santa Fe,NM,87501,58,MANAGE
Greystar Management,Abacus Capital Group,Albuquerque,20 - Santa Fe,Solwyn,5520 Wellness Way,Santa Fe,NM,87507,330,MANAGE
Greystar Management,"Peters Corporation, The",Albuquerque,20 - Santa Fe,South Meadows,2800 South Meadows Road,Santa Fe,NM,87507,240,MANAGE
Greystar Management,Abacus Capital Group,Albuquerque,20 - Santa Fe,Turquesa,4700 Wagon Road,Santa Fe,NM,87507,240,MANAGE
Greystar Management,Alliance Residential Company,Albuquerque,20 - Santa Fe,Zocalo Luxury Leasing,1551 Avenida Rincon,Santa Fe,NM,87506,54,MANAGE
Greystar Management,Greystar,Allentown-Bethlehem,13 - Bethlehem South,SouthSide Commons,444 Brodhead Avenue,Bethlehem,PA,18015,144,MANAGE
Greystar Management,Greystar,Appalachian,1 - James Madison,Arcadia Harrisonburg,1820 Putter Court,Harrisonburg,VA,22801,168,MANAGE
Greystar Management,CMB Development,Appalachian,1 - James Madison,Campus View,2401 Clubhouse Court,Harrisonburg,VA,22801,184,MANAGE
Greystar Management,GW Real Estate Partners,Appalachian,7 - University of Virginia,"Arrowood, The",4010 Entrada Drive,Charlottesville,VA,22901,250,MANAGE
Greystar Management,Prospect Ridge,Appalachian,7 - University of Virginia,Cobalt Ridge,1000 Old Brook Road,Charlottesville,VA,22901,469,MANAGE
Greystar Management,Eaton Vance Real Estate Investment Group,Appalachian,7 - University of Virginia,Fifth Street Place,411 Afton Pond Court,Charlottesville,VA,22902,200,MANAGE
Greystar Management,Greystar,Appalachian,7 - University of Virginia,Old Ivy Residences,2441 Old Ivy Road,Charlottesville,VA,22903,336,MANAGE
Greystar Management,Dominion Realty Partners,Appalachian,7 - University of Virginia,Rio Point,7010 Bo Street,Charlottesville,VA,22901,328,MANAGE
Greystar Management,Greystar,Appalachian,19 - Blacksburg,Union Blacksburg,1001 University City Blvd,Blacksburg,VA,24060,442,MANAGE
Greystar Management,Flournoy Companies,Asheville,4 - Asheville - South,Weller at the Preserve,710 Rushing Creek Drive,Asheville,NC,28803,179,MANAGE
Greystar Management,Catalyst Capital Partners,Asheville,7 - Asheville - West,Archer at Riverblue,300 Bow Bend,Asheville,NC,28806,245,MANAGE
Greystar Management,Catalyst Capital Partners,Asheville,7 - Asheville - West,Chorus Asheville,410 Smokey View Road,Asheville,NC,28806,153,MANAGE
Greystar Management,Catalyst Capital Partners,Asheville,7 - Asheville - West,Hominy at Riverblue,113 Hominy Ridge Court,Asheville,NC,28806,262,MANAGE
Greystar Management,TruAmerica Multifamily,Asheville,7 - Asheville - West,Westmont Commons,120 Chamberlain Drive,Asheville,NC,28806,252,MANAGE
Greystar Management,McCall Capital,Asheville,9 - Asheville - East,Enclave Piney Mountain,1040 Enclave Piney Lane,Asheville,NC,28805,212,MANAGE
Greystar Management,Fairfield Residential,Asheville,9 - Asheville - East,Verde Vista,4110 Verde Vista Circle,Asheville,NC,28805,313,MANAGE
Greystar Management,Southeast Partners,Asheville,11 - Buncombe County - Southwest,"Hominy, The",116 Two Creek Way,Candler,NC,28715,216,MANAGE
Greystar Management,D.R. Horton,Asheville,16 - Henderson County,Ascend Cottages at Highland Square,102 Francis Road,Hendersonville,NC,28792,99,MANAGE
Greystar Management,Greystar,Athens,1 - Athens - University,Accolade Athens,600 North Thomas Street,Athens,GA,30601,190,MANAGE
Greystar Management,Greystar,Athens,5 - Athens - North,Flats at General Time,180 Newton Bridge Road,Athens,GA,30607,200,MANAGE
Greystar Management,"Ritchie Group, The",Athens,11 - Oakwood - Flowery Branch,"Arden, The",900 Great Forest Way,Oakwood,GA,30566,248,MANAGE
Greystar Management,Imperium Development,Athens,11 - Oakwood - Flowery Branch,Ava Oakwood,6000 Ava Avenue,Gainesville,GA,30504,229,MANAGE
Greystar Management,Terwilliger Pappas,Athens,12 - Gainesville,"Everly, The",1000 Everly Way,Gainesville,GA,30501,223,MANAGE
Greystar Management,Alliance Residential Company,Athens,12 - Gainesville,Prose Gainesville,900 Mountaintop Avenue,Gainesville,GA,30501,300,MANAGE
Greystar Management,Terwilliger Pappas,Athens,12 - Gainesville,Solis Gainesville,1000 Rea Drive,Gainesville,GA,30501,184,MANAGE
Greystar Management,White Oak Partners,Atlanta - Suburban,1 - Sandy Springs,550 Northridge,550 Northridge Pkwy,Sandy Springs,GA,30350,220,MANAGE
Greystar Management,T30 Capital,Atlanta - Suburban,1 - Sandy Springs,Aqua at Sandy Springs,100 Greyfield Lane,Sandy Springs,GA,30350,219,MANAGE
Greystar Management,MidCity Real Estate Partners,Atlanta - Suburban,2 - Roswell - Alpharetta,Amorance,2001 Commerce Street,Alpharetta,GA,30009,168,MANAGE
Greystar Management,Greystar,Atlanta - Suburban,2 - Roswell - Alpharetta,Avana North Point,900 Jameson Pass,Alpharetta,GA,30022,264,MANAGE
Greystar Management,Greystar,Atlanta - Suburban,2 - Roswell - Alpharetta,Avana Woods,8520 South Holcomb Bridge Way,Alpharetta,GA,30022,437,MANAGE
Greystar Management,Solon Mack Capital,Atlanta - Suburban,2 - Roswell - Alpharetta,Ellwood Pines,1000 Holcomb Bridge Road,Roswell,GA,30076,498,MANAGE
Greystar Management,TA Realty,Atlanta - Suburban,2 - Roswell - Alpharetta,"Lights at Northwinds, The",6000 Summit Place,Alpharetta,GA,30009,140,MANAGE
Greystar Management,Wood Partners,Atlanta - Suburban,3 - Cumming,Alta Northerly,4805 Creek Circle,Cumming,GA,30028,310,MANAGE
Greystar Management,Clarion Partners,Atlanta - Suburban,3 - Cumming,Everleigh Halcyon Village,6550 Halcyon Way,Alpharetta,GA,30005,160,MANAGE
Greystar Management,White Oak Partners,Atlanta - Suburban,3 - Cumming,"Foundry at Mashburn Village, The",98 Buford Dam Road,Cumming,GA,30040,320,MANAGE
Greystar Management,Wilkinson Real Estate Advisors,Atlanta - Suburban,4 - Duluth,Andover at Johns Creek,10840 State Bridge Road,Johns Creek,GA,30022,224,MANAGE
Greystar Management,Blaze Capital Partners,Atlanta - Suburban,4 - Duluth,Annabelle on Main,2375 Main Street NW,Duluth,GA,30097,180,MANAGE
Greystar Management,TruAmerica Multifamily,Atlanta - Suburban,4 - Duluth,Anzio,3100 Sweetwater Road,Lawrenceville,GA,30044,448,MANAGE
Greystar Management,Greystar,Atlanta - Suburban,4 - Duluth,Avana Court,3800 Club Drive,Duluth,GA,30096,446,MANAGE
Greystar Management,Greystar,Atlanta - Suburban,4 - Duluth,Avana Portico,2110 Preston Park Drive,Duluth,GA,30096,440,MANAGE
Greystar Management,Related Companies,Atlanta - Suburban,4 - Duluth,Bridgewater,1500 Ridge Brook Trail,Duluth,GA,30096,532,MANAGE
Greystar Management,Greystar,Atlanta - Suburban,4 - Duluth,Elan Satellite Place,3100 Commerce Avenue NW,Duluth,GA,30096,328,MANAGE
Greystar Management,Greystar,Atlanta - Suburban,4 - Duluth,Everleigh Duluth,3215 Hill Street,Duluth,GA,30096,180,MANAGE
Greystar Management,Greystar,Atlanta - Suburban,4 - Duluth,Proctor Square,3441 Fox Street NW,Duluth,GA,30096,72,MANAGE
Greystar Management,TruAmerica Multifamily,Atlanta - Suburban,4 - Duluth,Signature at Sugarloaf,2255 Satellite Blvd,Duluth,GA,30097,268,MANAGE
Greystar Management,Greystar,Atlanta - Suburban,5 - Norcross,Avana Chase,6280 South Norcross Tucker Road,Tucker,GA,30084,410,MANAGE
Greystar Management,Brass Enterprises,Atlanta - Suburban,5 - Norcross,Broadstone Junction,500 Thrasher Street NW,Norcross,GA,30071,290,MANAGE
Greystar Management,Alliance Residential Company,Atlanta - Suburban,5 - Norcross,Broadstone Peachtree Corners,5672 Peachtree Pkwy,Peachtree Corners,GA,30092,295,MANAGE
Greystar Management,Alliance Residential Company,Atlanta - Suburban,5 - Norcross,"Clara by Broadstone, The",5420 Buford Hwy,Norcross,GA,30071,280,MANAGE
Greystar Management,TerraCap Management,Atlanta - Suburban,5 - Norcross,Reserve at Peachtree Corners,3495 Jones Mill Road,Norcross,GA,30092,348,MANAGE
Greystar Management,Terwilliger Pappas,Atlanta - Suburban,5 - Norcross,Solis Peachtree Corners,4936 Peachtree Corners Circle,Peachtree Corners,GA,30092,249,MANAGE
Greystar Management,McDowell Properties,Atlanta - Suburban,5 - Norcross,Somerset at the Crossings,100 Summerwalk Pkwy,Tucker,GA,30084,264,MANAGE
Greystar Management,OneStreet Residential,Atlanta - Suburban,6 - Buford,Hayloft Suwanee,2000 Harvest Pond Circle,Suwanee,GA,30024,98,MANAGE
Greystar Management,Capitol Seniors Housing,Atlanta - Suburban,6 - Buford,Outlook Gwinnett,1500 Laurel Crossing Pkwy,Buford,GA,30519,180,MANAGE
Greystar Management,Highpoint Development,Atlanta - Suburban,7 - Lawrenceville,"Whitby, The",550 Webb Gin House Road,Lawrenceville,GA,30045,300,MANAGE
Greystar Management,"RMR Group, The",Atlanta - Suburban,8 - Stone Mountain,Avana Twenty9,2334 Fuller Way,Tucker,GA,30084,217,MANAGE
Greystar Management,Frankforter Group,Atlanta - Suburban,8 - Stone Mountain,Hairston Woods,1173 North Hairston Road,Stone Mountain,GA,30083,240,MANAGE
Greystar Management,Legacy Real Estate Development,Atlanta - Suburban,9 - Snellville,Villas at Loganville,2935 Rosebud Road,Loganville,GA,30052,175,MANAGE
Greystar Management,LRE Management,Atlanta - Suburban,11 - Stockbridge,Eastwood Village,3005 Eastwood Village Drive,Stockbridge,GA,30281,360,MANAGE
Greystar Management,Third Lake Partners,Atlanta - Suburban,12 - McDonough,Arcadia at Symphony Park,1025 Clarinet Way,McDonough,GA,30252,250,MANAGE
Greystar Management,Laramar Group,Atlanta - Suburban,12 - McDonough,Mandalay Villas,1395 Towne Centre Village Drive,McDonough,GA,30253,300,MANAGE
Greystar Management,Vista Residential Partners,Atlanta - Suburban,12 - McDonough,Oak Grove Vista,1310 Jonesboro Road,McDonough,GA,30253,302,MANAGE
Greystar Management,Canvas Residential,Atlanta - Suburban,12 - McDonough,"Rosemoor, The",250 Foster Drive,McDonough,GA,30253,222,MANAGE
Greystar Management,Alliance Residential Company,Atlanta - Suburban,12 - McDonough,"Weldon by Broadstone, The",100 Oakbrook Drive,McDonough,GA,30253,330,MANAGE
Greystar Management,LRE Management,Atlanta - Suburban,13 - Jonesboro,Monterey Village,6265 Lee's Mill Road,Jonesboro,GA,30236,198,MANAGE
Greystar Management,Crescent Communities,Atlanta - Suburban,13 - Jonesboro,Render Stockbridge,1 Hatcher Drive,Stockbridge,GA,30281,297,MANAGE
Greystar Management,Wood Partners,Atlanta - Suburban,15 - Union City - Fairburn,Altera Union City,7105 Hall Road,Fairburn,GA,30213,320,MANAGE
Greystar Management,McDowell Properties,Atlanta - Suburban,15 - Union City - Fairburn,Champions Glen,6425 Oakley Road,Union City,GA,30291,166,MANAGE
Greystar Management,Greystar,Atlanta - Suburban,15 - Union City - Fairburn,Marlowe South Fulton,5617 Oakley Industrial Blvd,South Fulton,GA,30213,319,MANAGE
Greystar Management,Harbert Management Corporation,Atlanta - Suburban,15 - Union City - Fairburn,"Oakley, The",6350 Oakley Road,Union City,GA,30291,260,MANAGE
Greystar Management,LRE Management,Atlanta - Suburban,15 - Union City - Fairburn,Peachtree Landing,7915 Senoia Road,Fairburn,GA,30213,220,MANAGE
Greystar Management,Greystar,Atlanta - Suburban,15 - Union City - Fairburn,Summerwell Deerhaven,12076 Crosswicks Road,Union City,GA,30291,205,MANAGE
Greystar Management,Greystar,Atlanta - Suburban,15 - Union City - Fairburn,Summerwell Parkway Village,5055 Southwood Road,Union City,GA,30291,282,MANAGE
Greystar Management,TruAmerica Multifamily,Atlanta - Suburban,16 - Sandtown,"Slate Apartment Homes, The",1475 Sand Bay Drive SW,Atlanta,GA,30331,350,MANAGE
Greystar Management,IPCP Residential,Atlanta - Suburban,18 - Lithia Springs,Brodick Hill,7703 Lee Road,Lithia Springs,GA,30122,312,MANAGE
Greystar Management,Greystar,Atlanta - Suburban,18 - Lithia Springs,Elan Sweetwater Creek,1065 Preston Blvd,Lithia Springs,GA,30122,360,MANAGE
Greystar Management,TruAmerica Multifamily,Atlanta - Suburban,18 - Lithia Springs,Landings at Sweetwater Creek,100 Columns Drive,Lithia Springs,GA,30122,270,MANAGE
Greystar Management,Greystar,Atlanta - Suburban,19 - Austell,Elan Brookwood,3890 Floyd Road,Austell,GA,30106,395,MANAGE
Greystar Management,Greystar,Atlanta - Suburban,19 - Austell,Marlowe Brookwood,3753 Austell Road SW,Austell,GA,30106,340,MANAGE
Greystar Management,WJFS,Atlanta - Suburban,20 - Smyrna,400 Belmont,400 Belmont Place,Smyrna,GA,30080,274,MANAGE
Greystar Management,Prestwick Development,Atlanta - Suburban,20 - Smyrna,Series at Riverview Landing,6025 Riverview Road SE,Mableton,GA,30126,270,MANAGE
Greystar Management,Greystar,Atlanta - Suburban,21 - Marietta,Avana Cityview,1650 Barnes Mill Road,Marietta,GA,30062,320,MANAGE
Greystar Management,Fundrise,Atlanta - Suburban,21 - Marietta,Trellis,1275 Cunningham Road SW,Marietta,GA,30008,210,MANAGE
Greystar Management,Greystar,Atlanta - Suburban,22 - Kennesaw,Avana Acworth,4710 Baker Grove Road NW,Acworth,GA,30101,240,MANAGE
Greystar Management,Greystar,Atlanta - Suburban,22 - Kennesaw,Avana Kennesaw,3840 Jiles Road,Kennesaw,GA,30144,296,MANAGE
Greystar Management,Greystar,Atlanta - Suburban,22 - Kennesaw,Avana Ridenour,1575 Ridenour Pkwy NW,Kennesaw,GA,30152,255,MANAGE
Greystar Management,Greystar,Atlanta - Suburban,22 - Kennesaw,Avana TownPark,3725 George Busbee Pkwy NW,Kennesaw,GA,30144,300,MANAGE
Greystar Management,Greystar,Atlanta - Suburban,22 - Kennesaw,"Blake, The",3453 Busbee Drive,Kennesaw,GA,30144,274,MANAGE
Greystar Management,TerraCap Management,Atlanta - Suburban,22 - Kennesaw,Crestmont Apartment Homes,500 Williams Drive,Marietta,GA,30066,228,MANAGE
Greystar Management,Legacy Real Estate Development,Atlanta - Suburban,22 - Kennesaw,Greenhouse,3885 George Busbee Pkwy NW,Kennesaw,GA,30144,489,MANAGE
Greystar Management,Highpoint Development,Atlanta - Suburban,22 - Kennesaw,"Lacy at South Main, The",2652 South Main Street,Kennesaw,GA,30144,318,MANAGE
Greystar Management,Greystar,Atlanta - Suburban,22 - Kennesaw,Overture Barrett,1490 Ernest Barrett Pkwy,Kennesaw,GA,30152,175,MANAGE
Greystar Management,Blaze Capital Partners,Atlanta - Suburban,23 - Dallas - Hiram,Hardy Springs,705 Charles Hardy Pkwy,Dallas,GA,30157,149,MANAGE
Greystar Management,Greystar,Atlanta - Suburban,23 - Dallas - Hiram,Summerwell Cedarcrest,24 Creekwater Drive,Acworth,GA,30101,127,MANAGE
Greystar Management,Greystar,Atlanta - Suburban,23 - Dallas - Hiram,Summerwell Legacy,10 Silvercharm Way,Dallas,GA,30132,128,MANAGE
Greystar Management,McDowell Properties,Atlanta - Suburban,24 - Canton - Woodstock,"Palmer, The",1345 Towne Lake Hills South Drive,Woodstock,GA,30189,502,MANAGE
Greystar Management,Novare Group,Atlanta - Suburban,24 - Canton - Woodstock,"Parker, The",5944 State Route 92,Acworth,GA,30102,330,MANAGE
Greystar Management,Greystar,Atlanta - Suburban,24 - Canton - Woodstock,Summerwell Bells Ferry,1151 Hunter Trail,Acworth,GA,30102,153,MANAGE
Greystar Management,NewStar Asset Management,Atlanta - Suburban,24 - Canton - Woodstock,Tranquil Gardens,1031 Tranquil Gardens Place,Acworth,GA,30102,73,MANAGE
Greystar Management,Highpoint Development,Atlanta - Suburban,27 - Winder,"Stafford, The",91 Market Street,Bethlehem,GA,30620,288,MANAGE
Greystar Management,Greystar,Atlanta - Suburban,27 - Winder,Summerwell Mill Creek,2150 Spring Rush Drive,Buford,GA,30519,194,MANAGE
Greystar Management,McDowell Properties,Atlanta - Suburban,28 - Conyers,Mainstreet at Conyers,1501 Renaissance Drive,Conyers,GA,30012,192,MANAGE
Greystar Management,Crescent Communities,Atlanta - Suburban,29 - Covington,Render Covington,9300 Delk Drive,Covington,GA,30014,315,MANAGE
Greystar Management,Crescent Communities,Atlanta - Suburban,29 - Covington,Render Turner Lake,7900 Kaplan Lane,Covington,GA,30014,300,MANAGE
Greystar Management,Bridge Investment Group,Atlanta - Suburban,36 - Newnan,"Ashley, The",101 Ashley Park Drive,Newnan,GA,30263,269,MANAGE
Greystar Management,Advenir,Atlanta - Suburban,38 - LaGrange,Advenir at Mallory Lake,1300 South Davis Road,LaGrange,GA,30241,300,MANAGE
Greystar Management,Alliance Residential Company,Atlanta - Suburban,38 - LaGrange,Prose LaGrange,1900 Vernon Street,LaGrange,GA,30240,315,MANAGE
Greystar Management,Wood Partners,Atlanta - Suburban,41 - Villa Rica,"Dorsey by Alta, The",191 Commerce Drive,Villa Rica,GA,30180,280,MANAGE
Greystar Management,Advenir,Atlanta - Suburban,44 - Cartersville,Advenir at Walkers Ridge,18 Burnt Hickory Connector SW,Cartersville,GA,30120,240,MANAGE
Greystar Management,Eastwood Homes,Atlanta - Suburban,44 - Cartersville,Fairlie,300 Mineral Way,Cartersville,GA,30121,214,MANAGE
Greystar Management,Alliance Residential Company,Atlanta - Suburban,44 - Cartersville,Prose Cartersville,100 Overlook Pkwy,Cartersville,GA,30121,336,MANAGE
Greystar Management,Wood Partners,Atlanta - Urban,5 - East Point/Hapeville,Ben Hill Flats,2750 Barge Road SW,Atlanta,GA,30331,236,MANAGE
Greystar Management,Greystar,Atlanta - Urban,9 - West End/Fairlie Poplar/Underground,Ascent Peachtree,161 Peachtree Center Avenue NE,Atlanta,GA,30303,345,MANAGE
Greystar Management,Alliance Residential Company,Atlanta - Urban,9 - West End/Fairlie Poplar/Underground,Broadstone 2Thirty,230 Martin Luther King Jr. Drive SE,Atlanta,GA,30312,278,MANAGE
Greystar Management,H.J. Russell & Company,Atlanta - Urban,9 - West End/Fairlie Poplar/Underground,Marchon,240 Grant Street SE,Atlanta,GA,30312,305,MANAGE
Greystar Management,Middle Street Partners,Atlanta - Urban,10 - Grant Park/East Atlanta/Panthersville,"Boulevard at Grant Park, The",1015 Boulevard SE,Atlanta,GA,30312,323,MANAGE
Greystar Management,Greystar,Atlanta - Urban,10 - Grant Park/East Atlanta/Panthersville,Elan Madison Yards,230 Bill Kennedy Way SE,Atlanta,GA,30316,495,MANAGE
Greystar Management,Alliance Residential Company,Atlanta - Urban,11 - Chandler-McAfee/West Belvedere Park,Broadstone Pullman,105 Rogers Street NE,Atlanta,GA,30317,354,MANAGE
Greystar Management,Spyglass Capital Partners,Atlanta - Urban,11 - Chandler-McAfee/West Belvedere Park,Connect Decatur,2641 East College Avenue,Decatur,GA,30030,378,MANAGE
Greystar Management,Pope & Land Enterprises,Atlanta - Urban,14 - Midtown West/Centennial Place,100 Midtown,100 10th Street NW,Atlanta,GA,30309,118,MANAGE
Greystar Management,Woodfield Development,Atlanta - Urban,14 - Midtown West/Centennial Place,505 Courtland,505 Courtland Street NE,Atlanta,GA,30308,284,MANAGE
Greystar Management,Frankforter Group,Atlanta - Urban,14 - Midtown West/Centennial Place,Generation,369 Centennial Olympic Park Drive NW,Atlanta,GA,30313,336,MANAGE
Greystar Management,Trammell Crow Residential,Atlanta - Urban,14 - Midtown West/Centennial Place,"Grace Residences, The",200 Nerem Street NW,Atlanta,GA,30313,280,MANAGE
Greystar Management,Virtus Real Estate Capital,Atlanta - Urban,14 - Midtown West/Centennial Place,"Lowery, The",900 Joseph E. Lowery Blvd NW,Atlanta,GA,30318,171,MANAGE
Greystar Management,Goldrich & Kest,Atlanta - Urban,14 - Midtown West/Centennial Place,NOVEL Midtown Atlanta,1140 Spring Street NW,Atlanta,GA,30309,340,MANAGE
Greystar Management,TA Realty,Atlanta - Urban,14 - Midtown West/Centennial Place,Tens on West,1010 West Peachtree Street NW,Atlanta,GA,30309,332,MANAGE
Greystar Management,Kaplan Companies,Atlanta - Urban,14 - Midtown West/Centennial Place,Townhouse Atlanta,450 Piedmont Avenue NE,Atlanta,GA,30308,254,MANAGE
Greystar Management,Blaze Capital Partners,Atlanta - Urban,15 - Midtown South,Muse ATL,300 Cityline Avenue NE,Atlanta,GA,30308,192,MANAGE
Greystar Management,Property Reserve,Atlanta - Urban,15 - Midtown South,Piedmont House,205 12th Street NE,Atlanta,GA,30309,198,MANAGE
Greystar Management,TruAmerica Multifamily,Atlanta - Urban,15 - Midtown South,"Prato at Midtown, The",400 Central Park Place NE,Atlanta,GA,30308,342,MANAGE
Greystar Management,Ghitis Property Company,Atlanta - Urban,16 - Martin Luther King Historic District,Ayla on Krog,44 Krog Street NE,Atlanta,GA,30307,222,MANAGE
Greystar Management,Graycliff Capital,Atlanta - Urban,16 - Martin Luther King Historic District,Pencil Factory Flats,349 Decatur Street SE,Atlanta,GA,30312,188,MANAGE
Greystar Management,TA Realty,Atlanta - Urban,17 - Inman Park/Virginia Highlands,675 N. Highland,675 North Highland Avenue NE,Atlanta,GA,30306,164,MANAGE
Greystar Management,CBRE Investment Management,Atlanta - Urban,18 - Decatur,1133 on the Square,1133 Commerce Drive,Decatur,GA,30030,167,MANAGE
Greystar Management,Kaplan Companies,Atlanta - Urban,19 - Avondale Estates/East Belvedere Park,Generation Avondale East,3960 Redan Road,Stone Mountain,GA,30083,239,MANAGE
Greystar Management,Eaton Vance Real Estate Investment Group,Atlanta - Urban,20 - Atlantic Station,Avana Westside,1040 Huff Road NW,Atlanta,GA,30318,397,MANAGE
Greystar Management,TA Realty,Atlanta - Urban,20 - Atlantic Station,Broadstone Upper Westside,2167 Bolton Drive NW,Atlanta,GA,30318,314,MANAGE
Greystar Management,Crescent Communities,Atlanta - Urban,20 - Atlantic Station,NOVEL West Midtown,1330 Fairmont Avenue,Atlanta,GA,30318,340,MANAGE
Greystar Management,Goldrich & Kest,Atlanta - Urban,21 - South Buckhead,Ardmore & 28th,306 Ardmore Circle NW,Atlanta,GA,30309,165,MANAGE
Greystar Management,Greystar,Atlanta - Urban,22 - Midtown,Ascent Midtown,1400 West Peachtree Street NW,Atlanta,GA,30309,328,MANAGE
Greystar Management,Greystar,Atlanta - Urban,22 - Midtown,NOMIA,1382 Peachtree Street NE,Atlanta,GA,30309,281,MANAGE
Greystar Management,Greystar,Atlanta - Urban,23 - Lindbergh,Avana Cheshire Bridge,2124 Cheshire Bridge Road NE,Atlanta,GA,30324,318,MANAGE
Greystar Management,Greystar,Atlanta - Urban,23 - Lindbergh,Avana on Main,508 Main Street NE,Atlanta,GA,30324,363,MANAGE
Greystar Management,Goldrich & Kest,Atlanta - Urban,23 - Lindbergh,CB Lofts,2430 Cheshire Bridge Road NE,Atlanta,GA,30324,164,MANAGE
Greystar Management,Greystar,Atlanta - Urban,23 - Lindbergh,Newbergh ATL,761 Morosgo Drive NE,Atlanta,GA,30324,258,MANAGE
Greystar Management,Greystar,Atlanta - Urban,23 - Lindbergh,Overture Buckhead South,658 Lindbergh Drive NE,Atlanta,GA,30324,190,MANAGE
Greystar Management,Greystar,Atlanta - Urban,24 - North Druid Hills,Bellamy Executive Park,50 Executive Park South,Atlanta,GA,30329,342,MANAGE
Greystar Management,EQT Real Estate,Atlanta - Urban,24 - North Druid Hills,Decatur Highlands,10 Highland Lake Circle,Decatur,GA,30033,386,MANAGE
Greystar Management,Fairfield Residential,Atlanta - Urban,24 - North Druid Hills,Morgan Place,1680 Chantilly Drive NE,Atlanta,GA,30324,186,MANAGE
Greystar Management,Boston Capital Real Estate Partners,Atlanta - Urban,25 - North Decatur/Clarkston/Scottdale,Aventura Decatur,100 Grayson Place,Decatur,GA,30030,180,MANAGE
Greystar Management,AVR Realty,Atlanta - Urban,27 - Buckhead,@ 1377,1377 Dresden Drive,Atlanta,GA,30319,215,MANAGE
Greystar Management,Wood Partners,Atlanta - Urban,27 - Buckhead,Alta Porter on Peachtree,3930 Peachtree Road,Brookhaven,GA,30319,291,MANAGE
Greystar Management,NewTower Trust Company,Atlanta - Urban,27 - Buckhead,Avanti Brookhaven,1295 Dresden Drive NE,Atlanta,GA,30319,230,MANAGE
Greystar Management,Greystar,Atlanta - Urban,27 - Buckhead,Cyan on Peachtree,3380 Peachtree Road NE,Atlanta,GA,30326,329,MANAGE
Greystar Management,Continental Realty Corporation,Atlanta - Urban,27 - Buckhead,Millworks,1888 Emery Street NW,Atlanta,GA,30318,345,MANAGE
Greystar Management,Wood Partners,Atlanta - Urban,29 - Buckhead Village,"Beverly by Alta, The",3314 Piedmont Road NE,Atlanta,GA,30305,291,MANAGE
Greystar Management,Property Reserve,Atlanta - Urban,29 - Buckhead Village,"Bryant at Buckhead Village, The",400 Pharr Road NE,Atlanta,GA,30305,375,MANAGE
Greystar Management,Nuveen Real Estate,Atlanta - Urban,29 - Buckhead Village,Gramercy at Buckhead,3315 Roswell Road,Atlanta,GA,30305,249,MANAGE
Greystar Management,Greystar,Atlanta - Urban,29 - Buckhead Village,Kingsboro,3443 Kingsboro Road NE,Atlanta,GA,30326,152,MANAGE
Greystar Management,Greystar,Atlanta - Urban,29 - Buckhead Village,Phipps Place,3460 Kingsboro Road NE,Atlanta,GA,30326,266,MANAGE
Greystar Management,Lionstone Investments,Atlanta - Urban,29 - Buckhead Village,"Tower on Piedmont, The",3242 Peachtree Road NE,Atlanta,GA,30305,155,MANAGE
Greystar Management,Eaton Vance Real Estate Investment Group,Atlanta - Urban,31 - Brookhaven,Avana Uptown,2910 Clairmont Road NE,Atlanta,GA,30329,227,MANAGE
Greystar Management,Greystar,Atlanta - Urban,32 - Northlake,Avana City North,3421 Northlake Pkwy NE,Atlanta,GA,30345,357,MANAGE
Greystar Management,TruAmerica Multifamily,Atlanta - Urban,33 - North Vinings,Junction at Vinings,2101 Paces Ferry Road SE,Smyrna,GA,30080,360,MANAGE
Greystar Management,RPM,Atlanta - Urban,33 - North Vinings,"Residences at Vinings Mountain, The",100 Pinehurst Drive,Atlanta,GA,30339,680,MANAGE
Greystar Management,"RMR Group, The",Atlanta - Urban,34 - Marietta SE,Annett,2020 Powers Ferry Road,Atlanta,GA,30339,278,MANAGE
Greystar Management,Greystar,Atlanta - Urban,34 - Marietta SE,Avana Cumberland,2383 Akers Mill Road,Atlanta,GA,30339,400,MANAGE
Greystar Management,Greystar,Atlanta - Urban,34 - Marietta SE,Avana Powers Ferry,1818 Wood Hollow Court,Marietta,GA,30067,312,MANAGE
Greystar Management,TA Realty,Atlanta - Urban,34 - Marietta SE,"Elden Galleria, The",800 Galleria Pkwy SE,Atlanta,GA,30339,283,MANAGE
Greystar Management,Greystar,Atlanta - Urban,36 - West Chamblee,Avana Dunwoody,10 Gentrys Walk,Chamblee,GA,30341,227,MANAGE
Greystar Management,Brass Enterprises,Atlanta - Urban,36 - West Chamblee,"Grove Chamblee, The",3450 Miller Drive,Chamblee,GA,30341,192,MANAGE
Greystar Management,Atlas Real Estate Partners,Atlanta - Urban,36 - West Chamblee,"Hawkins, The",3311 Hood Avenue,Chamblee,GA,30341,192,MANAGE
Greystar Management,CBRE Investment Management,Atlanta - Urban,36 - West Chamblee,"Oliver Chamblee, The",5193 Peachtree Blvd,Chamblee,GA,30341,283,MANAGE
Greystar Management,Selig Enterprises,Atlanta - Urban,38 - Sandy Springs/Dunwoody,Aston City Springs,6400 Blue Stone Road,Sandy Springs,GA,30328,294,MANAGE
Greystar Management,Boston Capital Real Estate Partners,Atlanta - Urban,38 - Sandy Springs/Dunwoody,Aventura Dunwoody,6873 Peachtree Dunwoody Road NE,Atlanta,GA,30328,240,MANAGE
Greystar Management,Greystar,Atlanta - Urban,38 - Sandy Springs/Dunwoody,Overture Powers Ferry,1927 Powers Ferry Road SE,Atlanta,GA,30339,171,MANAGE
Greystar Management,Greystar,Atlanta - Urban,38 - Sandy Springs/Dunwoody,Peachtree Dunwoody Place,6355 Peachtree Dunwoody Road NE,Atlanta,GA,30328,216,MANAGE
Greystar Management,Westmount Realty Capital,Atlanta - Urban,38 - Sandy Springs/Dunwoody,Westmount at Ashwood,1000 Ashwood Pkwy,Atlanta,GA,30338,160,MANAGE
Greystar Management,Cape Augusta,Augusta,5 - Midtown-West End,"Lofts at King Mill, The",1701 Goodrich Street,Augusta,GA,30904,245,MANAGE
Greystar Management,PASSCO Real Estate,Augusta,8 - Augusta - West,Grand Oaks at Crane Creek,680 Crane Creek Drive,Augusta,GA,30907,300,MANAGE
Greystar Management,Waypoint Residential,Augusta,8 - Augusta - West,Mason Augusta,101 Pine Forest Road,Augusta,GA,30909,288,MANAGE
Greystar Management,Waypoint Residential,Augusta,8 - Augusta - West,Mason Augusta Phase II,101 Pine Forest Road,Augusta,GA,30909,174,MANAGE
Greystar Management,Southeastern Development Associates,Augusta,18 - Evans,"Premier, The",1065 Williamsburg Way,Evans,GA,30809,300,MANAGE
Greystar Management,Southeastern Development Associates,Augusta,19 - Martinez,"Heron at River Island, The",600 Grand Oaks Way,Martinez,GA,30907,274,MANAGE
Greystar Management,Southeastern Development Associates,Augusta,22 - Aiken,"Canter, The",4285 Julep Way SW,Aiken,SC,29803,256,MANAGE
Greystar Management,Wood Partners,Austin,1 - Georgetown - west,Alta Berry Creek,2201 State Highway 195,Georgetown,TX,78628,300,MANAGE
Greystar Management,Endeavor Real Estate Group,Austin,1 - Georgetown - west,Citizen House Wolf Ranch,1201 Wolf Canyon Road,Georgetown,TX,78628,360,MANAGE
Greystar Management,PCCP,Austin,1 - Georgetown - west,"Oaks on Chisholm Trail, The",3000 Chisholm Trail Road,Round Rock,TX,78681,113,MANAGE
Greystar Management,Wood Partners,Austin,2 - Georgetown - east,Alta Westinghouse Townhomes,3205 Westinghouse Road,Georgetown,TX,78626,168,MANAGE
Greystar Management,"Viramontes Nales, Miguel A.",Austin,2 - Georgetown - east,Austin Avenue,2601 North Austin Avenue,Georgetown,TX,78626,312,MANAGE
Greystar Management,Capitol Seniors Housing,Austin,2 - Georgetown - east,NorthStar Georgetown,2401 Westinghouse Road,Georgetown,TX,78626,210,MANAGE
Greystar Management,Trammell Crow Residential,Austin,3 - Cedar Park,Arista San Gabriel,2312 Yellow Warbler Drive,Leander,TX,78641,103,MANAGE
Greystar Management,"Viramontes Nales, Miguel A.",Austin,3 - Cedar Park,Aven Ridge,1141 Pleasant Hill Road,Leander,TX,78641,312,MANAGE
Greystar Management,Alliance Residential Company,Austin,3 - Cedar Park,Broadstone Bryson,241 South Chitalpa Street,Leander,TX,78641,306,MANAGE
Greystar Management,Virtus Real Estate Capital,Austin,3 - Cedar Park,Caliza,12638 Ridgeline Blvd,Cedar Park,TX,78613,270,MANAGE
Greystar Management,Palladius Capital Management,Austin,3 - Cedar Park,"Chloe Leander, The",348 Main Street,Leander,TX,78641,276,MANAGE
Greystar Management,Resmark Equity Partners,Austin,3 - Cedar Park,Escalon Townhomes,181 South Brook Drive,Leander,TX,78641,125,MANAGE
Greystar Management,Leon Capital Group,Austin,3 - Cedar Park,"Evergrove at Crystal Village, The",2090 Raider Way,Leander,TX,78641,346,MANAGE
Greystar Management,Greystar,Austin,3 - Cedar Park,Everleigh Lakeline,9821 North Lake Creek Pkwy,Austin,TX,78717,191,MANAGE
Greystar Management,Tynberg,Austin,3 - Cedar Park,Gramercy at Northline,336 John Webster Street,Leander,TX,78641,343,MANAGE
Greystar Management,Akelius Real Estate Management,Austin,3 - Cedar Park,Leander Park,14801 Ronald Reagan Blvd,Leander,TX,78641,288,MANAGE
Greystar Management,StreetLights Residential,Austin,3 - Cedar Park,"Maris, The",10520 Lakeline Mall Drive,Austin,TX,78717,276,MANAGE
Greystar Management,Eaton Vance Real Estate Investment Group,Austin,3 - Cedar Park,"Michael at Presidio, The",13535 Lyndhurst Street,Austin,TX,78717,415,MANAGE
Greystar Management,Qualico,Austin,3 - Cedar Park,Quest,910 Quest Pkwy,Cedar Park,TX,78613,333,MANAGE
Greystar Management,"Rastello, Douglas",Austin,3 - Cedar Park,Regal Parc Apartment Homes,350 Cypress Creek Road,Cedar Park,TX,78613,279,MANAGE
Greystar Management,American Residential Group,Austin,3 - Cedar Park,Tisdale at Lakeline Station,13701 Lyndhurst Drive,Austin,TX,78717,378,MANAGE
Greystar Management,Starlight Investments,Austin,3 - Cedar Park,Vera Cedar Park,805 C-Bar Ranch Trail,Cedar Park,TX,78613,242,MANAGE
Greystar Management,Goldman Sachs & Company,Austin,4 - Brushy Creek,95twenty,9520 Spectrum Drive,Austin,TX,78717,334,MANAGE
Greystar Management,TA Realty,Austin,4 - Brushy Creek,Rhythm,9701 Spectrum Drive,Austin,TX,78717,262,MANAGE
Greystar Management,Eaton Vance Real Estate Investment Group,Austin,5 - Round Rock - east,Lone Oak,1201 Hidden Valley Drive,Round Rock,TX,78665,304,MANAGE
Greystar Management,PCCP,Austin,5 - Round Rock - east,Skymor Carmel Creek,91 Hereford Loop,Hutto,TX,78634,76,MANAGE
Greystar Management,Clark Wilson Builder,Austin,5 - Round Rock - east,"Sommery, The",5540 Sofia Place,Round Rock,TX,78665,300,MANAGE
Greystar Management,Rivendell Global Real Estate,Austin,6 - Anderson Mill,Terrazzo,8585 Spicewood Springs Road,Austin,TX,78759,224,MANAGE
Greystar Management,Ladera Capital Partners,Austin,7 - Jollyville - north,"Monterra, The",13401 Legendary Drive,Austin,TX,78727,256,MANAGE
Greystar Management,Eaton Vance Real Estate Investment Group,Austin,7 - Jollyville - north,Villages at Turtle Rock,12800 Turtle Rock Road,Austin,TX,78729,356,MANAGE
Greystar Management,Bellrock Real Estate Partners,Austin,8 - Round Rock - south,Bellrock La Frontera,16304 FM 1325,Austin,TX,78728,340,MANAGE
Greystar Management,Alliance Residential Company,Austin,8 - Round Rock - south,Broadstone Frontera Ridge,2880 Frontera Drive,Round Rock,TX,78681,376,MANAGE
Greystar Management,Manulife Investment Management,Austin,8 - Round Rock - south,Broadstone North Ridge,3118 County Road 172,Round Rock,TX,78681,339,MANAGE
Greystar Management,Nuveen Real Estate,Austin,9 - Wells Branch,"District on La Frontera, The",2811 La Frontera Blvd,Austin,TX,78728,512,MANAGE
Greystar Management,Endeavor Real Estate Group,Austin,9 - Wells Branch,"Mia, The",14305 Tandem Blvd,Austin,TX,78728,345,MANAGE
Greystar Management,CAF Capital Partners,Austin,9 - Wells Branch,"Morgan, The",1801 Wells Branch Pkwy,Austin,TX,78728,504,MANAGE
Greystar Management,RREEF Property Trust,Austin,12 - Jollyville - south,Hardrock Canyon,10300 Jollyville Road,Austin,TX,78759,391,MANAGE
Greystar Management,Greystar,Austin,12 - Jollyville - south,Overture Arboretum,10600 Jollyville Road,Austin,TX,78759,184,MANAGE
Greystar Management,Stonelake Capital Partners,Austin,13 - IBM area,"Bowen, The",3000 Gracie Kiltz Lane,Austin,TX,78758,339,MANAGE
Greystar Management,Sterling Equities,Austin,13 - IBM area,Flatiron Domain,10727 Domain Drive,Austin,TX,78758,364,MANAGE
Greystar Management,Heitman,Austin,13 - IBM area,Folio,11915 Stonehollow Drive,Austin,TX,78758,606,MANAGE
Greystar Management,Stonelake Capital Partners,Austin,13 - IBM area,"Met, The",10101 Metropolitan Drive,Austin,TX,78758,297,MANAGE
Greystar Management,Greystar,Austin,13 - IBM area,Overture Domain,3100 Kramer Lane,Austin,TX,78758,189,MANAGE
Greystar Management,IDEAL Capital Group,Austin,13 - IBM area,"Village at Gracy Farms, The",2600 Gracy Farms Lane,Austin,TX,78758,308,MANAGE
Greystar Management,River City Capital Partners,Austin,15 - Dessau,"Amber, The",3901 East Parmer Lane,Austin,TX,78754,273,MANAGE
Greystar Management,Clark Wilson Builder,Austin,15 - Dessau,"Bower, The",404 East Olympic Drive,Pflugerville,TX,78660,294,MANAGE
Greystar Management,Wilson Capital,Austin,15 - Dessau,Brio,705 East Olympic Drive,Pflugerville,TX,78660,336,MANAGE
Greystar Management,Reger Holdings,Austin,15 - Dessau,"Janis, The",3500 East Parmer Lane,Austin,TX,78754,422,MANAGE
Greystar Management,Belkorp Holdings,Austin,15 - Dessau,"Oaks at Techridge, The",14000 The Lakes Blvd,Pflugerville,TX,78660,336,MANAGE
Greystar Management,Reger Holdings,Austin,15 - Dessau,"Vaughan, The",12601 Innovar Circle,Austin,TX,78754,312,MANAGE
Greystar Management,Akelius Real Estate Management,Austin,15 - Dessau,Wells Park,15001 Strathaven Pass,Austin,TX,78660,264,MANAGE
Greystar Management,J.P. Morgan Asset Management,Austin,16 - Far West Blvd,3500 Westlake,3500 North Capital of Texas Hwy,Austin,TX,78746,175,MANAGE
Greystar Management,Belkorp Holdings,Austin,16 - Far West Blvd,Somerset Townhomes,6800 Austin Center Blvd,Austin,TX,78731,123,MANAGE
Greystar Management,Wood Partners,Austin,17 - Abercrombie,"Albright, The",8528 Burnet Road,Austin,TX,78757,261,MANAGE
Greystar Management,Milestone Community Builders,Austin,17 - Abercrombie,Alder at the Grove,4424 Jackson Avenue,Austin,TX,78731,268,MANAGE
Greystar Management,City Line Capital,Austin,17 - Abercrombie,Burnet Flats,5453 Burnet Road,Austin,TX,78756,179,MANAGE
Greystar Management,Ladera Capital Partners,Austin,17 - Abercrombie,Haus 5350,5350 Burnet Road,Austin,TX,78756,175,MANAGE
Greystar Management,Milestone Community Builders,Austin,17 - Abercrombie,Korina at the Grove,4424 Jackson Avenue,Austin,TX,78731,373,MANAGE
Greystar Management,D.R. Horton,Austin,19 - Walnut Forest,Ascend at Pioneer Hill,1701 Daleside Lane,Austin,TX,78754,324,MANAGE
Greystar Management,Alliance Residential Company,Austin,20 - Hyde Park,Broadstone North Lamar,6709 North Lamar Blvd,Austin,TX,78752,305,MANAGE
Greystar Management,Castle Lanterra Properties,Austin,20 - Hyde Park,Residences at the Triangle,4600 West Guadalupe Street,Austin,TX,78751,529,MANAGE
Greystar Management,Eaton Vance Real Estate Investment Group,Austin,20 - Hyde Park,West Koenig Flats,5608 Avenue F,Austin,TX,78751,210,MANAGE
Greystar Management,Principal Real Estate Investors,Austin,22 - Capital Plaza,Overture Mueller,4818 Berkman Drive,Austin,TX,78723,201,MANAGE
Greystar Management,Ryan Companies,Austin,22 - Capital Plaza,Rivette Tower,3901 Berkman Drive,Austin,TX,78723,347,MANAGE
Greystar Management,Endeavor Real Estate Group,Austin,22 - Capital Plaza,Solomon,1414 East 51st Street,Austin,TX,78723,369,MANAGE
Greystar Management,Sterling Equities,Austin,23 - Berkman Dr,"Banks of Springdale, The",5521 Springdale Road,Austin,TX,78723,251,MANAGE
Greystar Management,Transwestern,Austin,23 - Berkman Dr,Windsor Commons,5900 Westminster Drive,Austin,TX,78723,404,MANAGE
Greystar Management,Intercontinental Real Estate,Austin,24 - West End,5th Street Commons,1611 West 5th Street,Austin,TX,78703,150,MANAGE
Greystar Management,Seamless Capital,Austin,24 - West End,"Bouldin South Lamar, The",1401 South Lamar Blvd,Austin,TX,78704,309,MANAGE
Greystar Management,RREEF Property Trust,Austin,24 - West End,"Boulevard at Town Lake, The",2600 Lake Austin Blvd,Austin,TX,78703,256,MANAGE
Greystar Management,Kurt Simons Company,Austin,24 - West End,Coldwater,1717 Toomey Road,Austin,TX,78704,225,MANAGE
Greystar Management,Intercontinental Real Estate,Austin,24 - West End,Pressler,507 Pressler Street,Austin,TX,78703,168,MANAGE
Greystar Management,Eaton Vance Real Estate Investment Group,Austin,25 - University of Texas,Elan East,2900 Manor Road,Austin,TX,78722,251,MANAGE
Greystar Management,Greystar,Austin,25 - University of Texas,Platform,2823 East Martin Luther King Jr Blvd,Austin,TX,78702,355,MANAGE
Greystar Management,Greystar,Austin,25 - University of Texas,Platform Phase II,2823 East Martin Luther King Jr Blvd,Austin,TX,78702,202,MANAGE
Greystar Management,Ledcor Group,Austin,25 - University of Texas,Starlight,2901 Manor Road,Austin,TX,78722,325,MANAGE
Greystar Management,Greystar,Austin,25 - University of Texas,Union on 24th,701 West 24th Street,Austin,TX,78705,552,MANAGE
Greystar Management,Greystar,Austin,25 - University of Texas,Union on San Antonio,2011 San Antonio Street,Austin,TX,78705,425,MANAGE
Greystar Management,Alliance Residential Company,Austin,26 - Pershing,Broadstone East End,5400 Jain Lane,Austin,TX,78721,307,MANAGE
Greystar Management,Goldrich & Kest,Austin,26 - Pershing,Corazon,1000 East 5th Street,Austin,TX,78702,256,MANAGE
Greystar Management,ParkProperty Capital,Austin,26 - Pershing,Trailhead,1120 Shady Lane,Austin,TX,78721,308,MANAGE
Greystar Management,High Street Residential,Austin,27 - Downtown - north,700 River,700 River Street,Austin,TX,78701,377,MANAGE
Greystar Management,MetLife Real Estate Investment,Austin,27 - Downtown - north,Ashton Austin,101 Colorado Street,Austin,TX,78701,259,MANAGE
Greystar Management,Turnbridge Equities,Austin,27 - Downtown - north,Crescent,127 East Riverside Drive,Austin,TX,78704,160,MANAGE
Greystar Management,Turnbridge Equities,Austin,27 - Downtown - north,"Lola South Congress, The",1221 South Congress Avenue,Austin,TX,78704,287,MANAGE
Greystar Management,Invesco Real Estate,Austin,27 - Downtown - north,Muse at SoCo,1007 South Congress Avenue,Austin,TX,78704,190,MANAGE
Greystar Management,American Realty Advisors,Austin,27 - Downtown - north,Northshore,110 San Antonio Street,Austin,TX,78701,439,MANAGE
Greystar Management,Karlin Real Estate,Austin,27 - Downtown - north,Railyard Austin,201 East 4th Street,Austin,TX,78701,112,MANAGE
Greystar Management,Greystar,Austin,27 - Downtown - north,SEVEN,615 West 7th Street,Austin,TX,78701,220,MANAGE
Greystar Management,Greystar,Austin,27 - Downtown - north,"Waller, The",1104 Sabine Street,Austin,TX,78701,388,MANAGE
Greystar Management,Greystar,Austin,28 - Downtown - south,1155 Barton Springs,1155 Barton Springs Road,Austin,TX,78704,74,MANAGE
Greystar Management,Endeavor Real Estate Group,Austin,28 - Downtown - south,422 at the Lake,422 West Riverside Drive,Austin,TX,78704,207,MANAGE
Greystar Management,Belkorp Holdings,Austin,28 - Downtown - south,Tree,3715 South 1st Street,Austin,TX,78704,335,MANAGE
Greystar Management,Trammell Crow Residential,Austin,29 - East Central Austin,Alexan Rivercrest,1301 Parker Lane,Austin,TX,78741,300,MANAGE
Greystar Management,Principal Real Estate Investors,Austin,29 - East Central Austin,Alexan Riverside,1400 Royal Crest Drive,Austin,TX,78741,313,MANAGE
Greystar Management,America's Real Estate & Facilities at Oracle,Austin,29 - East Central Austin,Azul Lakeshore,1201 Lady Bird Lane,Austin,TX,78741,295,MANAGE
Greystar Management,Cypress Real Estate Advisors,Austin,29 - East Central Austin,Crosstown,6507 East Riverside Drive,Austin,TX,78741,263,MANAGE
Greystar Management,America's Real Estate & Facilities at Oracle,Austin,29 - East Central Austin,Lakeshore Pearl,2223 Waterloo City Lane,Austin,TX,78741,230,MANAGE
Greystar Management,America's Real Estate & Facilities at Oracle,Austin,29 - East Central Austin,Lakeshore Pearl 2,2223 Waterloo City Lane,Austin,TX,78741,235,MANAGE
Greystar Management,Fortress Investment Group,Austin,29 - East Central Austin,Oltera in SoEast,4404 East Oltorf Street,Austin,TX,78741,308,MANAGE
Greystar Management,Franklin BSP Realty Trust - REO,Austin,29 - East Central Austin,"Patten West, The",2207 Wickersham Lane,Austin,TX,78741,249,MANAGE
Greystar Management,River City Capital Partners,Austin,29 - East Central Austin,Urban East,6400 East Riverside Drive,Austin,TX,78741,381,MANAGE
Greystar Management,River City Capital Partners,Austin,29 - East Central Austin,Urban East Phase II,6400 East Riverside Drive,Austin,TX,78741,137,MANAGE
Greystar Management,America's Real Estate & Facilities at Oracle,Austin,29 - East Central Austin,Waterloo Flats,1300 South Pleasant Valley Road,Austin,TX,78741,253,MANAGE
Greystar Management,Sterling Equities,Austin,29 - East Central Austin,"Zoey, The",5700 East Riverside Drive,Austin,TX,78741,306,MANAGE
Greystar Management,Greystar,Austin,30 - Pleasant Hill - west,Avana SoCo,401 Little Texas Lane,Austin,TX,78745,528,MANAGE
Greystar Management,"Therrien, Ronald P.",Austin,30 - Pleasant Hill - west,Ladera,7500 South Interstate Highway 35,Austin,TX,78745,308,MANAGE
Greystar Management,Cypress Real Estate Advisors,Austin,30 - Pleasant Hill - west,Prospect,122 Sheraton Avenue,Austin,TX,78745,255,MANAGE
Greystar Management,"Marcus Organization, The",Austin,30 - Pleasant Hill - west,SOFI at 6311,6311 South 1st Street,Austin,TX,78745,258,MANAGE
Greystar Management,IMPACT Developers,Austin,30 - Pleasant Hill - west,Trillium Terrace,6500 Manchaca Road,Austin,TX,78745,168,MANAGE
Greystar Management,Goldman Sachs & Company,Austin,31 - Oak Hill,Barton Creek Villas,2716 Barton Creek Blvd,Austin,TX,78735,250,MANAGE
Greystar Management,Abacus Capital Group,Austin,31 - Oak Hill,Estates at Bee Cave,3544 South FM 620 Road,Bee Cave,TX,78738,316,MANAGE
Greystar Management,OHT Partners,Austin,31 - Oak Hill,Landmark Conservancy,9301 Old Bee Caves Road,Austin,TX,78735,240,MANAGE
Greystar Management,"Therrien, Ronald P.",Austin,31 - Oak Hill,Lantana Hills,7601 Rialto Blvd,Austin,TX,78735,264,MANAGE
Greystar Management,Heitman,Austin,31 - Oak Hill,"Preserve at Travis Creek, The",5604 Southwest Pkwy,Austin,TX,78735,608,MANAGE
Greystar Management,Greystar,Austin,31 - Oak Hill,Sonora,8350 West US Highway 290,Austin,TX,78736,341,MANAGE
Greystar Management,Brandywine Realty Trust,Austin,32 - Sunset Valley,Alexan Garza Ranch,4009 Sabio Drive,Austin,TX,78749,370,MANAGE
Greystar Management,Greystar,Austin,32 - Sunset Valley,Big Valley,2115 Big Valley Drive,Manchaca,TX,78652,303,MANAGE
Greystar Management,Greystar,Austin,32 - Sunset Valley,Perch,7731 Menchaca Road,Austin,TX,78745,312,MANAGE
Greystar Management,Graham Development,Austin,33 - Pleasant Hill - east,Cadena at the Falls,5200 McKinney Falls Pkwy,Austin,TX,78744,290,MANAGE
Greystar Management,Endeavor Real Estate Group,Austin,33 - Pleasant Hill - east,Citizen House Bergstrom,7733 Burleson Road,Austin,TX,78744,414,MANAGE
Greystar Management,Madera Companies,Austin,33 - Pleasant Hill - east,Foxwood,6503 Bluff Springs Road,Austin,TX,78744,300,MANAGE
Greystar Management,TruAmerica Multifamily,Austin,33 - Pleasant Hill - east,Hillside on Cannon,2302 East William Cannon Drive,Austin,TX,78744,230,MANAGE
Greystar Management,Artisan American Corporation,Austin,33 - Pleasant Hill - east,Nexus at Goodnight Ranch,2001 East Slaughter Lane,Austin,TX,78747,294,MANAGE
Greystar Management,Wood Partners,Austin,34 - Daffan,Alta Wildhorse Ranch,10350 Blue Bluff Road,Austin,TX,78724,267,MANAGE
Greystar Management,W2 Real Estate Partners,Austin,34 - Daffan,Avelyn Manor,12221 Gregg Manor Road,Manor,TX,78653,264,MANAGE
Greystar Management,Endeavor Real Estate Group,Austin,34 - Daffan,Citizen House Blue Bluff,10346 Blue Bluff Road,Austin,TX,78724,354,MANAGE
Greystar Management,Endeavor Real Estate Group,Austin,34 - Daffan,Citizen House East Lake,12601 Citizen Way,Austin,TX,78724,360,MANAGE
Greystar Management,Endeavor Real Estate Group,Austin,34 - Daffan,Citizen House MLK,6117 FM 969,Austin,TX,78724,288,MANAGE
Greystar Management,Greystar,Austin,34 - Daffan,Laurel,2001 Ed Bluestein Blvd,Austin,TX,78721,300,MANAGE
Greystar Management,Greystar,Austin,34 - Daffan,"Prado, The",11701 Dionda Lane,Del Valle,TX,78617,396,MANAGE
Greystar Management,Alliance Residential Company,Austin,34 - Daffan,Prose Decker Lake,8701 Decker Lake Road,Austin,TX,78724,360,MANAGE
Greystar Management,Alliance Residential Company,Austin,34 - Daffan,Prose Manor,11925 Ring Drive,Manor,TX,78653,306,MANAGE
Greystar Management,Eaton Vance Real Estate Investment Group,Austin,35 - Elgin,Enclave Falcon Pointe,2132 Falcon Village Lane,Pflugerville,TX,78660,324,MANAGE
Greystar Management,Casey Development,Austin,35 - Elgin,Tacara at Weiss Ranch,4401 East Pflugerville Pkwy,Pflugerville,TX,78660,300,MANAGE
Greystar Management,Principal Real Estate Investors,Austin,37 - Dripping Springs,Anthem at Ledge Stone,383 Rocky Ridge Trail,Austin,TX,78737,292,MANAGE
Greystar Management,Clark Wilson Builder,Austin,37 - Dripping Springs,Jovie Belterra,167 Hargraves Drive,Austin,TX,78737,150,MANAGE
Greystar Management,Allen Harrison Company,Austin,37 - Dripping Springs,LOCAL Dripping Springs,1282 South Rob Shelton Blvd,Dripping Springs,TX,78620,172,MANAGE
Greystar Management,W2 Real Estate Partners,Austin,38 - San Marcos/Kyle,Avelyn San Marcos,702 Celebration Way,San Marcos,TX,78666,264,MANAGE
Greystar Management,Land Design Studio,Austin,38 - San Marcos/Kyle,Cheatham Street Flats,401 South Guadalupe Street,San Marcos,TX,78666,143,MANAGE
Greystar Management,Palladius Capital Management,Austin,38 - San Marcos/Kyle,"Chloe, The",3400 Kyle Crossing,Kyle,TX,78640,342,MANAGE
Greystar Management,CESM Real Estate,Austin,38 - San Marcos/Kyle,Emerson at Trace,618 El Rio Street,San Marcos,TX,78666,326,MANAGE
Greystar Management,Zekelman Industries,Austin,38 - San Marcos/Kyle,FLATZ 512,834 Cottonwood Pkwy,San Marcos,TX,78666,384,MANAGE
Greystar Management,Akelius Real Estate Management,Austin,38 - San Marcos/Kyle,Hays Park,828 Bebee Road,Kyle,TX,78640,309,MANAGE
Greystar Management,"Schenk, Jared",Austin,38 - San Marcos/Kyle,Hillside,1350 North LBJ Drive,San Marcos,TX,78666,476,MANAGE
Greystar Management,Greystar,Austin,38 - San Marcos/Kyle,"Local Downtown, The",210 North Edward Gary Street,San Marcos,TX,78666,96,MANAGE
Greystar Management,"Schenk, Jared",Austin,38 - San Marcos/Kyle,"Parlor, The",205 West San Antonio Street,San Marcos,TX,78666,264,MANAGE
Greystar Management,Alliance Residential Company,Austin,38 - San Marcos/Kyle,Prose Buda,1518 FM 2001,Buda,TX,78610,360,MANAGE
Greystar Management,Highpointe Communities,Austin,38 - San Marcos/Kyle,Sendero Trace,425 El Rio Street,San Marcos,TX,78666,399,MANAGE
Greystar Management,"Cohn, Scott H.",Austin,38 - San Marcos/Kyle,Treehouse,800 North Lyndon B. Johnson Drive,San Marcos,TX,78666,138,MANAGE
Greystar Management,Greystar,Austin,38 - San Marcos/Kyle,Uptown Square,1354 Thorpe Lane,San Marcos,TX,78666,316,MANAGE
Greystar Management,Wood Partners,Austin,39 - Bastrop,Alta Trails,945 Blakey Lane,Bastrop,TX,78602,342,MANAGE
Greystar Management,Broadshore Capital Partners,Baltimore,1 - Baltimore - Downtown,225 North Calvert Street,225 North Calvert Street,Baltimore,MD,21202,347,MANAGE
Greystar Management,Global Securitization Services,Baltimore,5 - Baltimore - South,Alta Federal Hill,1800 South Hanover Street,Baltimore,MD,21230,275,MANAGE
Greystar Management,Greystar,Baltimore,5 - Baltimore - South,"Frank, The",2500 Insulator Drive,Baltimore,MD,21230,420,MANAGE
Greystar Management,28Walker Development,Baltimore,5 - Baltimore - South,McHenry Row,1700 Whetstone Way,Baltimore,MD,21230,250,MANAGE
Greystar Management,28Walker Development,Baltimore,5 - Baltimore - South,Porter Street,1401 Porter Street,Baltimore,MD,21230,223,MANAGE
Greystar Management,Wood Partners,Baltimore,5 - Baltimore - South,"Quill by Alta, The",1900 South Hanover Street,Baltimore,MD,21230,270,MANAGE
Greystar Management,Eaton Vance Real Estate Investment Group,Baltimore,8 - Baltimore - Fells Point,"Crescent at Fells Point, The",951 Fell Street,Baltimore,MD,21231,252,MANAGE
Greystar Management,Greystar,Baltimore,10 - Baltimore - Brewers Hill,"Lucie, The",3850 Boston Street,Baltimore,MD,21224,500,MANAGE
Greystar Management,CBRE Investment Management,Baltimore,10 - Baltimore - Brewers Hill,"Porter Brewers Hill, The",3700 Toone Street,Baltimore,MD,21224,440,MANAGE
Greystar Management,TruAmerica Multifamily,Baltimore,32 - Nottingham,Southfield,4335 Bedrock Circle,Nottingham,MD,21236,212,MANAGE
Greystar Management,Kaplan Companies,Baltimore,34 - Towson - Northeast,Flats at 703,703 Washington Avenue,Towson,MD,21204,105,MANAGE
Greystar Management,TruAmerica Multifamily,Baltimore,42 - Owings Mills,Arbor Ridge,9204 Appleford Circle,Owings Mills,MD,21117,348,MANAGE
Greystar Management,Greystar,Baltimore,42 - Owings Mills,Avana Red Run,4300 Flint Hill Drive,Owings Mills,MD,21117,520,MANAGE
Greystar Management,TruAmerica Multifamily,Baltimore,42 - Owings Mills,Lakeside Mill,100 Chase Mill Circle,Owings Mills,MD,21117,192,MANAGE
Greystar Management,Aventon Companies,Baltimore,48 - Annapolis,Aventon Annapolis,2553 Riva Road,Annapolis,MD,21401,250,MANAGE
Greystar Management,TruAmerica Multifamily,Baltimore,48 - Annapolis,Bayshore Landing,988 Spa Road,Annapolis,MD,21403,158,MANAGE
Greystar Management,Corten Real Estate Partners,Baltimore,48 - Annapolis,"Gardens of Annapolis, The",931 Edgewood Road,Annapolis,MD,21403,106,MANAGE
Greystar Management,QuadReal,Baltimore,48 - Annapolis,Maris,2445 Holly Avenue,Annapolis,MD,21401,293,MANAGE
Greystar Management,Security Development,Baltimore,51 - Elkridge,62 Eleven,6211 Greenfield Road,Elkridge,MD,21075,186,MANAGE
Greystar Management,Security Development,Baltimore,52 - Ellicott City,Kaiser Park at Ellicott City,8120 Randolph Way,Ellicott City,MD,21043,211,MANAGE
Greystar Management,Security Development,Baltimore,52 - Ellicott City,Orchard Park,3113 Pine Orchard Lane,Ellicott City,MD,21042,271,MANAGE
Greystar Management,TruAmerica Multifamily,Baltimore,52 - Ellicott City,Sherwood Crossing,6731 Old Waterloo Road,Elkridge,MD,21075,634,MANAGE
Greystar Management,Wood Partners,Baltimore,52 - Ellicott City,"Wexley at 100, The",6081 Otterbein Lane,Ellicott City,MD,21043,394,MANAGE
Greystar Management,Laramar Group,Baltimore,53 - Laurel,"Crossings at Russett, The",8500 Summit View Road,Laurel,MD,20724,426,MANAGE
Greystar Management,"Howard Hughes Corporation, The",Baltimore,54 - Columbia,Juniper,6000 Merriweather Drive,Columbia,MD,21044,382,MANAGE
Greystar Management,"Howard Hughes Corporation, The",Baltimore,54 - Columbia,Marlow,6200 Valencia Lane,Columbia,MD,21044,472,MANAGE
Greystar Management,"Wyss, Amy E.",Baltimore,54 - Columbia,Paragon at Columbia Overlook,8151 Robinson Jefferson Drive,Elkridge,MD,21075,320,MANAGE
Greystar Management,Wood Partners,Baltimore,64 - Frederick - North,"Park at Walnut Ridge Phase II, The",2001 Wood Hollow Place,Frederick,MD,21702,100,MANAGE
Greystar Management,Wood Partners,Baltimore,64 - Frederick - North,"Park at Walnut Ridge, The",2001 Wood Hollow Place,Frederick,MD,21702,204,MANAGE
Greystar Management,"Witter, Phillips C.",Baton Rouge,3 - Mid City South,Paramount at Cedar Lodge,6929 Commerce Circle,Baton Rouge,LA,70809,286,MANAGE
Greystar Management,TWG Development,Baton Rouge,4 - Baton Rouge - South,Bend on Bluebonnet,10231 Bluebonnet Blvd,Baton Rouge,LA,70810,301,MANAGE
Greystar Management,ASB Capital Management,Baton Rouge,5 - Highlands-Perkins,Blu on the Boulevard,8008 Bluebonnet Blvd,Baton Rouge,LA,70810,352,MANAGE
Greystar Management,Griffin Capital,Baton Rouge,13 - Gonzales,"Oaks at Riverbend, The",609 St. Francis Pkwy,Gonzales,LA,70737,299,MANAGE
Greystar Management,Goldrich & Kest,Bay Area - East Bay,1 - Richmond,El Portal Gardens,14041 San Pablo Avenue,San Pablo,CA,94806,81,MANAGE
Greystar Management,Catalyst Housing Group,Bay Area - East Bay,1 - Richmond,"Exchange, The",2525 Bayfront Blvd,Hercules,CA,94547,172,MANAGE
Greystar Management,Goldrich & Kest,Bay Area - East Bay,1 - Richmond,Rumrill Gardens,1300 Rumrill Blvd,San Pablo,CA,94806,60,MANAGE
Greystar Management,Menlo Capital Group,Bay Area - East Bay,1 - Richmond,Westridge at Hilltop,2490 Lancaster Drive,Richmond,CA,94806,480,MANAGE
Greystar Management,Goldrich & Kest,Bay Area - East Bay,2 - Pleasant Hill / Martinez,100 Boyd,100 Boyd Road,Pleasant Hill,CA,94523,102,MANAGE
Greystar Management,Braddock & Logan,Bay Area - East Bay,2 - Pleasant Hill / Martinez,Brookside,501 Ryan Drive,Pleasant Hill,CA,94523,144,MANAGE
Greystar Management,Goldrich & Kest,Bay Area - East Bay,2 - Pleasant Hill / Martinez,Martinez Hillside,90 F Street,Martinez,CA,94553,98,MANAGE
Greystar Management,Braddock & Logan,Bay Area - East Bay,2 - Pleasant Hill / Martinez,Mission Pines,3600 Pine Street,Martinez,CA,94553,62,MANAGE
Greystar Management,Braddock & Logan,Bay Area - East Bay,2 - Pleasant Hill / Martinez,Vista Oaks,3883 Vista Oaks Drive,Martinez,CA,94553,108,MANAGE
Greystar Management,California Statewide Communities Development Authority,Bay Area - East Bay,2 - Pleasant Hill / Martinez,Wood Creek,637 Stonebridge Way,Pleasant Hill,CA,94523,482,MANAGE
Greystar Management,Goldrich & Kest,Bay Area - East Bay,3 - Concord,Clayton Gardens,4220 Clayton Road,Concord,CA,94521,131,MANAGE
Greystar Management,Braddock & Logan,Bay Area - East Bay,3 - Concord,Lime Ridge,3278 Tioga Road,Concord,CA,94518,70,MANAGE
Greystar Management,Tekin & Associates,Bay Area - East Bay,4 - Antioch / Oakley,"Blossoms at Brentwood, The",2255 Amber Lane,Brentwood,CA,94513,288,MANAGE
Greystar Management,Catalyst Housing Group,Bay Area - East Bay,4 - Antioch / Oakley,Mira Vista Hills,2201 San Jose Drive,Antioch,CA,94509,280,MANAGE
Greystar Management,Raintree Partners,Bay Area - East Bay,5 - Berkeley,1122U,1122 University Avenue,Berkeley,CA,94702,84,MANAGE
Greystar Management,Read Investments,Bay Area - East Bay,5 - Berkeley,Aquatic Ashby,3015 San Pablo Avenue,Berkeley,CA,94702,78,MANAGE
Greystar Management,Read Investments,Bay Area - East Bay,5 - Berkeley,Aquatic Fourth Street,2010 5th Street,Berkeley,CA,94710,258,MANAGE
Greystar Management,Read Investments,Bay Area - East Bay,5 - Berkeley,Aquatic Higby,3015 San Pablo Avenue,Berkeley,CA,94702,98,MANAGE
Greystar Management,Regents of the University of California,Bay Area - East Bay,5 - Berkeley,"Durant, The",2631 Durant Avenue,Berkeley,CA,94704,56,MANAGE
Greystar Management,Riaz Capital,Bay Area - East Bay,5 - Berkeley,"Dwight, The",2121 Dwight Way,Berkeley,CA,94704,99,MANAGE
Greystar Management,Greystar,Bay Area - East Bay,5 - Berkeley,Hillside Village,1801 Shattuck Avenue,Berkeley,CA,94709,94,MANAGE
Greystar Management,RREEF Property Trust,Bay Area - East Bay,5 - Berkeley,Parker,2038 Parker Street,Berkeley,CA,94704,155,MANAGE
Greystar Management,Raintree Partners,Bay Area - East Bay,6 - Walnut Creek / Lafayette,Oak & Iron,114 Sharene Lane,Walnut Creek,CA,94596,176,MANAGE
Greystar Management,TA Realty,Bay Area - East Bay,6 - Walnut Creek / Lafayette,"Overlook at Walnut Creek, The",3050 Del Hombre,Walnut Creek,CA,94597,285,MANAGE
Greystar Management,Northwestern Mutual Real Estate,Bay Area - East Bay,6 - Walnut Creek / Lafayette,Vaya,1800 Lacassie Avenue,Walnut Creek,CA,94596,178,MANAGE
Greystar Management,Tarigo,Bay Area - East Bay,6 - Walnut Creek / Lafayette,"Windsor, The",2383 North Main Street,Walnut Creek,CA,94596,125,MANAGE
Greystar Management,Braddock & Logan,Bay Area - East Bay,6 - Walnut Creek / Lafayette,Ygnacio Village,1295 Homestead Avenue,Walnut Creek,CA,94598,56,MANAGE
Greystar Management,UBS Realty Investors,Bay Area - East Bay,7 - San Ramon - West / Danville,Canyon Woods,401 Canyon Woods Place,San Ramon,CA,94582,192,MANAGE
Greystar Management,Wood Partners,Bay Area - East Bay,9 - East Oakland/Oakland Hills,Alta Waverly,2302 Valdez Street,Oakland,CA,94612,196,MANAGE
Greystar Management,Lowe Enterprises,Bay Area - East Bay,9 - East Oakland/Oakland Hills,Assembly,260 30th Street,Oakland,CA,94611,127,MANAGE
Greystar Management,"Wang, Grace L.",Bay Area - East Bay,9 - East Oakland/Oakland Hills,Baxter on Broadway,4901 Broadway,Oakland,CA,94611,130,MANAGE
Greystar Management,Carmel Partners,Bay Area - East Bay,10 - Downtown Oakland,Atlas,385 14th Street,Oakland,CA,94612,633,MANAGE
Greystar Management,Carmel Partners,Bay Area - East Bay,10 - Downtown Oakland,Fourth Street East,150 4th Street,Oakland,CA,94607,330,MANAGE
Greystar Management,Global Asset Capital,Bay Area - East Bay,10 - Downtown Oakland,Lantana Uptown,625 16th Street,Oakland,CA,94612,140,MANAGE
Greystar Management,Carmel Partners,Bay Area - East Bay,11 - Alameda,Admirals Cove,250 Mosley Avenue,Alameda,CA,94501,150,MANAGE
Greystar Management,PGIM Real Estate,Bay Area - East Bay,11 - Alameda,Launch,1777 Clement Avenue,Alameda,CA,94501,368,MANAGE
Greystar Management,Catalyst Housing Group,Bay Area - East Bay,14 - Hayward,Creekwood,22294 City Center Drive,Hayward,CA,94541,309,MANAGE
Greystar Management,Intercontinental Real Estate,Bay Area - East Bay,14 - Hayward,"Dutton, The",25800 Industrial Blvd,Hayward,CA,94545,544,MANAGE
Greystar Management,Greystar,Bay Area - East Bay,16 - Pleasanton,Avana Stoneridge,5505 Springhouse Drive,Pleasanton,CA,94588,353,MANAGE
Greystar Management,Braddock & Logan,Bay Area - East Bay,16 - Pleasanton,Civic Square,4800 Bernal Avenue,Pleasanton,CA,94566,298,MANAGE
Greystar Management,California Statewide Communities Development Authority,Bay Area - East Bay,17 - Dublin,Waterford Place,4800 Tassajara Road,Dublin,CA,94568,390,MANAGE
Greystar Management,Catalyst Housing Group,Bay Area - East Bay,18 - Livermore,"Arbors, The",3550 Pacific Avenue,Livermore,CA,94550,162,MANAGE
Greystar Management,Braddock & Logan,Bay Area - East Bay,18 - Livermore,Autumn Springs,1700 Paseo Laguna Seco,Livermore,CA,94551,200,MANAGE
Greystar Management,Goldrich & Kest,Bay Area - East Bay,18 - Livermore,Livermore Gardens,5720 East Avenue,Livermore,CA,94550,96,MANAGE
Greystar Management,Carmel Partners,Bay Area - East Bay,20 - East Fremont,"Asher, The",1031 Walnut Avenue,Fremont,CA,94536,632,MANAGE
Greystar Management,Harbert Management Corporation,Bay Area - East Bay,20 - East Fremont,Koda on Fremont,39867 Fremont Blvd,Fremont,CA,94538,122,MANAGE
Greystar Management,MIG Real Estate,Bay Area - East Bay,20 - East Fremont,"Tolman, The",39176 Fremont Blvd,Fremont,CA,94538,248,MANAGE
Greystar Management,Casa Major,Bay Area - East Bay,22 - Vallejo / Benicia,Harbor Park,961 Porter Street,Vallejo,CA,94590,182,MANAGE
Greystar Management,Casa Major,Bay Area - East Bay,22 - Vallejo / Benicia,Harbor Park Phase II,961 Porter Street,Vallejo,CA,94590,122,MANAGE
Greystar Management,"Lee, Shiuh K.",Bay Area - East Bay,22 - Vallejo / Benicia,Sundance,60 Rotary Way,Vallejo,CA,94591,396,MANAGE
Greystar Management,California Statewide Communities Development Authority,Bay Area - East Bay,23 - Fairfield,Park Crossing,2100 West Texas Street,Fairfield,CA,94533,200,MANAGE
Greystar Management,California Statewide Communities Development Authority,Bay Area - East Bay,23 - Fairfield,Waterscape,3001 North Texas Street,Fairfield,CA,94533,180,MANAGE
Greystar Management,Braddock & Logan,Bay Area - East Bay,24 - Vacaville,Morgan Park,3500 Harbison Drive,Vacaville,CA,95687,148,MANAGE
Greystar Management,Resmark Equity Partners,Bay Area - East Bay,24 - Vacaville,Sierra Vista,448 Denton Street,Vacaville,CA,95687,162,MANAGE
Greystar Management,Braddock & Logan,Bay Area - East Bay,25 - San Ramon - East,Villas at Monterosso,1000 Casablanca Terrace,Danville,CA,94506,96,MANAGE
Greystar Management,Goldrich & Kest,Bay Area - South Bay,1 - Central San Jose,Colonnade,201 South 4th Street,San Jose,CA,95112,221,MANAGE
Greystar Management,LandForge,Bay Area - South Bay,1 - Central San Jose,Exhibit,525 North 7th Street,San Jose,CA,95112,97,MANAGE
Greystar Management,Tilden Properties,Bay Area - South Bay,1 - Central San Jose,Foundry Commons,868 South 5th Street,San Jose,CA,95112,238,MANAGE
Greystar Management,Lakevision Capital,Bay Area - South Bay,1 - Central San Jose,One South Market,1 South Market Street,San Jose,CA,95113,312,MANAGE
Greystar Management,Carmel Partners,Bay Area - South Bay,1 - Central San Jose,"Ryden, The",138 Balbach Street,San Jose,CA,95110,101,MANAGE
Greystar Management,Prospect Ridge,Bay Area - South Bay,2 - East San Jose,LINQ,1700 Newbury Park Drive,San Jose,CA,95133,230,MANAGE
Greystar Management,Braddock & Logan,Bay Area - South Bay,2 - East San Jose,San Marino,2175 Aborn Road,San Jose,CA,95121,248,MANAGE
Greystar Management,Greystar,Bay Area - South Bay,3 - South San Jose,Avana San Jose,995 Tully Road,San Jose,CA,95122,220,MANAGE
Greystar Management,Greystar,Bay Area - South Bay,4 - Far South San Jose,Avana Almaden,1070 Foxchase Drive,San Jose,CA,95123,396,MANAGE
Greystar Management,Goldrich & Kest,Bay Area - South Bay,4 - Far South San Jose,Blossom Hill,5480 Lean Avenue,San Jose,CA,95123,201,MANAGE
Greystar Management,Goldrich & Kest,Bay Area - South Bay,4 - Far South San Jose,San Jose Greens,2405 Woodard Road,San Jose,CA,95124,79,MANAGE
Greystar Management,Goldrich & Kest,Bay Area - South Bay,4 - Far South San Jose,Santa Teresa,6254 Santa Teresa Blvd,San Jose,CA,95119,176,MANAGE
Greystar Management,Goldrich & Kest,Bay Area - South Bay,4 - Far South San Jose,Village Green,5404 Drysdale Drive,San Jose,CA,95124,97,MANAGE
Greystar Management,"Sobrato Organization, The",Bay Area - South Bay,5 - Central San Jose West,Elements,1201 Parkmoor Avenue,San Jose,CA,95126,243,MANAGE
Greystar Management,Jonathan Rose Companies,Bay Area - South Bay,5 - Central San Jose West,"Grove, The",1919 Fruitdale Avenue,San Jose,CA,95128,331,MANAGE
Greystar Management,Bay West Development,Bay Area - South Bay,5 - Central San Jose West,Maxwell at Bascom,1350 South Bascom Avenue,San Jose,CA,95128,590,MANAGE
Greystar Management,"Sobrato Organization, The",Bay Area - South Bay,5 - Central San Jose West,Mosaic,500 Race Street,San Jose,CA,95126,386,MANAGE
Greystar Management,Lakevision Capital,Bay Area - South Bay,5 - Central San Jose West,Museum Park,465 West San Carlos Street,San Jose,CA,95110,117,MANAGE
Greystar Management,"Sobrato Organization, The",Bay Area - South Bay,5 - Central San Jose West,"Standard, The",515 Lincoln Avenue,San Jose,CA,95126,190,MANAGE
Greystar Management,Zurich Alternative Asset Management,Bay Area - South Bay,6 - North San Jose,121 Tasman Apartment Homes,121 East Tasman Drive,San Jose,CA,95134,174,MANAGE
Greystar Management,"Valani, Badru",Bay Area - South Bay,7 - Milpitas,Lantana at Milpitas Station,1675 South Milpitas Blvd,Milpitas,CA,95035,216,MANAGE
Greystar Management,Raintree Partners,Bay Area - South Bay,9 - West San Jose,"Franciscan,The",601 Almarida Drive,Campbell,CA,95008,180,MANAGE
Greystar Management,"Sobrato Organization, The",Bay Area - South Bay,9 - West San Jose,La Terraza,470 Saratoga Avenue,San Jose,CA,95129,258,MANAGE
Greystar Management,Hines Interests,Bay Area - South Bay,9 - West San Jose,Levare,3003 Olin Avenue,San Jose,CA,95128,108,MANAGE
Greystar Management,Greystar,Bay Area - South Bay,9 - West San Jose,Lynhaven,919 South Winchester Blvd,San Jose,CA,95128,636,MANAGE
Greystar Management,Federal Realty Investment Trust,Bay Area - South Bay,9 - West San Jose,Misora Santana Row,388 Santana Row,San Jose,CA,95128,212,MANAGE
Greystar Management,Goldrich & Kest,Bay Area - South Bay,9 - West San Jose,San Jose Gardens,4668 Albany Drive,San Jose,CA,95129,176,MANAGE
Greystar Management,Federal Realty Investment Trust,Bay Area - South Bay,9 - West San Jose,Santana Heights,367 Santana Row,San Jose,CA,95128,295,MANAGE
Greystar Management,Goldrich & Kest,Bay Area - South Bay,10 - Santa Clara,Civic Plaza,1495 Don Avenue,Santa Clara,CA,95050,111,MANAGE
Greystar Management,Related Companies,Bay Area - South Bay,10 - Santa Clara,"Clara, The",5150 Calle Del Sol,Santa Clara,CA,95054,508,MANAGE
Greystar Management,"Sobrato Organization, The",Bay Area - South Bay,10 - Santa Clara,Domicilio,431 El Camino Real,Santa Clara,CA,95050,306,MANAGE
Greystar Management,Goldrich & Kest,Bay Area - South Bay,10 - Santa Clara,Lawrence Road,3555 Warburton Avenue,Santa Clara,CA,95051,86,MANAGE
Greystar Management,Greystar,Bay Area - South Bay,10 - Santa Clara,Passero,2230 Calle Del Mundo,Santa Clara,CA,95054,371,MANAGE
Greystar Management,SummerHill Apartment Communities,Bay Area - South Bay,12 - Sunnyvale,481 on Mathilda,481 South Mathilda Avenue,Sunnyvale,CA,94086,105,MANAGE
Greystar Management,Greystar,Bay Area - South Bay,12 - Sunnyvale,Avana Sunnyvale,355 North Wolfe Road,Sunnyvale,CA,94085,192,MANAGE
Greystar Management,Raintree Partners,Bay Area - South Bay,12 - Sunnyvale,Encasa,550 East Weddell Drive,Sunnyvale,CA,94089,465,MANAGE
Greystar Management,Oakwood Worldwide,Bay Area - South Bay,12 - Sunnyvale,mResidences Silicon Valley,870 East El Camino Real,Sunnyvale,CA,94087,184,MANAGE
Greystar Management,"Sobrato Organization, The",Bay Area - South Bay,12 - Sunnyvale,NAYA,1095 West El Camino Real,Sunnyvale,CA,94087,156,MANAGE
Greystar Management,Alliance Residential Company,Bay Area - South Bay,12 - Sunnyvale,Prado,3560 Rambla Place,Santa Clara,CA,95051,251,MANAGE
Greystar Management,Greystar,Bay Area - South Bay,12 - Sunnyvale,Savoy,1120 Kifer Road,Sunnyvale,CA,94086,520,MANAGE
Greystar Management,SummerHill Apartment Communities,Bay Area - South Bay,12 - Sunnyvale,Sofia,3580 Rambla Place,Santa Clara,CA,95051,287,MANAGE
Greystar Management,"Sobrato Organization, The",Bay Area - South Bay,12 - Sunnyvale,Tamarind Square,1160 Morse Avenue,Sunnyvale,CA,94089,123,MANAGE
Greystar Management,"Sobrato Organization, The",Bay Area - South Bay,13 - Mountain View - Los Altos,Central Park at Whisman Station,100 North Whisman Road,Mountain View,CA,94043,354,MANAGE
Greystar Management,Greystar,Bay Area - South Bay,13 - Mountain View - Los Altos,Landsby,100 Aspen Way,Mountain View,CA,94040,632,MANAGE
Greystar Management,Oakwood Worldwide,Bay Area - South Bay,13 - Mountain View - Los Altos,mResidences Mountain View,881 East El Camino Real,Mountain View,CA,94040,150,MANAGE
Greystar Management,"Kalcic, Paul",Bay Area - South Bay,13 - Mountain View - Los Altos,Revela,200 Infinity Way,Mountain View,CA,94043,394,MANAGE
Greystar Management,"Sobrato Organization, The",Bay Area - South Bay,13 - Mountain View - Los Altos,Rowe at Pear Village,1265 Pear Avenue,Mountain View,CA,94043,220,MANAGE
Greystar Management,Miramar Capital,Bay Area - South Bay,13 - Mountain View - Los Altos,"Sevens, The",777 West Middlefield Road,Mountain View,CA,94043,716,MANAGE
Greystar Management,Goldrich & Kest,Bay Area - South Bay,14 - Palo Alto - Stanford,Terman,4230 Terman Drive,Palo Alto,CA,94306,92,MANAGE
Greystar Management,"Sobrato Organization, The",Bay Area - South Bay,15 - Los Gatos - Saratoga,Aventino,200 Winchester Circle,Los Gatos,CA,95032,290,MANAGE
Greystar Management,Braddock & Logan,Bay Area - South Bay,19 - Morgan Hill,Monte Vista at Morgan Hill,16945 Del Monte Avenue,Morgan Hill,CA,95037,138,MANAGE
Greystar Management,MBK Real Estate,Bay Area - South Bay,19 - Morgan Hill,Vida at Morgan Hill,18303 Alpera Lane,Morgan Hill,CA,95037,389,MANAGE
Greystar Management,Greystar,Birmingham,6 - South Birmingham - Hoover - north,Overture Tributary,3171 Highway 280,Birmingham,AL,35243,173,MANAGE
Greystar Management,Greystar,Birmingham,26 - Tuscaloosa - central,Union on Frank,530 Frank Thomas Avenue,Tuscaloosa,AL,35401,238,MANAGE
Greystar Management,Greystar,Birmingham,26 - Tuscaloosa - central,Union Tuscaloosa,1214 Paul W Bryant Drive,Tuscaloosa,AL,35401,132,MANAGE
Greystar Management,JMC Management Consultants,Boise,3 - Boise - Southeast,Logger Creek at Parkcenter,332 West Hale Street,Boise,ID,83706,112,MANAGE
Greystar Management,Kennedy Wilson,Boise,3 - Boise - Southeast,Reedhouse,1671 South Riverstone Lane,Boise,ID,83706,188,MANAGE
Greystar Management,Kennedy Wilson,Boise,7 - Garden City,Whitewater Park,365 North Whitewater Blvd,Boise,ID,83702,324,MANAGE
Greystar Management,Kennedy Wilson,Boise,11 - West Bench,Rosewood,930 North Maple Grove Road,Boise,ID,83704,234,MANAGE
Greystar Management,Kennedy Wilson,Boise,14 - Meridian,"Lofts at Ten Mile, The",2940 West Cobalt Drive,Meridian,ID,83642,240,MANAGE
Greystar Management,Kennedy Wilson,Boise,14 - Meridian,Pennwood,303 West Pennwood Street,Meridian,ID,83642,180,MANAGE
Greystar Management,Cross Lake Partners,Boise,15 - Ada,Amazon Falls,7850 West Amazon Drive,Eagle,ID,83616,184,MANAGE
Greystar Management,Kennedy Wilson,Boise,15 - Ada,River Pointe,6200 North River Pointe Drive,Boise,ID,83714,293,MANAGE
Greystar Management,DeBartolo Development,Boise,18 - Caldwell,"Jaxon, The",401 Canyon Village Lane,Caldwell,ID,83607,316,MANAGE
Greystar Management,Carmel Partners,Boston,1 - Boston - Downtown,Luka on the Common,45 Stuart Street,Boston,MA,2116,398,MANAGE
Greystar Management,Pacific Life Insurance Company,Boston,1 - Boston - Downtown,Radian Boston,120 Kingston Street,Boston,MA,2111,240,MANAGE
Greystar Management,National Real Estate Advisors,Boston,2 - North End - Charlestown,"Sudbury, The",100 Sudbury Street,Boston,MA,2114,368,MANAGE
Greystar Management,Greystar,Boston,2 - North End - Charlestown,Zinc,22 Water Street,Cambridge,MA,2141,392,MANAGE
Greystar Management,Greystar,Boston,3 - South End,212 Stuart Street,212 Stuart Street,Boston,MA,2116,126,MANAGE
Greystar Management,BlackRock,Boston,3 - South End,James and Harrison Court,45 East Newton Street,Boston,MA,2118,207,MANAGE
Greystar Management,Oxford Properties Group,Boston,3 - South End,Serenity,101 South Huntington Avenue,Boston,MA,2130,195,MANAGE
Greystar Management,Leggat McCall Properties,Boston,3 - South End,"Smith South End Phase II, The",89 East Dedham Street,Boston,MA,2118,304,MANAGE
Greystar Management,Leggat McCall Properties,Boston,3 - South End,"Smith South End, The",89 East Dedham Street,Boston,MA,2118,300,MANAGE
Greystar Management,Cottonwood Management,Boston,4 - South Boston,"Alyx at EchelonSeaport, The",131 Seaport Blvd,Boston,MA,2210,270,MANAGE
Greystar Management,Eaton Vance Real Estate Investment Group,Boston,4 - South Boston,Flats on D,411 D Street,Boston,MA,2210,197,MANAGE
Greystar Management,Kohlberg Kravis Roberts & Company,Boston,4 - South Boston,"Metlo, The",399 Congress Street,Boston,MA,2210,414,MANAGE
Greystar Management,Clarion Partners,Boston,4 - South Boston,Watermark Seaport,85 Seaport Blvd,Boston,MA,2210,346,MANAGE
Greystar Management,Meredith Management,Boston,5 - Fenway Kenmore,Bower,771 Beacon Street,Boston,MA,2215,312,MANAGE
Greystar Management,PSP Partners,Boston,7 - Mid Dorchester,"Andi, The",4 Lucy Street,Boston,MA,2125,475,MANAGE
Greystar Management,Rockpoint Group,Boston,11 - East Boston - Chelsea,500 Ocean Avenue,500 Ocean Avenue,Revere,MA,2151,305,MANAGE
Greystar Management,Redgate,Boston,11 - East Boston - Chelsea,Addison,144 Addison Street,East Boston,MA,2128,230,MANAGE
Greystar Management,Greystar,Boston,11 - East Boston - Chelsea,Anthem Everett,484 2nd Street,Everett,MA,2149,450,MANAGE
Greystar Management,Goldman Sachs & Company,Boston,11 - East Boston - Chelsea,Boston East,126 Border Street,Boston,MA,2128,200,MANAGE
Greystar Management,Tishman Speyer,Boston,11 - East Boston - Chelsea,"Eddy, The",10 New Street,Boston,MA,2128,259,MANAGE
Greystar Management,Invictus Real Estate Partners,Boston,11 - East Boston - Chelsea,"Eliot on Ocean, The",660 Ocean Avenue,Revere,MA,2151,194,MANAGE
Greystar Management,Redgate Real Estate Advisors,Boston,11 - East Boston - Chelsea,Gibson Point,1 Gibson Way,Revere,MA,2151,291,MANAGE
Greystar Management,Greystar,Boston,11 - East Boston - Chelsea,Jade,202 Mill Road,Everett,MA,2149,325,MANAGE
Greystar Management,Greystar,Boston,11 - East Boston - Chelsea,Juniper,201 Mill Road,Everett,MA,2149,416,MANAGE
Greystar Management,Greystar,Boston,11 - East Boston - Chelsea,Mason,101 Mill Road,Everett,MA,2149,330,MANAGE
Greystar Management,Greystar,Boston,11 - East Boston - Chelsea,Maxwell,102 Mill Road,Everett,MA,2149,384,MANAGE
Greystar Management,Greystar,Boston,11 - East Boston - Chelsea,Ocean 650,650 Ocean Avenue,Revere,MA,2151,230,MANAGE
Greystar Management,Redgate,Boston,11 - East Boston - Chelsea,One Beachmont,205 Revere Beach Pkwy,Revere,MA,2151,195,MANAGE
Greystar Management,Redgate,Boston,11 - East Boston - Chelsea,One North of Boston,100 Heard Street,Chelsea,MA,2150,452,MANAGE
Greystar Management,TA Realty,Boston,11 - East Boston - Chelsea,"Robinson, The",656 Ocean Avenue,Revere,MA,2151,230,MANAGE
Greystar Management,Invesco Real Estate,Boston,11 - East Boston - Chelsea,Ryder,21 Revere Beach Blvd,Revere,MA,2151,200,MANAGE
Greystar Management,Twining Properties,Boston,12 - Cambridge - South,Market Central,425 Massachusetts Avenue,Cambridge,MA,2139,308,MANAGE
Greystar Management,AEW Capital Management,Boston,13 - Cambridge - North,Atmark,80 Fawcett Street,Cambridge,MA,2138,428,MANAGE
Greystar Management,Goldman Sachs & Company,Boston,13 - Cambridge - North,Urbane at Alewife,50 Cambridgepark Drive,Cambridge,MA,2140,294,MANAGE
Greystar Management,Criterion Development,Boston,14 - Somerville,Arris,10 Inner Belt Road,Somerville,MA,2143,205,MANAGE
Greystar Management,Federal Realty Investment Trust,Boston,14 - Somerville,Miscela,485 Foley Street,Somerville,MA,2145,500,MANAGE
Greystar Management,Federal Realty Investment Trust,Boston,14 - Somerville,Montaje,449 Canal Street,Somerville,MA,2145,447,MANAGE
Greystar Management,SMC Management,Boston,15 - Brighton,1550 on the Charles,1550 Soldiers Field Road,Boston,MA,2135,210,MANAGE
Greystar Management,Tishman Speyer,Boston,15 - Brighton,Harvard University Enterprise Research Campus Phase II,100 Western Avenue,Allston,MA,2134,50,MANAGE
Greystar Management,"Davis Companies, The",Boston,15 - Brighton,Hew at 1515,1525 Commonwealth Avenue,Brighton,MA,2135,150,MANAGE
Greystar Management,John Hancock,Boston,15 - Brighton,Lantera at Boston Landing,125 Guest Street,Boston,MA,2135,295,MANAGE
Greystar Management,Tishman Speyer,Boston,15 - Brighton,Verra,50 Western Avenue,Boston,MA,2134,343,MANAGE
Greystar Management,Greystar,Boston,16 - Malden,Avana Cliffside,500 Broadway,Malden,MA,2148,295,MANAGE
Greystar Management,Corebridge Real Estate Investors,Boston,16 - Malden,RE150,150 Rivers Edge Drive,Medford,MA,2155,282,MANAGE
Greystar Management,Greystar,Boston,16 - Malden,"Washingtons, The",2 Washington Street,Melrose,MA,2176,182,MANAGE
Greystar Management,"Green Cities Company, The",Boston,17 - Lynn,Caldwell,34 Munroe Street,Lynn,MA,1901,259,MANAGE
Greystar Management,Groma,Boston,17 - Lynn,Mosaic,75 Baldwin Street,Lynn,MA,1902,146,MANAGE
Greystar Management,Post Road Residential,Boston,17 - Lynn,"Shipwright, The",1 Hanson Street,Lynn,MA,1905,320,MANAGE
Greystar Management,Wood Partners,Boston,18 - Reading,Alta Clara at the Fells,21 Executive Drive,Stoneham,MA,2180,261,MANAGE
Greystar Management,Greystar,Boston,18 - Reading,Everly,14 Audubon Road,Wakefield,MA,1880,186,MANAGE
Greystar Management,Alliance Residential Company,Boston,20 - Lakeview,"305, The",305 Winter Street,Waltham,MA,2451,314,MANAGE
Greystar Management,Jefferson Apartment Group,Boston,20 - Lakeview,Arlington 360,4105 Symmes Circle,Arlington,MA,2474,164,MANAGE
Greystar Management,BlackRock,Boston,20 - Lakeview,"Prescott at Concord, The",1 Nathan Pratt Drive,Concord,MA,1742,350,MANAGE
Greystar Management,SEB Housing,Boston,20 - Lakeview,"Sanctuary at Winchester West, The",416 Cambridge Street,Winchester,MA,1890,96,MANAGE
Greystar Management,Greystar,Boston,21 - Waltham,Elan Union Market,130 Arsenal Street,Watertown,MA,2472,282,MANAGE
Greystar Management,Greystar,Boston,22 - Newton,110 West Street,110 West Street,Needham,MA,2494,189,MANAGE
Greystar Management,Rockwood Capital,Boston,23 - Dedham,"Avens at Dedham Station, The",250 Station Circle,Dedham,MA,2026,285,MANAGE
Greystar Management,RREEF Property Trust,Boston,23 - Dedham,Jefferson at Dedham Station Apartment Homes,1000 Presidents Way,Dedham,MA,2026,300,MANAGE
Greystar Management,"Green Cities Company, The",Boston,24 - Quincy,Alister Deco,625 Thomas E. Burgin Pkwy,Quincy,MA,2169,180,MANAGE
Greystar Management,Redgate,Boston,24 - Quincy,West of Chestnut,21 Chestnut Street,Quincy,MA,2169,169,MANAGE
Greystar Management,"Praedium Group, The",Boston,25 - Peabody,"Block at Odell Park, The",140 Rantoul Street,Beverly,MA,1915,106,MANAGE
Greystar Management,"Praedium Group, The",Boston,25 - Peabody,Canvas,199 Rantoul Street,Beverly,MA,1915,126,MANAGE
Greystar Management,"Praedium Group, The",Boston,25 - Peabody,"Flats at 131, The",131 Rantoul Street,Beverly,MA,1915,72,MANAGE
Greystar Management,TA Realty,Boston,25 - Peabody,"Landing at Vinnin Square, The",330 Paradise Road,Swampscott,MA,1907,184,MANAGE
Greystar Management,"Praedium Group, The",Boston,25 - Peabody,Link 480,480 Rantoul Street,Beverly,MA,1915,80,MANAGE
Greystar Management,Criterion Development,Boston,25 - Peabody,LORE,266 Canal Street,Salem,MA,1970,250,MANAGE
Greystar Management,TruAmerica Multifamily,Boston,27 - Stoughton,Lux at Stoughton,3101 Stagecoach Road,Stoughton,MA,2072,154,MANAGE
Greystar Management,Greystar,Boston,28 - Weymouth,Avana Weymouth,190 Mediterranean Drive,Weymouth,MA,2188,418,MANAGE
Greystar Management,Goldman Sachs & Company,Boston,29 - Cohasset,"Cove Hingham, The",350 Beal Street,Hingham,MA,2043,220,MANAGE
Greystar Management,TruAmerica Multifamily,Boston,29 - Cohasset,"Preserve at Cohasset, The",155 King Street,Cohasset,MA,2025,220,MANAGE
Greystar Management,TruAmerica Multifamily,Boston,35 - Lawrence,Marquee at Andover,460 River Road,Andover,MA,1810,115,MANAGE
Greystar Management,TruAmerica Multifamily,Boston,36 - Tewksbury,Villas at Old Concord,4 Riverhurst Road,Billerica,MA,1821,324,MANAGE
Greystar Management,Wood Partners,Boston,40 - Marlborough,Alta French Hill,303 Lincoln Street,Marlborough,MA,1752,276,MANAGE
Greystar Management,Greystar,Boston,40 - Marlborough,Avana Marlborough,20 Applebriar Lane,Marlborough,MA,1752,164,MANAGE
Greystar Management,TruAmerica Multifamily,Boston,40 - Marlborough,Highlands at Hudson,307 Central Street,Hudson,MA,1749,158,MANAGE
Greystar Management,Post Road Residential,Boston,40 - Marlborough,"Lodge, The",3000 Green District Blvd,Marlboro,MA,1752,240,MANAGE
Greystar Management,Greystar,Boston,40 - Marlborough,"Retreat at Marlborough, The",21 Austen Way,Marlborough,MA,1752,274,MANAGE
Greystar Management,Greystar,Boston,40 - Marlborough,Stone Gate,65 Silver Leaf Way,Marlborough,MA,1752,332,MANAGE
Greystar Management,Nuveen Real Estate,Boston,41 - Framingham,"266 Framingham, The",266 Waverly Street,Framingham,MA,1702,270,MANAGE
Greystar Management,Greystar,Boston,41 - Framingham,Avenu at Natick,3 Superior Drive,Natick,MA,1760,164,MANAGE
Greystar Management,Washington Square Ventures,Boston,41 - Framingham,Bancroft Lofts,59 Fountain Street,Framingham,MA,1702,258,MANAGE
Greystar Management,AEW Capital Management,Boston,43 - Marshfield - Pembroke,Hanover Crossing Residences,80 Mill Street,Hanover,MA,2339,297,MANAGE
Greystar Management,TA Realty,Boston,43 - Marshfield - Pembroke,"Madison at Marshfield, The",1 Chestnut Street,Marshfield,MA,2050,248,MANAGE
Greystar Management,Greystar,Boston,43 - Marshfield - Pembroke,Pembroke Woods,1100 Pembroke Woods Drive,Pembroke,MA,2359,240,MANAGE
Greystar Management,Wood Partners,Boston,44 - Brockton,Alta 412 at Abington Station,412 Summer Street,Abington,MA,2351,198,MANAGE
Greystar Management,Alliance Residential Company,Boston,47 - Plymouth,Marq at the Pinehills,40 Pinehills Drive,Plymouth,MA,2360,220,MANAGE
Greystar Management,Pillsbury Realty & Development,Boston,56 - Merrimack,Alta Oak & Pine,41 Governor Bell Drive,Londonderry,NH,3053,264,MANAGE
Greystar Management,PASSCO Real Estate,Boston,56 - Merrimack,SLATE at Merrimack,3 Lexington Court,Merrimack,NH,3054,224,MANAGE
Greystar Management,Monday Properties,Bridgeport - New Haven,2 - Stamford,75 Tresser,75 Tresser Blvd,Stamford,CT,6901,344,MANAGE
Greystar Management,RXR Realty,Bridgeport - New Haven,2 - Stamford,Atlantic Station,355 Atlantic Street,Stamford,CT,6901,325,MANAGE
Greystar Management,Monday Properties,Bridgeport - New Haven,2 - Stamford,Harbor Landing,28 Southfield Avenue,Stamford,CT,6902,218,MANAGE
Greystar Management,Carmel Partners,Bridgeport - New Haven,2 - Stamford,Vela on the Park,1011 Washington Blvd,Stamford,CT,6901,209,MANAGE
Greystar Management,Federal Realty Investment Trust,Bridgeport - New Haven,3 - Norwalk,Darien Commons,102 Heights Road,Darien,CT,6820,122,MANAGE
Greystar Management,Spinnaker,Bridgeport - New Haven,3 - Norwalk,Riverside Wilton,141 Danbury Road,Wilton,CT,6897,173,MANAGE
Greystar Management,New Canaan Housing Authority,Bridgeport - New Haven,3 - Norwalk,Riverwood at New Canaan,100 Avalon Drive East,New Canaan,CT,6840,104,MANAGE
Greystar Management,Jones Lang LaSalle,Bridgeport - New Haven,5 - Trumbull - Shelton,Woodside Trumbull,100 Woodside Court,Trumbull,CT,6611,199,MANAGE
Greystar Management,Grossman Development Group,Bridgeport - New Haven,37 - Newington - Wethersfield,Millyard at Meadow Commons,98 Pane Road,Newington,CT,6111,269,MANAGE
Greystar Management,Harbor Group International,Bridgeport - New Haven,39 - Middletown,Springside Middletown,1100 Springside Lane,Middletown,CT,6457,240,MANAGE
Greystar Management,Greystar,Bridgeport - New Haven,45 - Storrs - Willington,"Oaks on the Square, The",12 Royce Circle,Storrs,CT,6268,618,MANAGE
Greystar Management,Lendlease,Brooklyn,1 - Greenpoint,"Riverie, The",18 India Street,Brooklyn,NY,11222,834,MANAGE
Greystar Management,Spruce Capital Partners,Brooklyn,3 - Bushwick,1209 Dekalb Avenue,1209 Dekalb Avenue,Brooklyn,NY,11221,127,MANAGE
Greystar Management,Slate Property Group,Brooklyn,7 - Fort Greene,1 Flatbush,1 Flatbush Avenue,Brooklyn,NY,11217,183,MANAGE
Greystar Management,Witkoff,Brooklyn,8 - Downtown Brooklyn,"Brook, The",567 Fulton Street,Brooklyn,NY,11201,591,MANAGE
Greystar Management,Principal Real Estate Investors,Brooklyn,15 - Prospect Heights,461 Dean,461 Dean Street,Brooklyn,NY,11217,363,MANAGE
Greystar Management,Carmel Partners,Brooklyn,18 - Crown Heights,Loden,54 Crown Street,Brooklyn,NY,11225,569,MANAGE
Greystar Management,ACRES Capital,Buffalo,2 - Buffalo - West,Monarch 716,100 Forest Avenue,Buffalo,NY,14213,176,MANAGE
Greystar Management,Greystar,Central Coast,2 - Goleta,Breakpointe & Coronado,6672 Abrego Road,Isla Vista,CA,93117,137,MANAGE
Greystar Management,Abacus Capital Group,Central Coast,4 - Lompoc,Windscape Village,1300 North L Street,Lompoc,CA,93436,328,MANAGE
Greystar Management,Benedict Canyon Equities,Central Coast,5 - Santa Maria,Amara,329 West Carmen Lane,Santa Maria,CA,93458,128,MANAGE
Greystar Management,Westview Capital,Central Coast,5 - Santa Maria,La Vista Apartment Homes,740 South Western Avenue,Santa Maria,CA,93458,460,MANAGE
Greystar Management,Kennedy Wilson,Central Coast,5 - Santa Maria,Montiavo at Bradley Square,2460 South Rubel Way,Santa Maria,CA,93455,208,MANAGE
Greystar Management,Benedict Canyon Equities,Central Coast,5 - Santa Maria,St. Claire,1735 Biscayne Street,Santa Maria,CA,93458,128,MANAGE
Greystar Management,Benedict Canyon Equities,Central Coast,10 - Paso Robles,Blue Oak,710 Experimental Station Road,Paso Robles,CA,93446,142,MANAGE
Greystar Management,STG Capital Partners,Central Coast,10 - Paso Robles,"Reserve at Vinedo, The",1573 Parkview Lane,Paso Robles,CA,93446,214,MANAGE
Greystar Management,Benedict Canyon Equities,Central Coast,13 - Salinas,Cypress Creek,162 Casentini Street,Salinas,CA,93907,288,MANAGE
Greystar Management,Benedict Canyon Equities,Central Coast,13 - Salinas,Sheridan Park,1450 North 1st Street,Salinas,CA,93906,116,MANAGE
Greystar Management,Benedict Canyon Equities,Central Coast,13 - Salinas,Woodside Park,1040 Riker Street,Salinas,CA,93901,80,MANAGE
Greystar Management,Benedict Canyon Equities,Central Coast,14 - Monterey,Monterey Townhouse,825 Casanova Avenue,Monterey,CA,93940,91,MANAGE
Greystar Management,Benedict Canyon Equities,Central Coast,14 - Monterey,Pacific Vista,57 Soledad Drive,Monterey,CA,93940,58,MANAGE
Greystar Management,City of Marina,Central Coast,15 - Seaside - Marina,Abrams Park,2960 Carpenter Court,Marina,CA,93933,194,MANAGE
Greystar Management,Thomas Redfern & Associates,Central Coast,15 - Seaside - Marina,Marina Crescent,3114 Crescent Avenue,Marina,CA,93933,60,MANAGE
Greystar Management,City of Marina,Central Coast,15 - Seaside - Marina,Preston Park,682 Wahl Court,Marina,CA,93933,354,MANAGE
Greystar Management,Benedict Canyon Equities,Central Coast,15 - Seaside - Marina,"Shoreline at Monterey Bay, The",3124 Lake Drive,Marina,CA,93933,85,MANAGE
Greystar Management,Goldrich & Kest,Central Coast,19 - Santa Cruz East,Capitola Gardens,1745 46th Avenue,Capitola,CA,95010,78,MANAGE
Greystar Management,Braddock & Logan,Central Coast,19 - Santa Cruz East,"Landing at Capitola, The",3045 Capitola Road,Santa Cruz,CA,95062,50,MANAGE
Greystar Management,Braddock & Logan,Central Coast,20 - Santa Cruz West,Cypress Point,101 Felix Street,Santa Cruz,CA,95060,240,MANAGE
Greystar Management,Goldman Sachs & Company,Central Coast,20 - Santa Cruz West,"Hilltop, The",363 Western Drive,Santa Cruz,CA,95060,168,MANAGE
Greystar Management,Kairos Investment Management,Central East Texas,5 - Waco - east,Eastgate,1912 South 5th Street,Waco,TX,76706,323,MANAGE
Greystar Management,"Owen Jr., Richard S.",Central East Texas,5 - Waco - east,"Outpost, The",2415 South University Parks Drive,Waco,TX,76706,195,MANAGE
Greystar Management,Mandelbaum & Associates,Central East Texas,5 - Waco - east,Roots at Waco,3001 South New Road,Waco,TX,76706,288,MANAGE
Greystar Management,Catalyst Urban Development,Central East Texas,6 - Waco - central,Riverfront Lofts,414 South University Parks Drive,Waco,TX,76706,266,MANAGE
Greystar Management,Housing Authority of Copperas Cove,Central East Texas,11 - Copperas Cove,Clear Creek Meadows,1202 South FM 116,Copperas Cove,TX,76522,188,MANAGE
Greystar Management,"Tenberg, Eugene",Central East Texas,12 - Killeen - west,Dorel Killeen,2908 Trimmier Road,Killeen,TX,76542,200,MANAGE
Greystar Management,"Barr, David",Central East Texas,12 - Killeen - west,Icon,5002 Thayer Drive,Killeen,TX,76549,266,MANAGE
Greystar Management,"Nelson, Donald C.",Central East Texas,17 - Temple - east,Villas on the Hill,2510 South 31st Street,Temple,TX,76504,206,MANAGE
Greystar Management,Jamespoint Management,Central East Texas,18 - Bryan - west,Reveille Ranch,3645 Wellborn Road,Bryan,TX,77801,420,MANAGE
Greystar Management,Jamespoint Management,Central East Texas,19 - Bryan - east,21 Gramercy Park,21 Gramercy Park Drive,Bryan,TX,77802,262,MANAGE
Greystar Management,United Realty & Investment Company,Central East Texas,19 - Bryan - east,Camber Villas,2888 Nash Street,Bryan,TX,77802,185,MANAGE
Greystar Management,Tradewind Properties,Central East Texas,19 - Bryan - east,Fifteen12 at Bryan,1512 Hollow Hill Drive,Bryan,TX,77802,160,MANAGE
Greystar Management,Tradewind Properties,Central East Texas,21 - College Station - north,Parcside Townhomes,2500 Central Park Lane,College Station,TX,77840,192,MANAGE
Greystar Management,Jamespoint Management,Central East Texas,21 - College Station - north,"Ridge, The",2250 Dartmouth Street,College Station,TX,77840,192,MANAGE
Greystar Management,Resmark Equity Partners,Central Valley,5 - Manteca,Escala at Stanford Crossing,400 Stanford Crossing,Lathrop,CA,95330,195,MANAGE
Greystar Management,Cascade Investment,Charleston,1 - Charleston - Downtown,10 WestEdge,10 Westedge Street,Charleston,SC,29403,350,MANAGE
Greystar Management,Middle Street Partners,Charleston,1 - Charleston - Downtown,Atlantic on Romney,55 Romney Street,Charleston,SC,29403,304,MANAGE
Greystar Management,Greystar,Charleston,1 - Charleston - Downtown,Courier Square,635 King Street,Charleston,SC,29403,300,MANAGE
Greystar Management,Greystar,Charleston,1 - Charleston - Downtown,"Guild, The",128 Columbus Street,Charleston,SC,29403,226,MANAGE
Greystar Management,Greystar,Charleston,2 - Charleston - James Island,Overture West Ashley,45 Coburg Road,Charleston,SC,29407,198,MANAGE
Greystar Management,Fairfield Residential,Charleston,4 - Charleston - West Ashley,1000 West,1000 Bonieta Harrold Drive,Charleston,SC,29414,240,MANAGE
Greystar Management,AVR Realty,Charleston,4 - Charleston - West Ashley,Atlantic at Grand Oaks,1235 Ashley Gardens Blvd,Charleston,SC,29414,316,MANAGE
Greystar Management,Fairfield Residential,Charleston,4 - Charleston - West Ashley,"Avenues at Verdier Pointe, The",3530 Verdier Blvd,Charleston,SC,29414,288,MANAGE
Greystar Management,Childress Klein,Charleston,4 - Charleston - West Ashley,Element at Carolina Bay,1500 Parklawn Drive,Charleston,SC,29414,276,MANAGE
Greystar Management,Trilogy Investment Company,Charleston,4 - Charleston - West Ashley,Reve on the Creek,4086 Silverside Way,Johns Island,SC,29455,71,MANAGE
Greystar Management,Raith Capital Partners,Charleston,4 - Charleston - West Ashley,Satori West Ashley,211 Satori Way,Johns Island,SC,29455,297,MANAGE
Greystar Management,Greystar,Charleston,5 - North Charleston,Asher,3812 West Montague Avenue,North Charleston,SC,29418,336,MANAGE
Greystar Management,RSE Capital Partners,Charleston,5 - North Charleston,"Burke, The",1945 Hanahan Road,North Charleston,SC,29406,276,MANAGE
Greystar Management,Griffin Capital,Charleston,5 - North Charleston,"Isley at Windsor Hill, The",8251 Windsor Hill Blvd,North Charleston,SC,29420,332,MANAGE
Greystar Management,Johnson Development Associates,Charleston,5 - North Charleston,Monty,2403 Mall Drive,North Charleston,SC,29406,300,MANAGE
Greystar Management,Weaver Capital Partners,Charleston,5 - North Charleston,Storehouse Nine,2154 Noisette Blvd,North Charleston,SC,29405,78,MANAGE
Greystar Management,Johnson Development Associates,Charleston,7 - Goose Creek,"Arden, The",1000 Crowfield Reserve Lane,Ladson,SC,29456,198,MANAGE
Greystar Management,Middle Street Partners,Charleston,8 - Charleston - Daniel Island,Atlantic Nowell Creek,405 Intertidal Drive,Daniel Island,SC,29492,320,MANAGE
Greystar Management,PGIM Real Estate,Charleston,8 - Charleston - Daniel Island,Goddard Point Hope,1000 Point Hope Pkwy,Charleston,SC,29492,227,MANAGE
Greystar Management,Mission Properties,Charleston,8 - Charleston - Daniel Island,"Halcyon, The",900 Corby Lane,Charleston,SC,29492,204,MANAGE
Greystar Management,"Carlyle Group, The",Charleston,8 - Charleston - Daniel Island,Newbrook Point Hope,301 Newbrook Drive,Charleston,SC,29492,264,MANAGE
Greystar Management,VTT Management,Charleston,8 - Charleston - Daniel Island,Overlook Point,174 Overlook Point Place,Charleston,SC,29492,283,MANAGE
Greystar Management,Greystar,Charleston,8 - Charleston - Daniel Island,Overture Daniel Island,7770 Farr Street,Charleston,SC,29492,197,MANAGE
Greystar Management,VTT Management,Charleston,8 - Charleston - Daniel Island,Parker Point,1030 Jack Primus Road,Charleston,SC,29492,183,MANAGE
Greystar Management,VTT Management,Charleston,8 - Charleston - Daniel Island,Simmons Park,211 River Landing Drive,Daniel Island,SC,29492,269,MANAGE
Greystar Management,Middle Street Partners,Charleston,9 - Mount Pleasant,Atlantic Beach House,1001 Boopa Lane,Mount Pleasant,SC,29464,224,MANAGE
Greystar Management,Greystar,Charleston,9 - Mount Pleasant,Avana Long Point,100 Eighty Oak Avenue,Mount Pleasant,SC,29464,360,MANAGE
Greystar Management,Heitman,Charleston,9 - Mount Pleasant,"Boulevard, The",725 Coleman Blvd,Mount Pleasant,SC,29464,425,MANAGE
Greystar Management,MetLife Real Estate Investment,Charleston,9 - Mount Pleasant,Bridgeside at Patriots Point,175 Harbor Bridge Lane,Mount Pleasant,SC,29464,324,MANAGE
Greystar Management,J.P. Morgan Asset Management,Charleston,9 - Mount Pleasant,Central Square at Watermark,1280 Appling Drive,Mount Pleasant,SC,29464,246,MANAGE
Greystar Management,Johnson Development Associates,Charleston,9 - Mount Pleasant,"Haven at Indigo Square, The",1800 Indigo Market Drive,Mount Pleasant,SC,29464,438,MANAGE
Greystar Management,VTT Management,Charleston,9 - Mount Pleasant,Restore at Carolina Park,1588 Bloom Street,Mount Pleasant,SC,29466,234,MANAGE
Greystar Management,AVR Realty,Charleston,9 - Mount Pleasant,Riviera at Seaside,1405 Long Grove Drive,Mount Pleasant,SC,29464,252,MANAGE
Greystar Management,Greystar,Charleston,11 - Summerville,Avana Oakbrook,325 Midland Pkwy,Summerville,SC,29485,280,MANAGE
Greystar Management,Crosland Southeast,Charleston,11 - Summerville,Camellia at One Nexton,4600 Bakers Blessing Lane,Summerville,SC,29486,351,MANAGE
Greystar Management,Sunroad Enterprises,Charleston,11 - Summerville,"Reserve at Wescott, The",4976 Wescott Blvd,Summerville,SC,29485,288,MANAGE
Greystar Management,Abacus Capital Group,Charleston,12 - Ladson,Broadstone Ingleside,8400 Palmetto Commerce Pkwy,Charleston,SC,29456,336,MANAGE
Greystar Management,"Giddings Group, The",Charleston,12 - Ladson,"Duke of Charleston, The",1109 Giddings Way,Ladson,SC,29456,250,MANAGE
Greystar Management,"Giddings Group, The",Charleston,12 - Ladson,Eastwood,1109 Augusta Drive,Ladson,SC,29456,244,MANAGE
Greystar Management,Greystar,Charleston,12 - Ladson,Marlowe Summerville,1000 Marlowe Vista Place,Summerville,SC,29486,278,MANAGE
Greystar Management,Monday Properties,Charleston,12 - Ladson,"Willow, The",7580 Plantation Road,North Charleston,SC,29420,338,MANAGE
Greystar Management,Greystar,Charleston,13 - Berkeley,Berkeley Homes,121 Marigny Street,Moncks Corner,SC,29461,114,MANAGE
Greystar Management,Crescent Communities,Charleston,13 - Berkeley,Harmon Foxbank,609 Trotters Lane,Moncks Corner,SC,29461,109,MANAGE
Greystar Management,RSE Capital Partners,Charleston,17 - Red Hill,Ailsa Village,512 Murray Park Loop,Myrtle Beach,SC,29579,130,MANAGE
Greystar Management,Third Lake Partners,Charleston,17 - Red Hill,Arcadia at Carolina Forest,112 Hera Way,Myrtle Beach,SC,29579,320,MANAGE
Greystar Management,D.R. Horton,Charleston,17 - Red Hill,Cottages at Ridgefield,270 Wild Palm Way,Conway,SC,29526,180,MANAGE
Greystar Management,Eastman Companies,Charleston,17 - Red Hill,"Grand at Carolina Forest, The",300 Bellamy Avenue,Conway,SC,29526,150,MANAGE
Greystar Management,Armada Development,Charleston,17 - Red Hill,Villas at Carolina Forest,335 Marigold Drive,Myrtle Beach,SC,29579,130,MANAGE
Greystar Management,Johnson Development Associates,Charleston,19 - Myrtle Beach,Coastal Exchange,5895 Arbor Isle Way,Myrtle Beach,SC,29577,300,MANAGE
Greystar Management,Buvermo Investments,Charleston,19 - Myrtle Beach,"Grove at Coastal Grand, The",1749 Sea Pine Blvd,Myrtle Beach,SC,29577,194,MANAGE
Greystar Management,Proffitt Dixon Partners,Charleston,19 - Myrtle Beach,Selene at Sayebrook,331 Pickwick Drive,Myrtle Beach,SC,29588,324,MANAGE
Greystar Management,Third Lake Partners,Charleston,21 - Horry,Abrazo at Waterway Hills,8840 Henry Road,Longs,SC,29568,292,MANAGE
Greystar Management,Third Lake Partners,Charleston,21 - Horry,Arcadia at Waterway Hills,2740 Grande Dunes North Village Blvd,Longs,SC,29568,296,MANAGE
Greystar Management,D.R. Horton,Charleston,22 - Brunswick,Ascend Brunswick Village,3100 Ascend Loop,Leland,NC,28451,334,MANAGE
Greystar Management,River Rock,Charleston,22 - Brunswick,River Rock at Shingletree,31 Quaker Ridge Drive,Carolina Shores,NC,28467,136,MANAGE
Greystar Management,SR Real Estate Partners,Charleston,22 - Brunswick,"Village at Compass Pointe, The",8067 Purchase Place NE,Leland,NC,28451,268,MANAGE
Greystar Management,Wood Partners,Charlotte,1 - Second Ward,Alta Purl,1018 North Caldwell Street,Charlotte,NC,28206,341,MANAGE
Greystar Management,Alliance Residential Company,Charlotte,1 - Second Ward,Broadstone Craft,1015 North Alexander Street,Charlotte,NC,28206,297,MANAGE
Greystar Management,Spandrel Development,Charlotte,1 - Second Ward,Enclave at Radius Dilworth,515 Royal Court,Charlotte,NC,28202,274,MANAGE
Greystar Management,Spandrel Development,Charlotte,1 - Second Ward,Overlook at Radius Dilworth,615 East Morehead Street,Charlotte,NC,28202,352,MANAGE
Greystar Management,Eaton Vance Real Estate Investment Group,Charlotte,1 - Second Ward,Presley Uptown,900 East Stonewall Street,Charlotte,NC,28204,230,MANAGE
Greystar Management,Proffitt Dixon Partners,Charlotte,1 - Second Ward,Savoy,650 East Stonewall Street,Charlotte,NC,28202,302,MANAGE
Greystar Management,Sterling Equities,Charlotte,2 - Uptown,Ascent Uptown,225 South Poplar Street,Charlotte,NC,28202,300,MANAGE
Greystar Management,Hillridge Capital,Charlotte,2 - Uptown,Loft One35,135 West Morehead Street,Charlotte,NC,28202,298,MANAGE
Greystar Management,Sagard Real Estate,Charlotte,2 - Uptown,"Mint 425, The",425 West Trade Street,Charlotte,NC,28202,178,MANAGE
Greystar Management,CBRE Investment Management,Charlotte,2 - Uptown,SkyHouse Uptown,640 North Church Street,Charlotte,NC,28202,672,MANAGE
Greystar Management,Urban Atlantic,Charlotte,2 - Uptown,Trella Uptown,426 North Tryon Street,Charlotte,NC,28202,353,MANAGE
Greystar Management,J.P. Morgan Asset Management,Charlotte,3 - Morningside,Elizabeth Square,730 Hawthorne Lane,Charlotte,NC,28204,267,MANAGE
Greystar Management,Goldman Sachs & Company,Charlotte,3 - Morningside,"Gibson, The",1000 Central Avenue,Charlotte,NC,28204,250,MANAGE
Greystar Management,Sunroad Enterprises,Charlotte,3 - Morningside,Midtown 205,205 South Kings Drive,Charlotte,NC,28204,261,MANAGE
Greystar Management,Crosland Southeast,Charlotte,3 - Morningside,Rowe at Commonwealth,1711 Commonwealth Avenue,Charlotte,NC,28205,383,MANAGE
Greystar Management,Goldrich & Kest,Charlotte,5 - Cotswold,Magnolia Heights,3720 Wendwood Lane,Charlotte,NC,28211,174,MANAGE
Greystar Management,Greystar,Charlotte,5 - Cotswold,Overture Cotswold,4830 Randolph Road,Charlotte,NC,28211,158,MANAGE
Greystar Management,RREEF Property Trust,Charlotte,6 - Myers Park,"Atherton, The",2100 South Blvd,Charlotte,NC,28203,346,MANAGE
Greystar Management,Alliance Residential Company,Charlotte,6 - Myers Park,"Boulevard a Broadstone Community, The",2408 South Blvd,Charlotte,NC,28203,283,MANAGE
Greystar Management,Abacus Capital,Charlotte,6 - Myers Park,"Campbell, The",2025 Cleveland Avenue,Charlotte,NC,28203,117,MANAGE
Greystar Management,Greystar,Charlotte,6 - Myers Park,Kingston South End,124 East Kingston Avenue,Charlotte,NC,28203,324,MANAGE
Greystar Management,"Phillips, Brian",Charlotte,6 - Myers Park,"Seventeen Hundred on East, The",1755 Lombardy Circle,Charlotte,NC,28203,295,MANAGE
Greystar Management,Affinius Capital,Charlotte,7 - Third Ward - Lakewood,1100 South,1100 South Blvd,Charlotte,NC,28203,331,MANAGE
Greystar Management,Wood Partners,Charlotte,7 - Third Ward - Lakewood,Alta West Morehead,2020 West Morehead Street,Charlotte,NC,28208,308,MANAGE
Greystar Management,Catalyst Capital Partners,Charlotte,7 - Third Ward - Lakewood,Bowery West,2314 Berryhill Road,Charlotte,NC,28208,213,MANAGE
Greystar Management,Alliance Residential Company,Charlotte,7 - Third Ward - Lakewood,Broadstone West End,2220 Wilkinson Blvd,Charlotte,NC,28208,332,MANAGE
Greystar Management,Goldrich & Kest,Charlotte,7 - Third Ward - Lakewood,Cedar Flats,225 North Cedar Street,Charlotte,NC,28202,82,MANAGE
Greystar Management,Nuveen Real Estate,Charlotte,7 - Third Ward - Lakewood,Centric Gateway,1010 West Trade Street,Charlotte,NC,28202,297,MANAGE
Greystar Management,Eaton Vance Real Estate Investment Group,Charlotte,7 - Third Ward - Lakewood,Circa Uptown,360 South Graham Street,Charlotte,NC,28202,243,MANAGE
Greystar Management,J.P. Morgan Asset Management,Charlotte,7 - Third Ward - Lakewood,Mosaic South End,1312 South College Street,Charlotte,NC,28203,269,MANAGE
Greystar Management,Collett Capital,Charlotte,7 - Third Ward - Lakewood,"Winnifred, The",1425 Winnifred Street,Charlotte,NC,28203,91,MANAGE
Greystar Management,AEW Capital Management,Charlotte,8 - Tryon Hills,30Six NoDa,424 East 36th Street,Charlotte,NC,28205,344,MANAGE
Greystar Management,Origin Investments,Charlotte,8 - Tryon Hills,"Blake Optimist Park, The",2010 North Brevard Street,Charlotte,NC,28206,323,MANAGE
Greystar Management,Harlan Enterprises,Charlotte,8 - Tryon Hills,Cadence Music Factory,606 North Carolina Music Factory Blvd,Charlotte,NC,28206,205,MANAGE
Greystar Management,Avery Hall Investments,Charlotte,8 - Tryon Hills,Cullman House,300 East 36th Street,Charlotte,NC,28206,294,MANAGE
Greystar Management,Space Craft,Charlotte,8 - Tryon Hills,Inkwell,730 East 36th Street,Charlotte,NC,28205,65,MANAGE
Greystar Management,Space Craft,Charlotte,8 - Tryon Hills,"Joinery Phase II, The",1824 North Brevard Street,Charlotte,NC,28206,360,MANAGE
Greystar Management,Space Craft,Charlotte,8 - Tryon Hills,"Joinery, The",1824 North Brevard Street,Charlotte,NC,28206,83,MANAGE
Greystar Management,ATCO,Charlotte,8 - Tryon Hills,Kinship,110 Razades Way,Charlotte,NC,28206,331,MANAGE
Greystar Management,Alliance Residential Company,Charlotte,8 - Tryon Hills,Matheson Mill by Broadstone,120 Matheson Avenue,Charlotte,NC,28206,302,MANAGE
Greystar Management,Ares Management,Charlotte,8 - Tryon Hills,Mercury NoDa,3310 North Davidson Street,Charlotte,NC,28205,241,MANAGE
Greystar Management,TA Realty,Charlotte,8 - Tryon Hills,NoDa Flats,2509 North Davidson Street,Charlotte,NC,28205,273,MANAGE
Greystar Management,"Community Builders, The",Charlotte,8 - Tryon Hills,NoDa Wandry,432 East 36th Street,Charlotte,NC,28205,235,MANAGE
Greystar Management,Third & Urban,Charlotte,8 - Tryon Hills,Sorella,4101 Raleigh Street,Charlotte,NC,28206,335,MANAGE
Greystar Management,Flywheel Group,Charlotte,8 - Tryon Hills,Trailside NODA,1030 Stitch Bend Way,Charlotte,NC,28206,330,MANAGE
Greystar Management,Gvest Partners,Charlotte,8 - Tryon Hills,Yards at NoDa,703 Rollerton Road,Charlotte,NC,28205,182,MANAGE
Greystar Management,Crosland Southeast,Charlotte,9 - Eastland - Windsor Park,Solstice at Eastland Yards,5701 Central Avenue,Charlotte,NC,28212,274,MANAGE
Greystar Management,Goode Properties,Charlotte,10 - Coventry Woods - East Forest,M Station,6215 Forest Way Drive,Charlotte,NC,28212,260,MANAGE
Greystar Management,Childress Klein,Charlotte,12 - Foxcroft,Element SouthPark,4425 Sharon Road,Charlotte,NC,28211,345,MANAGE
Greystar Management,Principal Real Estate Investors,Charlotte,12 - Foxcroft,Lennox Southpark,4905 Ashley Park Lane,Charlotte,NC,28210,239,MANAGE
Greystar Management,CBRE Investment Management,Charlotte,12 - Foxcroft,"Residence at SouthPark, The",4300 Sharon Road,Charlotte,NC,28211,150,MANAGE
Greystar Management,Sarofim Realty Advisors,Charlotte,13 - Colonial Village - Montclaire,5115 Park Place,5115 Park Road,Charlotte,NC,28209,273,MANAGE
Greystar Management,Ares Management,Charlotte,13 - Colonial Village - Montclaire,"Artizia at LoSo, The",200 East Cama Street,Charlotte,NC,28217,350,MANAGE
Greystar Management,QuadReal,Charlotte,13 - Colonial Village - Montclaire,Bradham at New Bern,145 New Bern Street,Charlotte,NC,28209,432,MANAGE
Greystar Management,Dominion Realty Partners,Charlotte,13 - Colonial Village - Montclaire,Charlotte Exchange,5120 77 Center Drive,Charlotte,NC,28217,252,MANAGE
Greystar Management,Greystar,Charlotte,13 - Colonial Village - Montclaire,Elan LoSo,4612 Gilead Street,Charlotte,NC,28217,380,MANAGE
Greystar Management,Proffitt Dixon Partners,Charlotte,13 - Colonial Village - Montclaire,Ello House,3615 Tryclan Drive,Charlotte,NC,28217,343,MANAGE
Greystar Management,Harlan Enterprises,Charlotte,13 - Colonial Village - Montclaire,Maddox South End,2630 South Blvd,Charlotte,NC,28209,200,MANAGE
Greystar Management,TA Realty,Charlotte,13 - Colonial Village - Montclaire,Solis LoSo,4312 Yancey Road,Charlotte,NC,28217,310,MANAGE
Greystar Management,Argosy Real Estate Partners,Charlotte,13 - Colonial Village - Montclaire,"Spoke at Tyvola, The",5816 Westpark Drive,Charlotte,NC,28217,116,MANAGE
Greystar Management,Abacus Capital,Charlotte,14 - Southside Park - West Blvd,704 at the Quarter,704 West Tremont Avenue,Charlotte,NC,28203,306,MANAGE
Greystar Management,MetLife Real Estate Investment,Charlotte,14 - Southside Park - West Blvd,Ashton South End,125 West Tremont Avenue,Charlotte,NC,28203,310,MANAGE
Greystar Management,CBRE Investment Management,Charlotte,14 - Southside Park - West Blvd,"Penrose, The",327 West Tremont Avenue,Charlotte,NC,28203,350,MANAGE
Greystar Management,Dominion Realty Partners,Charlotte,14 - Southside Park - West Blvd,Perimeter Pointe,2546 Perimeter Pointe Pkwy,Charlotte,NC,28208,270,MANAGE
Greystar Management,Collett Capital,Charlotte,14 - Southside Park - West Blvd,"Winston, The",222 West Blvd,Charlotte,NC,28203,132,MANAGE
Greystar Management,Alliance Residential Company,Charlotte,15 - Northwest Charlotte,Prose Rhyne,225 Rhyne Road,Charlotte,NC,28214,330,MANAGE
Greystar Management,Foulger-Pratt,Charlotte,16 - Wedgewood,Affinity at Oak Hills,1018 Fairway Green Lane,Charlotte,NC,28216,128,MANAGE
Greystar Management,Waypoint Residential,Charlotte,16 - Wedgewood,Easton at Mountain Island,6015 Mar Dhea Lane,Charlotte,NC,28214,240,MANAGE
Greystar Management,Canvas Residential,Charlotte,16 - Wedgewood,Oak Lake,9100 Bluedale Road,Charlotte,NC,28216,222,MANAGE
Greystar Management,RK Investors,Charlotte,16 - Wedgewood,Proximity Northlake,4212 Napa Oak Drive,Charlotte,NC,28216,319,MANAGE
Greystar Management,RK Investors,Charlotte,16 - Wedgewood,Residences at Brookline,8816 Aspinwall Drive,Charlotte,NC,28216,320,MANAGE
Greystar Management,PCCP,Charlotte,17 - North Charlotte,ABODE at Parkside,3023 Deep Green Court,Charlotte,NC,28269,104,MANAGE
Greystar Management,Greystar,Charlotte,17 - North Charlotte,Album Huntersville,6930 Prosperity Church Road,Huntersville,NC,28078,168,MANAGE
Greystar Management,Wood Partners,Charlotte,17 - North Charlotte,Alta Croft,3030 Barrow Road,Charlotte,NC,28269,238,MANAGE
Greystar Management,Buvermo Investments,Charlotte,17 - North Charlotte,Arden at Huntersville,13415 Old Statesville Road,Huntersville,NC,28078,129,MANAGE
Greystar Management,Claremont Companies,Charlotte,17 - North Charlotte,Aventine,13035 Ardmore Forest Road,Huntersville,NC,28078,288,MANAGE
Greystar Management,Cross Lake Partners,Charlotte,17 - North Charlotte,Cascadia at Highland Creek,6004 Prosperity Commons Drive,Charlotte,NC,28269,89,MANAGE
Greystar Management,Greystar,Charlotte,17 - North Charlotte,Elan Prosperity Village,2020 Winters Eve Drive,Charlotte,NC,28269,300,MANAGE
Greystar Management,Eaton Vance Real Estate Investment Group,Charlotte,17 - North Charlotte,"Vinoy at Innovation Park, The",8108 Vinoy Blvd,Charlotte,NC,28262,356,MANAGE
Greystar Management,Catalyst Capital Partners,Charlotte,17 - North Charlotte,"Wayford at Innovation Park, The",1018 Catalyst Blvd,Charlotte,NC,28262,210,MANAGE
Greystar Management,"Milestone Group, The",Charlotte,17 - North Charlotte,"Weathersby at Station Circle, The",8415 University Station Circle,Charlotte,NC,28269,180,MANAGE
Greystar Management,Crescent Communities,Charlotte,18 - UNC at Charlotte,NOVEL University Place,5315 Waters Edge Village Drive,Charlotte,NC,28262,308,MANAGE
Greystar Management,Alliance Residential Company,Charlotte,18 - UNC at Charlotte,Prose McCullough Station,8424 North Tryon Street,Charlotte,NC,28262,279,MANAGE
Greystar Management,Blaze Capital Partners,Charlotte,18 - UNC at Charlotte,"Spoke at McCullough Station, The",8340 North Tryon Street,Charlotte,NC,28262,124,MANAGE
Greystar Management,Atapco Properties,Charlotte,18 - UNC at Charlotte,Verde at McCullough Station,8320 University Executive Park Drive,Charlotte,NC,28262,278,MANAGE
Greystar Management,Westbrook Partners,Charlotte,18 - UNC at Charlotte,Wellen,305 Prine Place,Charlotte,NC,28213,325,MANAGE
Greystar Management,Greystar,Charlotte,19 - Hidden Valley - Oak Forest,Avana Avebury,2410 Allerton Way,Charlotte,NC,28213,348,MANAGE
Greystar Management,Wood Partners,Charlotte,19 - Hidden Valley - Oak Forest,East Mint,13330 Maize Lane,Charlotte,NC,28227,252,MANAGE
Greystar Management,Hillridge Capital,Charlotte,19 - Hidden Valley - Oak Forest,"Grace at Tryon, The",8108 Grace Farms Drive,Charlotte,NC,28213,268,MANAGE
Greystar Management,Capital City Real Estate,Charlotte,19 - Hidden Valley - Oak Forest,Sablewood,4418 Oat Grass Circle,Charlotte,NC,28213,109,MANAGE
Greystar Management,Buvermo Investments,Charlotte,21 - Matthews,Album Matthews,9930 Idlewild Road,Matthews,NC,28105,128,MANAGE
Greystar Management,Greystar,Charlotte,21 - Matthews,Avana Matthews,2808 Cross Point Circle,Matthews,NC,28105,420,MANAGE
Greystar Management,Greystar,Charlotte,21 - Matthews,Avana Reserve,1315 Cameron Matthews Drive,Matthews,NC,28105,212,MANAGE
Greystar Management,Proffitt Dixon Partners,Charlotte,21 - Matthews,Fountains Matthews,10624 Parrish Street,Matthews,NC,28105,258,MANAGE
Greystar Management,Grand Peaks Properties,Charlotte,21 - Matthews,"Madison, The",7815 Calibre Crossing Drive,Charlotte,NC,28227,460,MANAGE
Greystar Management,Canvas Residential,Charlotte,21 - Matthews,Marglyn at Matthews,1748 Marglyn Drive,Matthews,NC,28105,73,MANAGE
Greystar Management,White Oak Partners,Charlotte,21 - Matthews,Matthews Square,4010 Waiting Street,Matthews,NC,28105,350,MANAGE
Greystar Management,Rivendell Global Real Estate,Charlotte,22 - Wessex Square,"Arboretum, The",7700 Arboretum Drive,Charlotte,NC,28270,277,MANAGE
Greystar Management,Blaze Capital Partners,Charlotte,23 - Pineville,Charleston Row Townhomes,10154 Enniscrone Road,Pineville,NC,28134,107,MANAGE
Greystar Management,Acre Valley Real Estate,Charlotte,24 - Southwest Charlotte,Arbor Steele Creek,12235 Stone Arbor Way,Charlotte,NC,28273,384,MANAGE
Greystar Management,Greystar,Charlotte,24 - Southwest Charlotte,Avana Creekside,13301 Crescent Springs Drive,Charlotte,NC,28273,264,MANAGE
Greystar Management,Greystar,Charlotte,24 - Southwest Charlotte,"Avant at Steele Creek, The",13212 Winter Hazel Road,Charlotte,NC,28278,456,MANAGE
Greystar Management,Canvas Residential,Charlotte,24 - Southwest Charlotte,Avery Place Townhomes,5020 Limelight Lane,Charlotte,NC,28217,58,MANAGE
Greystar Management,Westbrook Partners,Charlotte,24 - Southwest Charlotte,Ayrsley Lofts,9336 Kings Parade Blvd,Charlotte,NC,28273,230,MANAGE
Greystar Management,Fairfield Residential,Charlotte,24 - Southwest Charlotte,"Banks at Rivergate, The",12620 Toscana Way,Charlotte,NC,28273,202,MANAGE
Greystar Management,Westbrook Partners,Charlotte,24 - Southwest Charlotte,Broadstone Ayrsley,2200 Silver Crescent Drive,Charlotte,NC,28273,320,MANAGE
Greystar Management,Claremont Companies,Charlotte,24 - Southwest Charlotte,Giddy Hall,10951 Netherly Drive,Charlotte,NC,28273,171,MANAGE
Greystar Management,CBRE Investment Management,Charlotte,24 - Southwest Charlotte,Indigo at Berewick,3010 Furr Court,Charlotte,NC,28273,226,MANAGE
Greystar Management,Woodfield Development,Charlotte,24 - Southwest Charlotte,"Lakehouse on Wylie, The",11023 Moonbug Court,Charlotte,NC,28278,332,MANAGE
Greystar Management,Ares Management,Charlotte,24 - Southwest Charlotte,Norwood Steele Creek,13511 Montoy Way,Charlotte,NC,28273,272,MANAGE
Greystar Management,White Oak Partners,Charlotte,24 - Southwest Charlotte,Pringle Square,15155 Ollie Drive,Charlotte,NC,28273,292,MANAGE
Greystar Management,Catalyst Capital Partners,Charlotte,24 - Southwest Charlotte,"Wayford at Pringle Towns, The",10219 Guardian Drive,Charlotte,NC,28273,102,MANAGE
Greystar Management,Eaton Vance Real Estate Investment Group,Charlotte,24 - Southwest Charlotte,Whitehall Parc,8024 Whitehall Executive Center Drive,Charlotte,NC,28273,298,MANAGE
Greystar Management,Taylor Morrison,Charlotte,24 - Southwest Charlotte,Yardly City Park,100 Hive Drive,Charlotte,NC,28217,146,MANAGE
Greystar Management,Kaplan Residential,Charlotte,25 - Belmont,Reverie Belmont,520 McLean Avenue,Belmont,NC,28012,322,MANAGE
Greystar Management,River Rock,Charlotte,27 - Huntersville,Alexander Farms,8629 Chagrin Drive,Cornelius,NC,28031,212,MANAGE
Greystar Management,Origin Investments,Charlotte,27 - Huntersville,LANA,10410 Sam Furr Road,Huntersville,NC,28078,244,MANAGE
Greystar Management,Terwilliger Pappas,Charlotte,27 - Huntersville,Solis Birkdale,9035 Lindholm Drive,Huntersville,NC,28078,210,MANAGE
Greystar Management,White Oak Partners,Charlotte,28 - Kannapolis,Coddle Creek,2500 Ivy Hollow Place,Concord,NC,28027,328,MANAGE
Greystar Management,"Beach Company, The",Charlotte,31 - Monroe,"Everlin at Indian Trail, The",1021 Glenn Valley Lane,Indian Trail,NC,28079,204,MANAGE
Greystar Management,Taylor Morrison,Charlotte,31 - Monroe,Yardly Monroe,3380 Taylor Morrison Way,Monroe,NC,28110,151,MANAGE
Greystar Management,Childress Klein,Charlotte,32 - Ballantyne - Providence,Element Ballantyne,15711 Clems Creek Lane,Charlotte,NC,28277,281,MANAGE
Greystar Management,Greystar,Charlotte,32 - Ballantyne - Providence,Laurent,10500 Midway Park Drive,Charlotte,NC,28277,305,MANAGE
Greystar Management,Greystar,Charlotte,32 - Ballantyne - Providence,Overture Providence,6805 Walnut Branch Lane,Charlotte,NC,28277,175,MANAGE
Greystar Management,Heitman,Charlotte,32 - Ballantyne - Providence,"Sagewood, The",14325 Plantation Park Blvd,Charlotte,NC,28277,278,MANAGE
Greystar Management,Heitman,Charlotte,32 - Ballantyne - Providence,"Sawyer Providence Farm, The",6408 Providence Farm Lane,Charlotte,NC,28277,404,MANAGE
Greystar Management,Excelsa Holding,Charlotte,33 - Fort Mill,Fox Hunt Farms,355 Amistead Avenue,Fort Mill,SC,29708,276,MANAGE
Greystar Management,Foulger-Pratt,Charlotte,37 - Gastonia - south,Affinity at Hudson,2348 Layman Drive,Gastonia,NC,28054,143,MANAGE
Greystar Management,Foulger-Pratt,Charlotte,37 - Gastonia - south,Affinity at Kendrick,3308 Glade Drive,Gastonia,NC,28056,86,MANAGE
Greystar Management,River Rock,Charlotte,41 - Outlying Gaston County,River Rock at Dallas,1302 Dallas Cherryville Hwy,Dallas,NC,28034,99,MANAGE
Greystar Management,Wood Partners,Charlotte,43 - Mooresville,Alta Harris Farms,102 Kennedy Ridge Way,Mooresville,NC,28115,380,MANAGE
Greystar Management,Greystar,Charlotte,43 - Mooresville,Avana Lake Norman,123 Waterlynn Ridge Road,Mooresville,NC,28117,312,MANAGE
Greystar Management,Greystar,Charlotte,43 - Mooresville,Avana Landing,175 Carriage Club Drive,Mooresville,NC,28117,268,MANAGE
Greystar Management,Mission Properties,Charlotte,43 - Mooresville,Evermore,104 Herrings Green Loop,Mooresville,NC,28117,216,MANAGE
Greystar Management,Goldman Sachs & Company,Charlotte,43 - Mooresville,Legacy Lake Norman,121 Village Green Lane,Mooresville,NC,28117,229,MANAGE
Greystar Management,River Rock,Charlotte,43 - Mooresville,River Rock at Blume Road,129 Blume Road,Mooresville,NC,28117,108,MANAGE
Greystar Management,Buvermo Investments,Charlotte,47 - Lancaster County,Arden at Indian Land,2545 Jessamine Grove Drive,Indian Land,SC,29707,128,MANAGE
Greystar Management,Red Ventures,Charlotte,47 - Lancaster County,"Court at Redstone, The",3000 Fast Lane,Indian Land,SC,29707,260,MANAGE
Greystar Management,Argyle Real Estate Partners,Charlotte,47 - Lancaster County,"Indigo at Cross Creek, The",2001 Cramer Circle,Indian Land,SC,29707,303,MANAGE
Greystar Management,Graycliff Capital,Charlotte,47 - Lancaster County,"Mason at Six Mile Creek, The",5209 Craftsman Drive,Indian Land,SC,29707,300,MANAGE
Greystar Management,TruAmerica Multifamily,Chattanooga,9 - Red Bank,Ridgemont at Stringers Ridge,20 Mason Drive,Chattanooga,TN,37415,226,MANAGE
Greystar Management,North American Development Group,Chattanooga,13 - Tyner,"Hudson, The",6168 Foxboro Drive,Chattanooga,TN,37421,366,MANAGE
Greystar Management,Wood Partners,Chattanooga,31 - Dalton,"Dalton by Alta, The",501 West Waugh Street,Dalton,GA,30720,234,MANAGE
Greystar Management,Greystar,Chicago - Suburban,10 - Mundelein,Everleigh Vernon Hills,555 Lakeview Pkwy,Vernon Hills,IL,60061,187,MANAGE
Greystar Management,Synergy Construction Group,Chicago - Suburban,10 - Mundelein,Station 250,250 Plaza Circle,Mundelein,IL,60060,166,MANAGE
Greystar Management,PASSCO Real Estate,Chicago - Suburban,11 - Highland Park - Libertyville,"Atworth at Mellody Farm, The",1111 North Milwaukee Avenue,Vernon Hills,IL,60061,260,MANAGE
Greystar Management,"Tarson, Keith",Chicago - Suburban,17 - Arlington Heights,Waterford Place,313 West Happfield Drive,Arlington Heights,IL,60004,280,MANAGE
Greystar Management,Orion Residential,Chicago - Suburban,20 - Schaumburg,Orion Elk Grove,991 Charlela Lane,Elk Grove,IL,60007,192,MANAGE
Greystar Management,Orion Residential,Chicago - Suburban,21 - Mt Prospect,Orion ParkView,1821 West Golf Road,Mount Prospect,IL,60056,512,MANAGE
Greystar Management,Orion Residential,Chicago - Suburban,21 - Mt Prospect,Orion Prospect,475 West Enterprise Drive,Mount Prospect,IL,60056,783,MANAGE
Greystar Management,Greystar,Chicago - Suburban,26 - Lombard,Elan Yorktown,50 Yorktown Shopping Center,Lombard,IL,60148,295,MANAGE
Greystar Management,"Opus Group, The",Chicago - Suburban,26 - Lombard,"Marke of Elmhurst, The",100 North Addison Avenue,Elmhurst,IL,60126,164,MANAGE
Greystar Management,Greystar,Chicago - Suburban,26 - Lombard,Overture Yorktown,55 Yorktown Shopping Center,Lombard,IL,60148,175,MANAGE
Greystar Management,Ryan Companies,Chicago - Suburban,26 - Lombard,Vyne on Haven,100 North Haven Road,Elmhurst,IL,60126,200,MANAGE
Greystar Management,Artemis Real Estate Partners,Chicago - Suburban,30 - Aurora,Fox Pointe,2074 Fox Pointe Circle,Aurora,IL,60504,248,MANAGE
Greystar Management,Greystar,Chicago - Suburban,31 - Naperville - west,Everleigh Naperville,504 Commons Road,Naperville,IL,60563,146,MANAGE
Greystar Management,Standard Real Estate Investments,Chicago - Suburban,31 - Naperville - west,Fox Valley Villages,710 South Eola Road,Aurora,IL,60504,420,MANAGE
Greystar Management,Standard Real Estate Investments,Chicago - Suburban,31 - Naperville - west,Haven on Long Grove Apartments and Townhomes,826 Terrace Lake Drive,Aurora,IL,60504,416,MANAGE
Greystar Management,TWG Development,Chicago - Suburban,31 - Naperville - west,McDowell Point,1420 West Diehl Road,Naperville,IL,60563,174,MANAGE
Greystar Management,Orion Residential,Chicago - Suburban,31 - Naperville - west,Orion 59,30 West 041 Flamenco Court,Naperville,IL,60563,224,MANAGE
Greystar Management,Nuveen Real Estate,Chicago - Suburban,33 - Downers Grove,Dash Downers Grove,926 Maple Avenue,Downers Grove,IL,60515,167,MANAGE
Greystar Management,Heartland Real Estate Partners,Chicago - Suburban,40 - Orland Park,Highland Ridge,14158 South Hilltop Lane,Lockport,IL,60441,240,MANAGE
Greystar Management,D.R. Horton,Chicago - Suburban,49 - Outlying Kane County,Acadia Place at Cambridge Lakes North,1339 Grand Tetons Drive,Pingree Grove,IL,60140,99,MANAGE
Greystar Management,KJM Construction,Chicago - Suburban,52 - Outlying Will County,"Magnuson, The",19268 Magnuson Lane,Tinley Park,IL,60487,144,MANAGE
Greystar Management,CBRE Investment Management,Chicago - Urban,1 - Evanston - south,1717,1717 Ridge Avenue,Evanston,IL,60201,175,MANAGE
Greystar Management,High Street Residential,Chicago - Urban,1 - Evanston - south,Avidor Evanston,1727 Oak Avenue,Evanston,IL,60201,169,MANAGE
Greystar Management,Tishman Speyer,Chicago - Urban,7 - Lincoln Park,ELEVATE Lincoln Park,930 West Altgeld Street,Chicago,IL,60614,191,MANAGE
Greystar Management,Heitman,Chicago - Urban,8 - Near North Side,1225 Old Town,1225 North Wells Street,Chicago,IL,60610,250,MANAGE
Greystar Management,"Green Cities Company, The",Chicago - Urban,8 - Near North Side,420 East Ohio,420 East Ohio Street,Chicago,IL,60611,263,MANAGE
Greystar Management,Edge Principal Advisors,Chicago - Urban,8 - Near North Side,Aston,200 East Illinois Street,Chicago,IL,60611,325,MANAGE
Greystar Management,"Habitat Company, The",Chicago - Urban,8 - Near North Side,Hubbard Place,360 West Hubbard Street,Chicago,IL,60654,450,MANAGE
Greystar Management,Hartz Mountain Industries,Chicago - Urban,8 - Near North Side,One Superior Place,1 West Superior Street,Chicago,IL,60654,809,MANAGE
Greystar Management,PGIM Real Estate,Chicago - Urban,8 - Near North Side,SoNo East,840 West Blackhawk Street,Chicago,IL,60642,324,MANAGE
Greystar Management,Property Reserve,Chicago - Urban,9 - Loop,1001 South State,1001 South State Street,Chicago,IL,60605,397,MANAGE
Greystar Management,CMK Development,Chicago - Urban,9 - Loop,Imprint,717 South Clark Street,Chicago,IL,60605,349,MANAGE
Greystar Management,"Green Cities Company, The",Chicago - Urban,9 - Loop,Lake & Wells,210 North Wells Street,Chicago,IL,60606,329,MANAGE
Greystar Management,CMK Development,Chicago - Urban,10 - Near South Side,1400 South Wabash,1400 South Wabash Avenue,Chicago,IL,60605,299,MANAGE
Greystar Management,Greystar,Chicago - Urban,10 - Near South Side,1401 South State,1401 South State Street,Chicago,IL,60605,278,MANAGE
Greystar Management,CMK Development,Chicago - Urban,10 - Near South Side,Coeval,51 East 14th Street,Chicago,IL,60605,199,MANAGE
Greystar Management,CMK Development,Chicago - Urban,10 - Near South Side,Nevéseno,1717 South Michigan Avenue,Chicago,IL,60616,149,MANAGE
Greystar Management,High Street Residential,Chicago - Urban,19 - Wilmette - Northbrook,Avidor Glenview,650 Waukegan Road,Glenview,IL,60025,169,MANAGE
Greystar Management,Trilogy Real Estate Group,Chicago - Urban,22 - Skokie,Optima Old Orchard Woods,9739 Woods Drive,Skokie,IL,60077,172,MANAGE
Greystar Management,Tucker Development Corporation,Chicago - Urban,23 - North Park - Niles,District 1860,7215 District Avenue,Lincolnwood,IL,60712,299,MANAGE
Greystar Management,Trilogy Real Estate Group,Chicago - Urban,23 - North Park - Niles,Park 205,205 West Touhy Avenue,Park Ridge,IL,60068,115,MANAGE
Greystar Management,Clayco Realty Group,Chicago - Urban,25 - Irving Park - Logan Square,A.M. 1980,1980 North Milwaukee Avenue,Chicago,IL,60647,132,MANAGE
Greystar Management,Mercury Capital,Chicago - Urban,29 - West Town - Garfield Park,Luxe on Chicago,1838 West Chicago Avenue,Chicago,IL,60622,59,MANAGE
Greystar Management,Bond Companies,Chicago - Urban,29 - West Town - Garfield Park,Spoke,728 North Morgan Street,Chicago,IL,60642,363,MANAGE
Greystar Management,"Green Cities Company, The",Chicago - Urban,30 - Near West Side,Catalyst,123 North Desplaines Street,Chicago,IL,60661,223,MANAGE
Greystar Management,High Street Residential,Chicago - Urban,30 - Near West Side,Flora,1114 West Carroll Avenue,Chicago,IL,60607,368,MANAGE
Greystar Management,Greystar,Chicago - Urban,30 - Near West Side,One Six Six,166 North Aberdeen Street,Chicago,IL,60607,224,MANAGE
Greystar Management,Tishman Speyer,Chicago - Urban,30 - Near West Side,Union West,939 West Washington Blvd,Chicago,IL,60607,357,MANAGE
Greystar Management,Loukas Development,Chicago - Urban,30 - Near West Side,"Van Buren, The",808 West Van Buren,Chicago,IL,60607,148,MANAGE
Greystar Management,TIAA,Chicago - Urban,32 - Berwyn,Uptown La Grange,31 East Ogden Avenue,La Grange,IL,60525,254,MANAGE
Greystar Management,Messer,Cincinnati,5 - Cincinnati - Avondale,University Station,1725 Cleneay Avenue,Norwood,OH,45212,228,MANAGE
Greystar Management,Stoneweg US,Cincinnati,37 - Covington\Newport,John R. Green Lofts,437 West 6th Street,Covington,KY,41011,178,MANAGE
Greystar Management,Axonic Capital,Cleveland - Akron,1 - Cleveland_Downtown,Flats at East Bank,1055 Old River Road,Cleveland,OH,44113,240,MANAGE
Greystar Management,Benefit Street Partners,Cleveland - Akron,1 - Cleveland_Downtown,LIV Cleveland,1801 East 12th Street,Cleveland,OH,44114,407,MANAGE
Greystar Management,Glen Una Properties,Cleveland - Akron,41 - Kent,Campus Pointe,1841 Ashton Lane,Kent,OH,44240,198,MANAGE
Greystar Management,Titan Development,Colorado Springs,2 - Old Colorado City/Manitou Springs,Allaso Peak,2485 Bravery Heights,Colorado Springs,CO,80907,253,MANAGE
Greystar Management,Benedict Canyon Equities,Colorado Springs,4 - Pinecliff/Rockrimmon,Artemis at Spring Canyon,4510 Spring Canyon Heights,Colorado Springs,CO,80907,292,MANAGE
Greystar Management,Kennedy Wilson,Colorado Springs,4 - Pinecliff/Rockrimmon,Rockrimmon,5824 Walsh Point Drive,Colorado Springs,CO,80919,260,MANAGE
Greystar Management,Benedict Canyon Equities,Colorado Springs,5 - Northgate/Flying Horse,Pines at Broadmoor Bluffs,5 Watch Hill Drive,Colorado Springs,CO,80906,108,MANAGE
Greystar Management,Greystar,Colorado Springs,5 - Northgate/Flying Horse,Talon Hill Apartment Homes,1640 Peregrine Vista Heights,Colorado Springs,CO,80921,276,MANAGE
Greystar Management,White Oak Partners,Colorado Springs,5 - Northgate/Flying Horse,Vue 21,4610 Nautilus Peak View,Colorado Springs,CO,80924,479,MANAGE
Greystar Management,Sunroad Enterprises,Colorado Springs,5 - Northgate/Flying Horse,"Zeb, The",1721 Telstar Drive,Colorado Springs,CO,80920,193,MANAGE
Greystar Management,Rivendell Global Real Estate,Colorado Springs,6 - Briargate/West Norwood,Commons at Briargate,2845 Freewood Point,Colorado Springs,CO,80920,194,MANAGE
Greystar Management,"Continental Properties - Menomonee Falls, WI",Colorado Springs,6 - Briargate/West Norwood,Forge at Briargate,7940 Brayden Point,Colorado Springs,CO,80920,300,MANAGE
Greystar Management,Tirol Housing,Colorado Springs,10 - East Norwood,Alpine Vista,6270 Barnes Road,Colorado Springs,CO,80922,242,MANAGE
Greystar Management,Benedict Canyon Equities,Colorado Springs,10 - East Norwood,Champions,4505 Dublin Blvd,Colorado Springs,CO,80923,332,MANAGE
Greystar Management,Lonestar Development Partners,Colorado Springs,10 - East Norwood,"Madison at Stetson Hills, The",6415 Templeton Gap Road,Colorado Springs,CO,80923,149,MANAGE
Greystar Management,Jackson Dearborn Partners,Colorado Springs,10 - East Norwood,Solace at the Ranch,8073 Chardonnay Grove,Colorado Springs,CO,80927,374,MANAGE
Greystar Management,Stillwater Capital,Colorado Springs,10 - East Norwood,"Taylor at Greenway, The",2925 Greenway Creek View,Colorado Springs,CO,80922,330,MANAGE
Greystar Management,AHV Communities,Colorado Springs,11 - Security/Rustic Hills,"Selby, The",3157 Silver Drive,Colorado Springs,CO,80916,163,MANAGE
Greystar Management,Greystar,Colorado Springs,13 - Knob Hill/Hillside,Fiona,400 East Pikes Peak Avenue,Colorado Springs,CO,80903,321,MANAGE
Greystar Management,Alberta Development Partners,Colorado Springs,13 - Knob Hill/Hillside,"Plaza at Pikes Peak, The",710 East Pikes Peak Avenue,Colorado Springs,CO,80903,215,MANAGE
Greystar Management,Benedict Canyon Equities,Colorado Springs,15 - Eastborough,Oakdale Springs,255 Lionstone Drive,Colorado Springs,CO,80916,288,MANAGE
Greystar Management,Benedict Canyon Equities,Colorado Springs,16 - Gateway Park,Nash Springs,4275 Sanders View,Colorado Springs,CO,80916,300,MANAGE
Greystar Management,Benedict Canyon Equities,Colorado Springs,18 - Pikes Peak Park North/Eastlake,"Vue at Spring Creek, The",1836 Ralphs Ridge,Colorado Springs,CO,80910,280,MANAGE
Greystar Management,Greystar,Colorado Springs,19 - Ivywild/Stratton Meadows/Lower Skyway,Dorian,626 South Wahsatch Avenue,Colorado Springs,CO,80903,207,MANAGE
Greystar Management,Greystar,Colorado Springs,19 - Ivywild/Stratton Meadows/Lower Skyway,Ensley,505 South Weber Street,Colorado Springs,CO,80903,277,MANAGE
Greystar Management,Proffitt Dixon Partners,Columbia,1 - Columbia - Downtown,Bennet at BullStreet,2180 Pickens Street,Columbia,SC,29201,269,MANAGE
Greystar Management,Commonwealth Properties,Columbia,1 - Columbia - Downtown,Vista Commons,1100 Pulaski Street,Columbia,SC,29201,184,MANAGE
Greystar Management,Spain Companies,Columbia,5 - Forest Acres,42 Magnolia,5150 Forest Drive,Columbia,SC,29206,196,MANAGE
Greystar Management,Spain Companies,Columbia,5 - Forest Acres,5000 Forest,5150 Forest Drive,Columbia,SC,29206,126,MANAGE
Greystar Management,Abacus Capital,Columbia,6 - Columbia - Southeast,Meadows at Burnside Farms,1120 Corner Wind Lane,Columbia,SC,29209,308,MANAGE
Greystar Management,AVR Realty,Columbia,10 - St. Andrews,Atlantic at Parkridge,356 Lake Murray Blvd,Irmo,SC,29603,298,MANAGE
Greystar Management,One Real Estate Investment,Columbia,11 - Pontiac-Elgin,"One at Columbia, The",4415 Percival Road,Columbia,SC,29229,360,MANAGE
Greystar Management,Trilogy Real Estate Group,Columbus,35 - Lewis Center,Kenyon Square,9220 Worthington Road,Westerville,OH,43082,218,MANAGE
Greystar Management,Trilogy Real Estate Group,Columbus,35 - Lewis Center,Mirada,1 Mirada Drive North,Lewis Center,OH,43035,256,MANAGE
Greystar Management,Alliance Residential Company,Columbus GA,6 - Columbus - North,Prose Columbus,6700 River Road,Columbus,GA,31904,340,MANAGE
Greystar Management,Greystar,Columbus GA,20 - Auburn,Accolade Auburn,345 South College Street,Auburn,AL,36830,423,MANAGE
Greystar Management,CREM Capital,Cornell University,1 - Cornell University,City Centre Ithaca,301 East State Street,Ithaca,NY,14850,192,MANAGE
Greystar Management,Greystar,Cornell University,1 - Cornell University,Maplewood,121 Veterans Place,Ithaca,NY,14850,444,MANAGE
Greystar Management,Blackard Global,Corpus Christi,,Lighthouse Pointe,4933 West Causeway Blvd,Corpus Christi,TX,78402,159,MANAGE
Greystar Management,Tradewind Properties,Corpus Christi,5 - Oso Bay,South Bay,1701 Ennis Joslin Road,Corpus Christi,TX,78412,270,MANAGE
Greystar Management,Sundance Bay,Corpus Christi,6 - South Side,Azure,7221 South Staples Street,Corpus Christi,TX,78413,220,MANAGE
Greystar Management,Tradewind Properties,Corpus Christi,6 - South Side,Copper Ridge,6635 South Staples Street,Corpus Christi,TX,78413,344,MANAGE
Greystar Management,Alliance Residential Company,Corpus Christi,6 - South Side,Prose Solaire,6640 Yorktown Blvd,Corpus Christi,TX,78414,303,MANAGE
Greystar Management,Castle Lanterra Properties,Corpus Christi,6 - South Side,Sage Corpus Christi,5702 Timbergate Drive,Corpus Christi,TX,78414,284,MANAGE
Greystar Management,Mesirow Financial,Dallas - North,1 - Dallas - Downtown,555 Ross Avenue,1777 North Record Street,Dallas,TX,75202,267,MANAGE
Greystar Management,Stockdale Capital Partners,Dallas - North,1 - Dallas - Downtown,Amelia at Farmers Market,999 South Harwood Street,Dallas,TX,75201,296,MANAGE
Greystar Management,AT&T,Dallas - North,1 - Dallas - Downtown,Interurban Building,1500 Jackson Street,Dallas,TX,75201,134,MANAGE
Greystar Management,Todd Interests,Dallas - North,1 - Dallas - Downtown,"National, The",1401 Elm Street,Dallas,TX,75202,324,MANAGE
Greystar Management,Vero Capital,Dallas - North,2 - Dallas - Uptown,3700M,3700 McKinney Avenue,Dallas,TX,75204,381,MANAGE
Greystar Management,American Realty Advisors,Dallas - North,2 - Dallas - Uptown,ALARA Uptown,2990 Blackburn Street,Dallas,TX,75204,294,MANAGE
Greystar Management,Greystar,Dallas - North,2 - Dallas - Uptown,Ascent Victory Park,2588 North Houston Street,Dallas,TX,75219,302,MANAGE
Greystar Management,Madera Companies,Dallas - North,2 - Dallas - Uptown,Cirque Residences,2500 North Houston Street,Dallas,TX,75219,252,MANAGE
Greystar Management,Brookfield Properties,Dallas - North,2 - Dallas - Uptown,Haus 2828,2828 Woodside Street,Dallas,TX,75204,94,MANAGE
Greystar Management,RREEF Property Trust,Dallas - North,2 - Dallas - Uptown,Manchester State Thomas,3010 State Street,Dallas,TX,75204,422,MANAGE
Greystar Management,GenCap Partners,Dallas - North,2 - Dallas - Uptown,Miro,2225 North Harwood Street,Dallas,TX,75201,180,MANAGE
Greystar Management,"Connell Company, The",Dallas - North,2 - Dallas - Uptown,Riviera at West Village,3530 Travis Street,Dallas,TX,75204,150,MANAGE
Greystar Management,PGIM Real Estate,Dallas - North,3 - Dallas - Old East,Ambrose,2901 Indiana Street,Dallas,TX,75226,338,MANAGE
Greystar Management,Madera Companies,Dallas - North,3 - Dallas - Old East,"Armstrong at Knox, The",4525 Cole Avenue,Dallas,TX,75205,165,MANAGE
Greystar Management,Conor Commercial Real Estate,Dallas - North,3 - Dallas - Old East,"Flynn at Live Oak, The",4931 Live Oak Street,Dallas,TX,75206,327,MANAGE
Greystar Management,Drever Capital Management,Dallas - North,3 - Dallas - Old East,"Mitchell Lofts, The",3800 Commerce Street,Dallas,TX,75226,79,MANAGE
Greystar Management,Greystar,Dallas - North,3 - Dallas - Old East,Oak & Ellum,2627 Live Oak Street,Dallas,TX,75204,424,MANAGE
Greystar Management,Dallas Housing Finance Corporation,Dallas - North,4 - Dallas - Oak Lawn,"Dylan, The",4533 Cedar Springs,Dallas,TX,75219,125,MANAGE
Greystar Management,Invesco Real Estate,Dallas - North,4 - Dallas - Oak Lawn,Gallery at Turtle Creek,3427 Cedar Springs Road,Dallas,TX,75219,367,MANAGE
Greystar Management,Unified Housing Foundation,Dallas - North,4 - Dallas - Oak Lawn,Inwood on the Park,5720 Forest Park Road,Dallas,TX,75235,312,MANAGE
Greystar Management,Crow Holdings,Dallas - North,4 - Dallas - Oak Lawn,Seville Uptown,2626 Reagan Street,Dallas,TX,75219,363,MANAGE
Greystar Management,GenCap Partners,Dallas - North,5 - Highland Park,"Herschel, The",4220 Herschel Avenue,Dallas,TX,75219,80,MANAGE
Greystar Management,Goldrich & Kest,Dallas - North,5 - Highland Park,NOVEL Turtle Creek,4251 Irving Avenue,Dallas,TX,75219,208,MANAGE
Greystar Management,New York Life Insurance Company,Dallas - North,6 - Dallas - Greenville South,"Avery on Southwestern, The",8910 Southwestern Blvd,Dallas,TX,75214,422,MANAGE
Greystar Management,DRW Trading Group,Dallas - North,6 - Dallas - Greenville South,Eastline Residences,6050 North Central Expwy,Dallas,TX,75206,330,MANAGE
Greystar Management,Madera Companies,Dallas - North,7 - Dallas - Lakewood,Tenison at White Rock,7440 La Vista Drive,Dallas,TX,75214,252,MANAGE
Greystar Management,Strategic Property Investment,Dallas - North,7 - Dallas - Lakewood,Winsted at White Rock,2210 Winsted Drive,Dallas,TX,75214,314,MANAGE
Greystar Management,CBRE Investment Management,Dallas - North,9 - Dallas - University Park,"Laurel Preston Hollow, The",8600 Preston Road,Dallas,TX,75225,159,MANAGE
Greystar Management,Greystar,Dallas - North,9 - Dallas - University Park,Renaissance at Preston Hollow,8600 Thackery Street,Dallas,TX,75225,291,MANAGE
Greystar Management,Waterford Property Company,Dallas - North,10 - Dallas - Vickery Meadow,Domain at Midtown Park,8169 Midtown Blvd,Dallas,TX,75231,395,MANAGE
Greystar Management,CBRE Investment Management,Dallas - North,12 - Dallas - Lochwood - Highland Meadows,Shoreview Flats,10151 Shoreview Road,Dallas,TX,75238,235,MANAGE
Greystar Management,Prospect Ridge,Dallas - North,14 - Dallas - Northwest,Bluffs at Midway Hollow,3900 West Northwest Hwy,Dallas,TX,75220,473,MANAGE
Greystar Management,Trammell Crow Residential,Dallas - North,15 - Dallas - Preston,Alexan at the Galleria,13970 Noel Road,Dallas,TX,75240,239,MANAGE
Greystar Management,Ashland Greene Capital,Dallas - North,15 - Dallas - Preston,Cleo,5301 Alpha Road,Dallas,TX,75240,202,MANAGE
Greystar Management,Greystar,Dallas - North,15 - Dallas - Preston,Elan Inwood,12001 Inwood Road,Dallas,TX,75244,180,MANAGE
Greystar Management,Greystar,Dallas - North,15 - Dallas - Preston,Everleigh Forestwood,11881 Inwood Road,Dallas,TX,75244,190,MANAGE
Greystar Management,Westmount Realty Capital,Dallas - North,15 - Dallas - Preston,"Premier at Prestonwood, The",14827 Preston Road,Dallas,TX,75254,208,MANAGE
Greystar Management,Wood Partners,Dallas - North,16 - Dallas - Park Central,Alta Park Central,12389 Merit Drive,Dallas,TX,75251,297,MANAGE
Greystar Management,Dallas Housing Finance Corporation,Dallas - North,16 - Dallas - Park Central,"Briscoe, The",12639 Coit Road,Dallas,TX,75251,322,MANAGE
Greystar Management,McFarlin Group,Dallas - North,17 - Dallas - Far North,Elate Bent Tree,4695 Haverwood Lane,Dallas,TX,75287,200,MANAGE
Greystar Management,Legacy Real Estate Development,Dallas - North,17 - Dallas - Far North,"Georgian, The",18880 Marsh Lane,Dallas,TX,75287,288,MANAGE
Greystar Management,White Oak Partners,Dallas - North,18 - Addison - Farmers Branch,Addison Grove,4150 Belt Line Road,Addison,TX,75001,321,MANAGE
Greystar Management,Greystar,Dallas - North,18 - Addison - Farmers Branch,Allegro Addison Circle,15750 Spectrum Drive,Addison,TX,75001,393,MANAGE
Greystar Management,Grand Peaks Properties,Dallas - North,20 - Richardson - North,Canterbury Courts,2600 East Renner Road,Richardson,TX,75082,240,MANAGE
Greystar Management,Rosewood Property Company,Dallas - North,20 - Richardson - North,Creekside Townhomes,3650 Custer Pkwy,Richardson,TX,75080,162,MANAGE
Greystar Management,"Kondo, Yutaka",Dallas - North,20 - Richardson - North,Madison at Melrose Apartment Homes,1520 Richardson Drive,Richardson,TX,75080,200,MANAGE
Greystar Management,MG Properties,Dallas - North,20 - Richardson - North,Ovation at Galatyn Park,2323 Plaza Blvd,Richardson,TX,75082,361,MANAGE
Greystar Management,Madera Companies,Dallas - North,21 - Carrollton - South,"Lochley, The",3560 Country Square Drive,Carrollton,TX,75006,128,MANAGE
Greystar Management,Avenida Partners,Dallas - North,22 - Carrollton - North,Avenida Carrollton,1875 Arbor Creek Drive,Carrollton,TX,75010,203,MANAGE
Greystar Management,Madera Companies,Dallas - North,22 - Carrollton - North,"Ellis, The",4221 Old Denton Road,Carrollton,TX,75010,330,MANAGE
Greystar Management,Madera Companies,Dallas - North,23 - Garland - South,Mission Fairways,801 West Interstate 30,Mesquite,TX,75150,220,MANAGE
Greystar Management,Madera Companies,Dallas - North,23 - Garland - South,Waterside Apartment Homes,1365 East Interstate 30,Garland,TX,75043,80,MANAGE
Greystar Management,Wood Partners,Dallas - North,24 - Garland - North,Alta Firewheel,3422 Firewheel Pkwy,Garland,TX,75040,250,MANAGE
Greystar Management,Cypress Equity Investments,Dallas - North,24 - Garland - North,Dane Park North Garland,6200 North Shiloh Road,Garland,TX,75044,338,MANAGE
Greystar Management,PMB Capital Investments,Dallas - North,25 - Rowlett,Adaline at The Station,4900 The Station Blvd,Sachse,TX,75048,297,MANAGE
Greystar Management,Madera Companies,Dallas - North,26 - Plano - West,Hunters Glen,6400 Independence Pkwy,Plano,TX,75023,276,MANAGE
Greystar Management,Intercontinental Real Estate,Dallas - North,26 - Plano - West,Kincaid at Legacy,7200 Dallas Pkwy,Plano,TX,75024,300,MANAGE
Greystar Management,Grand Peaks Properties,Dallas - North,26 - Plano - West,"Livingston, The",6301 Windhaven Pkwy,Plano,TX,75093,180,MANAGE
Greystar Management,Rosewood Property Company,Dallas - North,26 - Plano - West,"Ludlow, The",601 Belpree Drive,Plano,TX,75075,326,MANAGE
Greystar Management,Capitol Seniors Housing,Dallas - North,26 - Plano - West,"Orchards at Market Plaza, The",3640 Mapleshade Lane,Plano,TX,75075,180,MANAGE
Greystar Management,Diversified Healthcare Trust,Dallas - North,26 - Plano - West,Overture Plano,500 Coit Road,Plano,TX,75075,169,MANAGE
Greystar Management,UBS Realty Investors,Dallas - North,26 - Plano - West,Towns of Chapel Hill,6201 Chapel Hill Blvd,Plano,TX,75093,232,MANAGE
Greystar Management,LaSalle Investment Management,Dallas - North,26 - Plano - West,Villas at Legacy,5301 West Spring Creek Pkwy,Plano,TX,75024,328,MANAGE
Greystar Management,Ascendant Capital Partners,Dallas - North,29 - Frisco,4 Corners,1690 FM 423,Frisco,TX,75033,390,MANAGE
Greystar Management,Madera Companies,Dallas - North,29 - Frisco,"Brook, The",7549 Stonebrook Pkwy,Frisco,TX,75034,414,MANAGE
Greystar Management,White Oak Partners,Dallas - North,29 - Frisco,Cadence at Frisco Station,4160 Gridiron Road,Frisco,TX,75034,322,MANAGE
Greystar Management,Rose Valley Capital,Dallas - North,29 - Frisco,"Kathryn, The",4255 Cotton Gin Road,Frisco,TX,75034,365,MANAGE
Greystar Management,Prospect Ridge,Dallas - North,29 - Frisco,"Margo, The",4545 Mission Avenue,Frisco,TX,75034,358,MANAGE
Greystar Management,Greystar,Dallas - North,29 - Frisco,Overture Frisco,4140 Legendary Drive,Frisco,TX,75034,162,MANAGE
Greystar Management,Grand Peaks Properties,Dallas - North,29 - Frisco,Republic House at Frisco Bridges,8568 Warren Pkwy,Frisco,TX,75034,262,MANAGE
Greystar Management,Trammell Crow Residential,Dallas - North,30 - McKinney - West,Arista McKinney,3901 James Pitts Drive,McKinney,TX,75071,169,MANAGE
Greystar Management,D.R. Horton,Dallas - North,30 - McKinney - West,Ascend at McKinney North,3601 James Pitts Drive,McKinney,TX,75071,296,MANAGE
Greystar Management,Arnel & Affiliates,Dallas - North,31 - McKinney - East,McKinney Terrace,1703 Rockhill Road,McKinney,TX,75069,354,MANAGE
Greystar Management,Pillar Income Asset Management,Dallas - North,31 - McKinney - East,"Merano, The",1570 Heritage Drive,McKinney,TX,75069,216,MANAGE
Greystar Management,Madera Companies,Dallas - North,31 - McKinney - East,Oaklyn,1600 Heritage Drive,McKinney,TX,75069,200,MANAGE
Greystar Management,Madera Companies,Dallas - North,31 - McKinney - East,Woodlyn,123 Wilson Creek Blvd,McKinney,TX,75069,200,MANAGE
Greystar Management,Wood Partners,Dallas - North,32 - Allen,Alta at the Farm,1287 Blue Tractor Lane,Allen,TX,75013,325,MANAGE
Greystar Management,Wood Partners,Dallas - North,32 - Allen,Alta Magnolia,1245 Blue Tractor Lane,Allen,TX,75013,308,MANAGE
Greystar Management,Rivendell Global Real Estate,Dallas - North,32 - Allen,Benton Pointe,205 Benton Drive,Allen,TX,75013,456,MANAGE
Greystar Management,Drever Capital Management,Dallas - North,32 - Allen,Larkspur at Twin Creeks,860 Junction Drive,Allen,TX,75013,243,MANAGE
Greystar Management,Castle Lanterra Properties,Dallas - North,32 - Allen,"Link at Twin Creeks, The",729 Junction Drive,Allen,TX,75013,367,MANAGE
Greystar Management,Greystar,Dallas - North,32 - Allen,Overture Fairview,220 Convention Drive,Fairview,TX,75069,195,MANAGE
Greystar Management,Thompson Realty Capital,Dallas - North,32 - Allen,"Reflection at Montgomery Ridge, The",1160 Montgomery Blvd,Allen,TX,75013,342,MANAGE
Greystar Management,Rivendell Global Real Estate,Dallas - North,32 - Allen,Settler's Gate Apartment Homes,1420 West McDermott Drive,Allen,TX,75013,432,MANAGE
Greystar Management,Madera Companies,Dallas - North,34 - Rockwall,Mission Rockwall,923 West Yellow Jacket Lane,Rockwall,TX,75087,224,MANAGE
Greystar Management,Sankalp Developers,Dallas - North,35 - Aubrey,Autry at Legacy,4525 South Legacy Drive,Prosper,TX,75078,297,MANAGE
Greystar Management,"Viramontes Nales, Miguel A.",Dallas - North,35 - Aubrey,Latitude Magnolia,14864 Fishtrap Road,Aubrey,TX,76227,336,MANAGE
Greystar Management,"Singh, Sanjeev",Dallas - North,35 - Aubrey,Peak at 1385,3845 Frontier Pkwy,Aubrey,TX,76227,328,MANAGE
Greystar Management,Alpine Start Development,Dallas - North,36 - Celina,Alpine Ten55,1055 South Oklahoma Drive,Celina,TX,75009,303,MANAGE
Greystar Management,D.R. Horton,Dallas - North,36 - Celina,Ascend at Celina Hills,1325 Choate Pkwy,Celina,TX,75009,345,MANAGE
Greystar Management,Stoneweg US,Dallas - North,36 - Celina,Prosper Crossings,4400 Prairie Crossing,Prosper,TX,75078,324,MANAGE
Greystar Management,Taylor Morrison,Dallas - North,36 - Celina,Yardly Cross Creek Meadows,1320 Old Glendenning Road,Celina,TX,75009,266,MANAGE
Greystar Management,D.R. Horton,Dallas - North,37 - Anna - Melissa,Cottages at Lindsey Place,2200 North Buddy Hayes Blvd,Anna,TX,75409,130,MANAGE
Greystar Management,Alliance Residential Company,Dallas - North,37 - Anna - Melissa,Prose Stoneridge,2911 Central Expwy,Melissa,TX,75454,336,MANAGE
Greystar Management,Alliance Residential Company,Dallas - North,37 - Anna - Melissa,Prose Town Square Anna,615 East Foster Crossing Road,Anna,TX,75409,354,MANAGE
Greystar Management,Taylor Morrison,Dallas - North,37 - Anna - Melissa,Yardly Stoneridge,230 West Melissa Road,Melissa,TX,75454,220,MANAGE
Greystar Management,Taylor Morrison,Dallas - North,37 - Anna - Melissa,Yardly Town Center,151 South Buddy Hayes Blvd,Anna,TX,75409,157,MANAGE
Greystar Management,D.R. Horton,Dallas - North,38 - Princeton,Ascend at Elevon,455 Elevon Pkwy,Lavon,TX,75166,325,MANAGE
Greystar Management,D.R. Horton,Dallas - North,38 - Princeton,Casitas at Elevon,445 Elevon Pkwy,Lavon,TX,75166,156,MANAGE
Greystar Management,Taylor Morrison,Dallas - North,38 - Princeton,Yardly Elevon,200 Villas Drive,Lavon,TX,75166,251,MANAGE
Greystar Management,Greystar,Dallas - North,40 - Sherman,Birchway Sherman,601 Graham Drive,Sherman,TX,75092,340,MANAGE
Greystar Management,Grand Peaks Properties,Dallas - Suburban,5 - Dallas - Oak Cliff East,Grand Estates at Kessler Park,1520 North Beckley Avenue,Dallas,TX,75203,338,MANAGE
Greystar Management,Grand Peaks Properties,Dallas - Suburban,5 - Dallas - Oak Cliff East,Urban House,1409 North Zang Blvd,Dallas,TX,75203,336,MANAGE
Greystar Management,Waterford Property Company,Dallas - Suburban,6 - Dallas - Oak Cliff North,Axis Kessler Park,2400 Fort Worth Avenue,Dallas,TX,75211,301,MANAGE
Greystar Management,ECM Development,Dallas - Suburban,6 - Dallas - Oak Cliff North,Echelon at Reverchon Bluffs,2603 West Davis Street,Dallas,TX,75211,82,MANAGE
Greystar Management,Westmount Realty Capital,Dallas - Suburban,6 - Dallas - Oak Cliff North,Skyline at Kessler,2511 Wedglea Drive,Dallas,TX,75211,299,MANAGE
Greystar Management,Madera Companies,Dallas - Suburban,12 - Mesquite,Lake Colony,4605 Chaha Road,Garland,TX,75043,371,MANAGE
Greystar Management,Madera Companies,Dallas - Suburban,12 - Mesquite,Waterside Apartment Homes II,4501 Bobtown Road,Garland,TX,75043,68,MANAGE
Greystar Management,Pivotal Residential,Dallas - Suburban,17 - Grand Prairie - South,Casona Grand Prairie,3900 Robinson Road,Grand Prairie,TX,75052,305,MANAGE
Greystar Management,Alliance Residential Company,Dallas - Suburban,17 - Grand Prairie - South,"Westlyn, The",1150 East IH 20,Grand Prairie,TX,75052,300,MANAGE
Greystar Management,Pillar Income Asset Management,Dallas - Suburban,22 - Farmers Branch,Dominion at Mercer Crossing,11771 Mira Lago Blvd,Farmers Branch,TX,75234,256,MANAGE
Greystar Management,Legacy Real Estate Development,Dallas - Suburban,23 - Irving - South,Creekwood,4208 West Pioneer Drive,Irving,TX,75061,232,MANAGE
Greystar Management,Wood Partners,Dallas - Suburban,24 - Irving - Las Colinas,Alta Riverside,100 West Interstate Highway 161,Irving,TX,75039,280,MANAGE
Greystar Management,McDowell Properties,Dallas - Suburban,24 - Irving - Las Colinas,Lakeshore Lofts,800 Lake Carolyn Pkwy,Irving,TX,75039,341,MANAGE
Greystar Management,UBS Realty Investors,Dallas - Suburban,24 - Irving - Las Colinas,Lakeside Urban Center,850 Lake Carolyn Pkwy,Irving,TX,75039,317,MANAGE
Greystar Management,American Residential Group,Dallas - Suburban,24 - Irving - Las Colinas,"Mustang, The",601 East Las Colinas Blvd,Irving,TX,75039,275,MANAGE
Greystar Management,TruAmerica Multifamily,Dallas - Suburban,24 - Irving - Las Colinas,Rancho Mirage,1200 Hidden Ridge,Irving,TX,75038,310,MANAGE
Greystar Management,CAF Capital Partners,Dallas - Suburban,25 - Irving - Valley Ranch,"Lyndon, The",7902 North MacArthur Blvd,Irving,TX,75063,504,MANAGE
Greystar Management,CBRE Investment Management,Dallas - Suburban,26 - Coppell,St. Marin,1717 East Belt Line Road,Coppell,TX,75019,603,MANAGE
Greystar Management,LaSalle Investment Management,Dallas - Suburban,26 - Coppell,Townlake of Coppell,215 North Moore Blvd,Coppell,TX,75019,398,MANAGE
Greystar Management,Madera Companies,Dallas - Suburban,27 - Lewisville,Barrow Apartment Homes,247 East Southwest Pkwy,Lewisville,TX,75067,280,MANAGE
Greystar Management,"Patel, Vinodbhai T.",Dallas - Suburban,27 - Lewisville,"Luxe at Lewisville, The",2400 Ace Lane,Lewisville,TX,75067,148,MANAGE
Greystar Management,Madera Companies,Dallas - Suburban,27 - Lewisville,Saratoga,2201 Rockbrook Drive,Lewisville,TX,75067,440,MANAGE
Greystar Management,Pillar Income Asset Management,Dallas - Suburban,27 - Lewisville,Tower Bay Lofts,3000 North Stemmons Fwy,Lewisville,TX,75077,308,MANAGE
Greystar Management,Prospect Ridge,Dallas - Suburban,27 - Lewisville,Vista 121,2241 South State Highway 121,Lewisville,TX,75067,270,MANAGE
Greystar Management,Leon Capital Group,Dallas - Suburban,28 - Corinth,Lakesound,3500 FM 2181,Hickory Creek,TX,75065,360,MANAGE
Greystar Management,Greystar,Dallas - Suburban,28 - Corinth,Marlowe Corinth Groves,3251 Lake Sharon Drive,Corinth,TX,76210,382,MANAGE
Greystar Management,White Oak Partners,Dallas - Suburban,29 - Flower Mound,301 Flower Mound,301 Silveron Blvd,Flower Mound,TX,75022,350,MANAGE
Greystar Management,St. Regis Properties,Dallas - Suburban,29 - Flower Mound,Eastbank at Riverwalk,3900 Riverwalk Drive,Flower Mound,TX,75028,225,MANAGE
Greystar Management,Mesirow Financial,Dallas - Suburban,29 - Flower Mound,Eleven11 Lexington at Flower Mound,1111 Lexington Avenue,Flower Mound,TX,75028,222,MANAGE
Greystar Management,Greystar,Dallas - Suburban,29 - Flower Mound,Overture Flower Mound,2771 Lakeside Pkwy,Flower Mound,TX,75022,200,MANAGE
Greystar Management,Hines Interests,Dallas - Suburban,30 - Roanoke - Fort Worth North,Meadowlark at Wildflower Ranch,1309 Water Canna Drive,Justin,TX,76247,129,MANAGE
Greystar Management,Wood Partners,Dallas - Suburban,32 - Denton - University,Alta Rayzor Ranch,2400 Linden Drive,Denton,TX,76201,192,MANAGE
Greystar Management,Greystar,Dallas - Suburban,33 - Denton - South,Birchway Denton,1710 Northstar Road,Denton,TX,76208,336,MANAGE
Greystar Management,Denton Housing Authority,Dallas - Suburban,33 - Denton - South,Elan Denton,1501 Northstar Road,Denton,TX,76208,302,MANAGE
Greystar Management,Greystar,Dallas - Suburban,33 - Denton - South,Marlowe Denton,1735 Northstar Road,Denton,TX,76208,521,MANAGE
Greystar Management,Tradewind Properties,Dallas - Suburban,33 - Denton - South,Timberlinks at Denton,5201 Par Drive,Denton,TX,76208,480,MANAGE
Greystar Management,Wood Partners,Dallas - Suburban,34 - Denton - North,Alta Denton Station,3909 North Loop 288,Denton,TX,76208,248,MANAGE
Greystar Management,Wood Partners,Dallas - Suburban,34 - Denton - North,Alta Monarch Crossing,1250 Randall Street,Denton,TX,76207,294,MANAGE
Greystar Management,PGIM Real Estate,Dallas - Suburban,34 - Denton - North,"Beverley at Denton, The",3500 North Bonnie Brae Street,Denton,TX,76207,316,MANAGE
Greystar Management,Taylor Morrison,Dallas - Suburban,34 - Denton - North,Yardly Elm,4005 North Elm Street,Denton,TX,76207,316,MANAGE
Greystar Management,CESM Real Estate,Dallas - Suburban,36 - Red Oak,Emerson at Red Oak,351 Hickory Creek Drive,Red Oak,TX,75154,306,MANAGE
Greystar Management,Kalterra Capital Partners,Dallas - Suburban,37 - Waxahachie,"Hamilton at Garden Valley, The",880 Garden Valley Pkwy,Waxahachie,TX,75165,175,MANAGE
Greystar Management,Alliance Residential Company,Dallas - Suburban,41 - Rockwall,Prose Greenbriar,375 West Greenbriar Road,Fate,TX,75189,336,MANAGE
Greystar Management,Ashland Greene Capital,Dallas - Suburban,43 - Forney,"Preserve at Gateway, The",1450 Whaley Drive,Forney,TX,75126,120,MANAGE
Greystar Management,Greystar,Dallas - Suburban,43 - Forney,Summerwell Wildcat Ranch,2204 Boiling Springs Road,Crandall,TX,75114,176,MANAGE
Greystar Management,Northland,Denver,1 - Denver - Downtown,1600 Glenarm Place,1600 Glenarm Place,Denver,CO,80202,333,MANAGE
Greystar Management,American Realty Advisors,Denver,1 - Denver - Downtown,Alara Union Station,1975 19th Street,Denver,CO,80202,314,MANAGE
Greystar Management,Greystar,Denver,1 - Denver - Downtown,"Fitzgerald, The",1840 Market Street,Denver,CO,80202,282,MANAGE
Greystar Management,Greystar,Denver,1 - Denver - Downtown,Mercer Union Station,2059 19th Street,Denver,CO,80202,232,MANAGE
Greystar Management,"Connell Company, The",Denver,1 - Denver - Downtown,Solera,1956 Lawrence Street,Denver,CO,80202,120,MANAGE
Greystar Management,Greystar,Denver,2 - Denver - Five Points - Uptown,"Dorsey, The",600 Park Avenue West,Denver,CO,80205,230,MANAGE
Greystar Management,McWhinney,Denver,2 - Denver - Five Points - Uptown,FoundryLine,3750 Blake Street,Denver,CO,80205,348,MANAGE
Greystar Management,Transwestern,Denver,2 - Denver - Five Points - Uptown,"Riv, The",3720 North Downing Street,Denver,CO,80205,196,MANAGE
Greystar Management,Century Real Estate Advisors,Denver,2 - Denver - Five Points - Uptown,Welton Park,2300 Welton Street,Denver,CO,80205,223,MANAGE
Greystar Management,Carmel Partners,Denver,3 - Denver - North,Forge,3901 Wynkoop Street,Denver,CO,80216,408,MANAGE
Greystar Management,"Max Collaborative, The",Denver,3 - Denver - North,One River North,3930 Blake Street,Denver,CO,80205,187,MANAGE
Greystar Management,Productive Capital Associates,Denver,3 - Denver - North,"Villas, The",2555 31st Street,Denver,CO,80216,120,MANAGE
Greystar Management,Carmel Partners,Denver,4 - Denver - Central,CoLab,1493 North Osage Street,Denver,CO,80204,252,MANAGE
Greystar Management,NewTower Trust Company,Denver,4 - Denver - Central,Mason at Alameda Station,275 South Cherokee Street,Denver,CO,80223,338,MANAGE
Greystar Management,Greystar,Denver,4 - Denver - Central,Parq on Speer,909 Bannock Street,Denver,CO,80204,302,MANAGE
Greystar Management,Greystar,Denver,4 - Denver - Central,"Parson, The",990 Cherokee Street,Denver,CO,80204,309,MANAGE
Greystar Management,Price Development Group,Denver,4 - Denver - Central,RYE SoBo,290 West Alameda Avenue,Denver,CO,80223,353,MANAGE
Greystar Management,Alliance Residential Company,Denver,5 - Denver - City Park - Cherry Creek,Broadstone on 9th,4300 East 9th Avenue,Denver,CO,80220,324,MANAGE
Greystar Management,Greystar,Denver,5 - Denver - City Park - Cherry Creek,Overture 9th + Co,4205 East 10th Avenue,Denver,CO,80220,207,MANAGE
Greystar Management,"Opus Group, The",Denver,6 - Denver - West,1919 Mile High,1919 Mile High Stadium Circle,Denver,CO,80204,277,MANAGE
Greystar Management,Transwestern,Denver,6 - Denver - West,2785 Speer,2785 North Speer Blvd,Denver,CO,80211,332,MANAGE
Greystar Management,Wood Partners,Denver,6 - Denver - West,Alta Mile High,1450 Morrison Road,Denver,CO,80204,216,MANAGE
Greystar Management,MetLife Real Estate Investment,Denver,6 - Denver - West,Emery West Highland,3550 West 38th Avenue,Denver,CO,80211,322,MANAGE
Greystar Management,AEW Capital Management,Denver,6 - Denver - West,Highlands32,3251 North Lowell Blvd,Denver,CO,80211,148,MANAGE
Greystar Management,Grand Peaks Properties,Denver,6 - Denver - West,LoHi Gold,2424 West Caithness Place,Denver,CO,80211,125,MANAGE
Greystar Management,AEW Capital Management,Denver,6 - Denver - West,"LoHi House, The",3215 Tejon Street,Denver,CO,80211,106,MANAGE
Greystar Management,Global Asset Capital,Denver,6 - Denver - West,Luxe at Mile High,3200 West Colfax Avenue,Denver,CO,80204,382,MANAGE
Greystar Management,Mortenson Development,Denver,6 - Denver - West,Revival on Platte,2506 West Colfax Avenue,Denver,CO,80204,200,MANAGE
Greystar Management,Grand Peaks Properties,Denver,6 - Denver - West,Skyline at Highlands,2501 West 26th Avenue,Denver,CO,80211,533,MANAGE
Greystar Management,"Max Collaborative, The",Denver,6 - Denver - West,Wilder,1521 Hooker Street,Denver,CO,80204,196,MANAGE
Greystar Management,TruAmerica Multifamily,Denver,7 - Denver - Southwest,Loretto Heights,3400 South Lowell Blvd,Denver,CO,80236,312,MANAGE
Greystar Management,Grand Peaks Properties,Denver,7 - Denver - Southwest,Sorella at Loretto Heights,3000 West Bates Avenue,Denver,CO,80236,374,MANAGE
Greystar Management,Eaton Vance Real Estate Investment Group,Denver,8 - Denver - South,"Henry, The",201 East Mississippi Avenue,Denver,CO,80210,403,MANAGE
Greystar Management,Highlands REIT,Denver,8 - Denver - South,Muse,2270 South University Blvd,Denver,CO,80210,120,MANAGE
Greystar Management,ColRich Multifamily,Denver,9 - Glendale,Cambridge Place,1260 South Bellaire Street,Denver,CO,80246,114,MANAGE
Greystar Management,ColRich Multifamily,Denver,9 - Glendale,"Lodge at Aspen Grove, The",4697 East Louisiana Avenue,Denver,CO,80246,284,MANAGE
Greystar Management,Braddock & Logan,Denver,9 - Glendale,Waterford Cherry Creek,650 South Dahlia Circle,Glendale,CO,80246,324,MANAGE
Greystar Management,ColRich Multifamily,Denver,10 - Denver - East,Alta Springs,9888 East Vassar Drive,Denver,CO,80231,359,MANAGE
Greystar Management,Greystar,Denver,10 - Denver - East,Avia Lowry,9649 East 5th Avenue,Denver,CO,80230,150,MANAGE
Greystar Management,ColRich Multifamily,Denver,10 - Denver - East,Elm at Panorama,10150 East Harvard Avenue,Denver,CO,80231,320,MANAGE
Greystar Management,PGIM Real Estate,Denver,10 - Denver - East,Lowry Park,8501 East Alameda Avenue,Denver,CO,80230,600,MANAGE
Greystar Management,Aukum Group,Denver,10 - Denver - East,Mile 44,8375 East Yale Avenue,Denver,CO,80231,216,MANAGE
Greystar Management,Grand Peaks Properties,Denver,10 - Denver - East,Monaco South,2280 South Monaco Pkwy,Denver,CO,80222,220,MANAGE
Greystar Management,ColRich Multifamily,Denver,10 - Denver - East,Sage at Panorama,2570 South Dayton Way,Denver,CO,80231,324,MANAGE
Greystar Management,ColRich Multifamily,Denver,10 - Denver - East,Vine at Panorama,9990 East Harvard Avenue,Denver,CO,80231,104,MANAGE
Greystar Management,TA Realty,Denver,10 - Denver - East,Whisper Sky,1755 South Beeler Street,Denver,CO,80247,212,MANAGE
Greystar Management,Stonebridge Companies,Denver,11 - Denver - Southeast,Apiary Residences,4855 South Quebec Street,Denver,CO,80237,193,MANAGE
Greystar Management,UBS Realty Investors,Denver,11 - Denver - Southeast,Cielo,6715 East Union Avenue,Denver,CO,80237,201,MANAGE
Greystar Management,Grand Peaks Properties,Denver,11 - Denver - Southeast,Edge DTC,7500 East Quincy Avenue,Denver,CO,80237,204,MANAGE
Greystar Management,High Street Residential,Denver,11 - Denver - Southeast,One Seven at Belleview Station,4882 Newport Street,Denver,CO,80237,250,MANAGE
Greystar Management,Goldman Sachs & Company,Denver,11 - Denver - Southeast,Pearl DTC,7571 East Technology Way,Denver,CO,80237,408,MANAGE
Greystar Management,New York Life Insurance Company,Denver,11 - Denver - Southeast,Summitt Ridge Apartment Homes,8330 East Quincy Avenue,Denver,CO,80237,360,MANAGE
Greystar Management,"Webb, Daniel L.",Denver,11 - Denver - Southeast,Tangent,4300 South Monaco Street,Denver,CO,80237,140,MANAGE
Greystar Management,High Street Residential,Denver,12 - Denver - Northeast,Elevon,3650 Uinta Street,Denver,CO,80238,301,MANAGE
Greystar Management,Greystar,Denver,12 - Denver - Northeast,Everleigh Central Park,2980 North Syracuse Street,Denver,CO,80238,150,MANAGE
Greystar Management,ColRich Multifamily,Denver,12 - Denver - Northeast,Novi at Lowry,8000 East 12th Avenue,Denver,CO,80220,326,MANAGE
Greystar Management,Greystar,Denver,12 - Denver - Northeast,Overture Central Park,8133 East 29th Place,Denver,CO,80238,108,MANAGE
Greystar Management,Price Development Group,Denver,12 - Denver - Northeast,Rye Central Park,2999 Willow Street,Denver,CO,80238,290,MANAGE
Greystar Management,ReyLenn Properties,Denver,12 - Denver - Northeast,Solana Central Park,8355 East 32nd Avenue,Denver,CO,80238,309,MANAGE
Greystar Management,Eaton Vance Real Estate Investment Group,Denver,13 - Denver - Airport,"Argonne, The",5650 Argonne Street,Denver,CO,80249,324,MANAGE
Greystar Management,Alliance Residential Company,Denver,13 - Denver - Airport,Prose at Painted Prairie,21650 East 56th Place,Aurora,CO,80019,312,MANAGE
Greystar Management,High Street Residential,Denver,15 - Aurora - Central,Alexan Montview Plaza,2060 Chester Street,Aurora,CO,80010,395,MANAGE
Greystar Management,MIG Real Estate,Denver,15 - Aurora - Central,Glen at the Park,298 South Jasper Circle,Aurora,CO,80017,467,MANAGE
Greystar Management,Legacy Partners,Denver,15 - Aurora - Central,Legacy at Fitz,1363 North Victor Street,Aurora,CO,80011,363,MANAGE
Greystar Management,Latitude Management Real Estate Holdings,Denver,15 - Aurora - Central,"Retreat at Fitzsimons, The",13700 East 5th Circle,Aurora,CO,80011,256,MANAGE
Greystar Management,Cypress Equity Investments,Denver,15 - Aurora - Central,Revel,291 Dearborn Way,Aurora,CO,80012,300,MANAGE
Greystar Management,ColRich Multifamily,Denver,16 - Aurora - South,"Park at Canyon Ridge, The",9757 East Colorado Avenue,Denver,CO,80247,272,MANAGE
Greystar Management,TMR Investments,Denver,16 - Aurora - South,Shift,16893 East Arkansas Avenue,Aurora,CO,80017,319,MANAGE
Greystar Management,Grand Peaks Properties,Denver,16 - Aurora - South,Walker Landing,2205 South Racine Way,Aurora,CO,80014,480,MANAGE
Greystar Management,Benedict Canyon Equities,Denver,17 - Aurora - Northeast,Aspen Ridge,18851 East Baltic Place,Aurora,CO,80013,468,MANAGE
Greystar Management,Alliance Residential Company,Denver,17 - Aurora - Northeast,Prose Murphy Creek,23501 East Colorado Place,Aurora,CO,80018,336,MANAGE
Greystar Management,Wood Partners,Denver,18 - Aurora - Southeast,Alta Piney Creek,7400 South Addison Court,Aurora,CO,80016,186,MANAGE
Greystar Management,Braddock & Logan,Denver,18 - Aurora - Southeast,Canyons at Saddle Rock,6850 South Versailles Way,Aurora,CO,80016,263,MANAGE
Greystar Management,BMC Investments,Denver,18 - Aurora - Southeast,"Fillmore at Copperleaf, The",4545 South Versailles Street,Aurora,CO,80015,229,MANAGE
Greystar Management,"Garrett Companies, The",Denver,18 - Aurora - Southeast,Five810 Southlands,5810 South Southlands Pkwy,Aurora,CO,80016,270,MANAGE
Greystar Management,CBRE Investment Management,Denver,18 - Aurora - Southeast,"Fletcher Southlands, The",22959 East Smoky Hill Road,Aurora,CO,80015,320,MANAGE
Greystar Management,BMC Investments,Denver,18 - Aurora - Southeast,"Madison at Copperleaf, The",22500 East Radcliff Circle,Aurora,CO,80015,330,MANAGE
Greystar Management,Braddock & Logan,Denver,18 - Aurora - Southeast,Waterford at Southlands,24631 East Applewood Drive,Aurora,CO,80016,300,MANAGE
Greystar Management,Headwaters Group,Denver,19 - Centennial - East,Aspendale Centennial,13857 East Arapahoe Place,Centennial,CO,80112,172,MANAGE
Greystar Management,MIG Real Estate,Denver,19 - Centennial - East,Copper Terrace,6550 South Dayton Street,Centennial,CO,80111,168,MANAGE
Greystar Management,Greystar,Denver,19 - Centennial - East,Dove Valley,7550 South Blackhawk Street,Englewood,CO,80112,312,MANAGE
Greystar Management,Grand Peaks Properties,Denver,19 - Centennial - East,Elevation at County Line Station,8331 South Valley Hwy,Englewood,CO,80112,265,MANAGE
Greystar Management,Eaton Vance Real Estate Investment Group,Denver,19 - Centennial - East,"Palmer Inverness, The",324 Inverness Drive South,Englewood,CO,80112,252,MANAGE
Greystar Management,Barings,Denver,19 - Centennial - East,Promenade Place,5200 South Ulster Street,Greenwood Village,CO,80111,387,MANAGE
Greystar Management,RREEF Property Trust,Denver,20 - Centennial - West,"Glenn, The",9300 East Mineral Avenue,Centennial,CO,80112,306,MANAGE
Greystar Management,Fairfield Residential,Denver,20 - Centennial - West,"Mezz at Fiddler's Green, The",6440 South Syracuse Way,Centennial,CO,80111,149,MANAGE
Greystar Management,RREEF Property Trust,Denver,20 - Centennial - West,Stratford Station Apartment Homes,7555 East Peakview Avenue,Centennial,CO,80111,192,MANAGE
Greystar Management,Eaton Vance Real Estate Investment Group,Denver,21 - Englewood,Avana on the Platte,3400 South Platte River Drive,Sheridan,CO,80110,316,MANAGE
Greystar Management,ColRich Multifamily,Denver,21 - Englewood,Greenwood Point,5312 South Broadway Circle,Englewood,CO,80113,312,MANAGE
Greystar Management,Crow Holdings,Denver,21 - Englewood,"Marks, The",1701 East Hampden Avenue,Englewood,CO,80113,616,MANAGE
Greystar Management,ParkProperty Capital,Denver,22 - Lakewood - East,Alta Sloan's Lake,1605 Sheridan Avenue,Lakewood,CO,80214,200,MANAGE
Greystar Management,Greystar,Denver,22 - Lakewood - East,Avana Belmar,7301 West Ohio Avenue,Lakewood,CO,80226,512,MANAGE
Greystar Management,ColRich Multifamily,Denver,22 - Lakewood - East,Belmar Villas,700 South Reed Court,Lakewood,CO,80226,318,MANAGE
Greystar Management,ColRich Multifamily,Denver,22 - Lakewood - East,Lakeview Towers,679 South Reed Court,Lakewood,CO,80226,290,MANAGE
Greystar Management,Aukum Group,Denver,22 - Lakewood - East,Sloan's Lake,6792 West 19th Place,Lakewood,CO,80214,192,MANAGE
Greystar Management,Sagard Real Estate,Denver,23 - Lakewood - West,Arca Green Mountain,13055 West Mississippi Court,Lakewood,CO,80228,260,MANAGE
Greystar Management,QuadReal,Denver,23 - Lakewood - West,Beacon85,85 South Union Blvd,Lakewood,CO,80228,343,MANAGE
Greystar Management,Carmel Partners,Denver,23 - Lakewood - West,Braxton,66 South Van Gordon Street,Lakewood,CO,80228,363,MANAGE
Greystar Management,"Koehn, Kim",Denver,23 - Lakewood - West,Oak Street Station,1420 Oak Street,Lakewood,CO,80215,291,MANAGE
Greystar Management,Bascom Group,Denver,23 - Lakewood - West,Solana Lakewood,11001 West 15th Place,Lakewood,CO,80215,230,MANAGE
Greystar Management,Brixton Capital,Denver,23 - Lakewood - West,Whisper Creek,3505 South Nelson Circle,Lakewood,CO,80235,272,MANAGE
Greystar Management,Brixton Capital,Denver,23 - Lakewood - West,"Windsor, The",8153 West Eastman Place,Lakewood,CO,80227,352,MANAGE
Greystar Management,RREEF Property Trust,Denver,24 - Littleton,Monte Vista,501 West Mineral Avenue,Littleton,CO,80120,219,MANAGE
Greystar Management,J.P. Morgan Asset Management,Denver,24 - Littleton,Mountain Gate,7501 South Utica Drive,Littleton,CO,80128,496,MANAGE
Greystar Management,Braddock & Logan,Denver,24 - Littleton,Outlook Littleton,4560 West Mineral Avenue,Littleton,CO,80128,250,MANAGE
Greystar Management,Aukum Group,Denver,24 - Littleton,Terra Vista at the Park,5425 South Federal Circle,Littleton,CO,80123,324,MANAGE
Greystar Management,Headwaters Group,Denver,25 - Ken Caryl,Aspendale Littleton,5355 South Alkire Street,Littleton,CO,80127,190,MANAGE
Greystar Management,J.P. Morgan Asset Management,Denver,25 - Ken Caryl,"Fairways at Raccoon Creek, The",6805 West Bowles Avenue,Littleton,CO,80123,360,MANAGE
Greystar Management,Kennedy Wilson,Denver,25 - Ken Caryl,Prosper Place,4601 South Balsam Way,Littleton,CO,80123,332,MANAGE
Greystar Management,Aukum Group,Denver,25 - Ken Caryl,Vista at Trappers Glen,11736 West Chenango Drive,Morrison,CO,80465,144,MANAGE
Greystar Management,Coit Financial Group,Denver,26 - Highlands Ranch,Broadstone Sterling Ranch at Prospect Village,8425 Old Ski Run Circle,Littleton,CO,80125,332,MANAGE
Greystar Management,RREEF Property Trust,Denver,26 - Highlands Ranch,Creekside at Highlands Ranch,8857 Creekside Way,Highlands Ranch,CO,80129,279,MANAGE
Greystar Management,Corebridge Real Estate Investors,Denver,26 - Highlands Ranch,HiLine at Littleton Commons,8300 Erickson Blvd,Littleton,CO,80129,385,MANAGE
Greystar Management,Crow Holdings,Denver,26 - Highlands Ranch,Palomino Park Resort,6700 Palomino Pkwy,Highlands Ranch,CO,80130,1184,MANAGE
Greystar Management,Century Communities,Denver,27 - Parker - Lone Tree,"Alder, The",15091 Belford Avenue,Parker,CO,80134,300,MANAGE
Greystar Management,Century Communities,Denver,27 - Parker - Lone Tree,AVRA at RidgeGate Station,10900 High Note Avenue,Lone Tree,CO,80124,269,MANAGE
Greystar Management,Regency Residential Partners,Denver,27 - Parker - Lone Tree,AVRA at RidgeGate Station Phase II,10900 High Note Avenue,Lone Tree,CO,80124,270,MANAGE
Greystar Management,Alliance Residential Company,Denver,27 - Parker - Lone Tree,Broadstone Wren,8521 Kings Point Way,Parker,CO,80138,260,MANAGE
Greystar Management,UBS Realty Investors,Denver,27 - Parker - Lone Tree,Peak83,11605 Solar Circle,Parker,CO,80134,255,MANAGE
Greystar Management,Braddock & Logan,Denver,27 - Parker - Lone Tree,Waterford Lone Tree,10047 Park Meadows Drive,Lone Tree,CO,80124,400,MANAGE
Greystar Management,Braddock & Logan,Denver,27 - Parker - Lone Tree,Waterford on Mainstreet,18588 East Mainstreet,Parker,CO,80134,306,MANAGE
Greystar Management,Fairfield Residential,Denver,28 - Castle Rock,Talus Flats,2355 Mercantile Street,Castle Rock,CO,80109,111,MANAGE
Greystar Management,MIG Real Estate,Denver,29 - Golden,Altitude,303 Jackson Drive,Golden,CO,80403,196,MANAGE
Greystar Management,MIG Real Estate,Denver,29 - Golden,Basecamp at West 8th,1620 8th Street,Golden,CO,80401,72,MANAGE
Greystar Management,Greystone Group,Denver,29 - Golden,"Charles Denver West, The",1767 Denver West Marriott Blvd,Golden,CO,80401,230,MANAGE
Greystar Management,LGIM America,Denver,29 - Golden,Outlook Golden Ridge,544 Golden Ridge Road,Golden,CO,80401,177,MANAGE
Greystar Management,MIG Real Estate,Denver,29 - Golden,West 8th,1410 8th Street,Golden,CO,80401,99,MANAGE
Greystar Management,ColRich Multifamily,Denver,30 - Arvada,Allison Pointe,7850 West 51st Avenue,Arvada,CO,80002,88,MANAGE
Greystar Management,J.P. Morgan Asset Management,Denver,30 - Arvada,Arvada Station,10068 West 52nd Place,Wheat Ridge,CO,80033,378,MANAGE
Greystar Management,TA Realty,Denver,30 - Arvada,Gateway Arvada Ridge,5458 Lee Street,Arvada,CO,80002,296,MANAGE
Greystar Management,Aukum Group,Denver,30 - Arvada,"Ridge at Mountain View, The",7865 Allison Way,Arvada,CO,80005,168,MANAGE
Greystar Management,High Street Residential,Denver,30 - Arvada,"Russell, The",7295 West 56th Avenue,Arvada,CO,80002,252,MANAGE
Greystar Management,ReyLenn Properties,Denver,30 - Arvada,Solana Olde Town Station,6875 West 56th Avenue,Arvada,CO,80002,352,MANAGE
Greystar Management,Barings,Denver,30 - Arvada,Water Tower Flats,7783 West 55th Avenue,Arvada,CO,80002,324,MANAGE
Greystar Management,Headwaters Group,Denver,31 - Westminster,Aspendale Northglenn,10691 Melody Drive,Northglenn,CO,80234,172,MANAGE
Greystar Management,Crow Holdings,Denver,31 - Westminster,Canyon Reserve at the Ranch,2890 West 116th Place,Westminster,CO,80234,256,MANAGE
Greystar Management,ColRich Multifamily,Denver,31 - Westminster,"Copperwood, The",8200 Sheridan Blvd,Westminster,CO,80003,360,MANAGE
Greystar Management,Aukum Group,Denver,31 - Westminster,Ironwood at the Ranch,11705 Decatur Street,Westminster,CO,80234,226,MANAGE
Greystar Management,MIG Real Estate,Denver,31 - Westminster,"Links at Legacy Ridge, The",2710 Bruchez Pkwy,Westminster,CO,80234,232,MANAGE
Greystar Management,TruAmerica Multifamily,Denver,31 - Westminster,North Creek,700 West 91st Avenue,Thornton,CO,80260,168,MANAGE
Greystar Management,ColRich Multifamily,Denver,31 - Westminster,Park Place at 92nd,9101 Federal Blvd,Westminster,CO,80260,228,MANAGE
Greystar Management,Intercontinental Real Estate,Denver,31 - Westminster,Reflections on 92nd,6880 West 91st Court,Westminster,CO,80021,444,MANAGE
Greystar Management,CBRE Investment Management,Denver,31 - Westminster,"Tenzing, The",11674 North Pecos Street,Westminster,CO,80234,320,MANAGE
Greystar Management,ColRich Multifamily,Denver,31 - Westminster,Tuscan Heights,1800 West 85th Avenue,Denver,CO,80260,492,MANAGE
Greystar Management,ColRich Multifamily,Denver,31 - Westminster,Village Creek,9052 Vance Street,Westminster,CO,80021,324,MANAGE
Greystar Management,ColRich Multifamily,Denver,31 - Westminster,Westbury,1585 West 115th Avenue,Westminster,CO,80234,228,MANAGE
Greystar Management,Grand Peaks Properties,Denver,31 - Westminster,Westminster Row,8980 Westminster Blvd,Westminster,CO,80031,274,MANAGE
Greystar Management,Greystar,Denver,33 - Thornton,Avana Eastlake,2801 East 120th Avenue,Thornton,CO,80233,336,MANAGE
Greystar Management,Greystar,Denver,33 - Thornton,Avana Thornton Station,2525 East 104th Avenue,Thornton,CO,80233,480,MANAGE
Greystar Management,Carmel Partners,Denver,33 - Thornton,Fieldhouse,12170 Washington Center Pkwy,Thornton,CO,80241,312,MANAGE
Greystar Management,TruAmerica Multifamily,Denver,33 - Thornton,Magnolia Ridge,12220 Colorado Blvd,Thornton,CO,80241,287,MANAGE
Greystar Management,Alliance Residential Company,Denver,33 - Thornton,Prose Farm,2375 East 104th Avenue,Thornton,CO,80233,312,MANAGE
Greystar Management,Goldman Sachs & Company,Denver,34 - Broomfield,Arista Uptown,8500 Arista Place,Broomfield,CO,80021,272,MANAGE
Greystar Management,AHV Communities,Denver,34 - Broomfield,Finley at Baseline,16600 Peak Street,Broomfield,CO,80023,142,MANAGE
Greystar Management,Ladera Capital Partners,Denver,34 - Broomfield,Heights at Interlocken,401 Interlocken Blvd,Broomfield,CO,80021,343,MANAGE
Greystar Management,McWhinney,Denver,34 - Broomfield,Park40,16785 Sheridan Pkwy,Broomfield,CO,80023,313,MANAGE
Greystar Management,Grand Peaks Properties,Denver,35 - Lafayette - Louisville,Grand View at Flatirons,855 West Dillon Road,Louisville,CO,80027,180,MANAGE
Greystar Management,Carmel Partners,Denver,35 - Lafayette - Louisville,Origin,2250 Main Street,Superior,CO,80027,405,MANAGE
Greystar Management,High Street Residential,Denver,36 - Boulder,Mysa at the Crossing,3773 Canfield Street,Boulder,CO,80301,250,MANAGE
Greystar Management,Morgan Creek Ventures,Denver,36 - Boulder,Pearl at Boulder Commons,2273 31st Street,Boulder,CO,80301,77,MANAGE
Greystar Management,Greystar,Denver,36 - Boulder,Union 9Seventy,970 28th Street,Boulder,CO,80303,138,MANAGE
Greystar Management,Greystar,Denver,36 - Boulder,Union Baseline,2726 Moorhead Avenue,Boulder,CO,80305,144,MANAGE
Greystar Management,"Palmo, Luke",Denver,37 - Longmont,Alpine Prairie Village,2205 Alpine Street,Longmont,CO,80504,126,MANAGE
Greystar Management,Mass Equities,Denver,37 - Longmont,South Main Station,485 2nd Avenue,Longmont,CO,80501,314,MANAGE
Greystar Management,Greystar,Denver,38 - Brighton,Thayne Brighton,305 North 42nd Avenue,Brighton,CO,80601,288,MANAGE
Greystar Management,Avenida Partners,Denver,39 - Loveland,Avenida at Centerra,3903 East 15th Street,Loveland,CO,80538,154,MANAGE
Greystar Management,Hillside Real Estate Group,Denver,39 - Loveland,"Bend at Highland Meadows, The",6153 American Oaks Street,Loveland,CO,80538,198,MANAGE
Greystar Management,AHV Communities,Denver,39 - Loveland,Vella Terra,6205 Longstem Way,Loveland,CO,80538,240,MANAGE
Greystar Management,Hartford Homes,Denver,40 - Fort Collins - Central,Bloom,208 North Delozier Road,Fort Collins,CO,80524,152,MANAGE
Greystar Management,ColRich Multifamily,Denver,40 - Fort Collins - Central,"Hewing, The",1742 Heritage Circle,Fort Collins,CO,80526,182,MANAGE
Greystar Management,Greystar,Denver,40 - Fort Collins - Central,Union on Alley,1201 West Plum Street,Fort Collins,CO,80521,79,MANAGE
Greystar Management,Greystar,Denver,40 - Fort Collins - Central,Union on Elizabeth,1208 West Elizabeth Street,Fort Collins,CO,80521,107,MANAGE
Greystar Management,Greystar,Denver,40 - Fort Collins - Central,Union on Plum,1323 West Plum Street,Fort Collins,CO,80521,62,MANAGE
Greystar Management,ColRich Multifamily,Denver,41 - Fort Collins - South,Courtney Park,4470 South Lemay Avenue,Fort Collins,CO,80525,248,MANAGE
Greystar Management,Jensen Laplante Development,Denver,41 - Fort Collins - South,"Granary, The",156 West Fairway Lane,Fort Collins,CO,80525,264,MANAGE
Greystar Management,ColRich Multifamily,Denver,41 - Fort Collins - South,"Habitat at Fort Collins, The",2736 Raintree Drive,Fort Collins,CO,80526,300,MANAGE
Greystar Management,Benedict Canyon Equities,Denver,41 - Fort Collins - South,"Trails at Timberline, The",2451 South Timberline Road,Fort Collins,CO,80525,314,MANAGE
Greystar Management,Boulder Creek Neighborhoods,Denver,43 - Weld County - South,"Cottages at Erie Commons, The",431 Ambrose Street,Erie,CO,80516,151,MANAGE
Greystar Management,Blackburn Group,Denver,43 - Weld County - South,Firestone Junction,10670 Jake Jabs Blvd,Firestone,CO,80504,300,MANAGE
Greystar Management,McWhinney,Denver,45 - Greeley - West,Lariat,2405 38th Avenue,Greeley,CO,80634,304,MANAGE
Greystar Management,Abacus Capital Group,Des Moines,7 - West Des Moines,Wellington,4700 EP True Pkwy,West Des Moines,IA,50265,420,MANAGE
Greystar Management,Dart Properties,Detroit,17 - Westland,Heather Ridge,7500 North Newburgh Road,Westland,MI,48185,177,MANAGE
Greystar Management,Dart Properties,Detroit,25 - Clinton Township - west,Woodland Meadows,35700 Moravian Drive,Clinton Township,MI,48035,264,MANAGE
Greystar Management,Dart Properties,Detroit,27 - Sterling Heights,Laurel Valley,36200 Dequindre Road,Sterling Heights,MI,48310,512,MANAGE
Greystar Management,Dart Properties,Detroit,27 - Sterling Heights,Shoal Creek,34350 Ryan Road,Sterling Heights,MI,48310,376,MANAGE
Greystar Management,Village Green Management,Detroit,40 - Rochester Hills,"Chapman, The",701 Green Circle,Rochester,MI,48307,300,MANAGE
Greystar Management,UBS Realty Investors,Detroit,40 - Rochester Hills,"Graham, The",1901 Village Green Blvd,Rochester Hills,MI,48307,265,MANAGE
Greystar Management,Dart Properties,Detroit,40 - Rochester Hills,Pine Ridge,2800 Overlook Drive,Rochester Hills,MI,48307,208,MANAGE
Greystar Management,Dart Properties,Detroit,41 - Shelby Township,Oak Hill,45600 Oak Hill Blvd,Shelby Township,MI,48317,796,MANAGE
Greystar Management,Dart Properties,Detroit,44 - Clarkston\Orion,Hidden Lakes,5800 Deepwood Court,Clarkston,MI,48346,418,MANAGE
Greystar Management,Atkins Dame,Eugene,2 - Riverfront,Portal,355 East 5th Avenue,Eugene,OR,97401,130,MANAGE
Greystar Management,Century Management,Eugene,3 - Cal Young,River Terrace,1150 Darlene Lane,Eugene,OR,97401,280,MANAGE
Greystar Management,Kennedy Wilson,Eugene,3 - Cal Young,Riverwalk,470 Alexander Loop,Eugene,OR,97401,272,MANAGE
Greystar Management,Kairos Investment Management,Eugene,4 - Harlow,Willamette Gardens,3545 Kinsrow Avenue,Eugene,OR,97401,240,MANAGE
Greystar Management,Atkins Dame,Eugene,5 - University,Heartwood,500 Ferry Street,Eugene,OR,97401,95,MANAGE
Greystar Management,Century Management,Eugene,8 - West Eugene,"Bailey at Amazon Creek, The",3655 West 13th Avenue,Eugene,OR,97402,252,MANAGE
Greystar Management,Kairos Investment Management,Eugene,8 - West Eugene,Redwood Park,4103 West 18th Avenue,Eugene,OR,97402,232,MANAGE
Greystar Management,Century Management,Eugene,9 - Danebo,Parkside,4075 Aerial Way,Eugene,OR,97402,254,MANAGE
Greystar Management,Century Management,Eugene,11 - North Gilham,"Byron at Crescent Village, The",2745 Shadow View,Eugene,OR,97408,102,MANAGE
Greystar Management,Century Management,Eugene,11 - North Gilham,Crescent Park,2940 Crescent Avenue,Eugene,OR,97408,200,MANAGE
Greystar Management,Century Management,Eugene,11 - North Gilham,"McKenzie at Crescent Village, The",2847 Tennyson Avenue,Eugene,OR,97408,174,MANAGE
Greystar Management,Century Management,Eugene,11 - North Gilham,"Tennyson at Crescent Village, The",2850 Shadow View Drive,Eugene,OR,97408,263,MANAGE
Greystar Management,ColRich Multifamily,Eugene,25 - Northgate,Lancaster Terrace,4510 North Newcastle Circle NE,Salem,OR,97305,104,MANAGE
Greystar Management,"Kreitzberg, Richard A.",Eugene,29 - Four Corners,Meadowlawn,3897 Meadowlawn Loop SE,Salem,OR,97317,322,MANAGE
Greystar Management,ColRich Multifamily,Eugene,29 - Four Corners,Village East,108 Village East Way SE,Salem,OR,97317,112,MANAGE
Greystar Management,Century Management,Eugene,48 - Corvallis - North,Timberhill Meadows,2600 NW Century Drive,Corvallis,OR,97330,135,MANAGE
Greystar Management,"Henry, Stephen C.",Eugene,48 - Corvallis - North,Veri at Timberhill,2380 NW Rolling Green Drive,Crovallis,OR,97330,212,MANAGE
Greystar Management,Century Management,Eugene,49 - Corvallis - South,Creekside,1613 SW 49th Street,Corvallis,OR,97333,220,MANAGE
Greystar Management,Century Management,Eugene,49 - Corvallis - South,Spring Creek,5032 SW Technology Loop,Corvallis,OR,97333,208,MANAGE
Greystar Management,ColRich Multifamily,Eugene,58 - Bend,Outlook at Pilot Butte,2001 NE Linnea Drive,Bend,OR,97701,205,MANAGE
Greystar Management,ColRich Multifamily,Eugene,58 - Bend,Seasons at Farmington Reserve,61560 Aaron Way,Bend,OR,97702,228,MANAGE
Greystar Management,D.R. Horton,Fayetteville NC,9 - Southern Pines,Ascend Morganton Park,50 Pavilion Way,Southern Pines,NC,28387,300,MANAGE
Greystar Management,Volta Global,Fayetteville NC,9 - Southern Pines,Patrick's Pointe,700 Founder's Lane,Southern Pines,NC,28387,266,MANAGE
Greystar Management,PGIM Real Estate,Fort Lauderdale,1 - Fort Lauderdale - Central,Alluvion Las Olas,215 North New River Drive East,Fort Lauderdale,FL,33301,383,MANAGE
Greystar Management,Greystar,Fort Lauderdale,1 - Fort Lauderdale - Central,Laureat,790 East Broward Blvd,Fort Lauderdale,FL,33301,329,MANAGE
Greystar Management,Stiles Development,Fort Lauderdale,1 - Fort Lauderdale - Central,Novo Las Olas,220 SE 2nd Street,Fort Lauderdale,FL,33301,341,MANAGE
Greystar Management,Sterling Equities,Fort Lauderdale,1 - Fort Lauderdale - Central,Solmar on Sixth,408 NE 6th Street,Fort Lauderdale,FL,33304,286,MANAGE
Greystar Management,Sterling Equities,Fort Lauderdale,8 - Pompano Beach Pier,1333 South Ocean,1333 South Ocean Blvd,Pompano Beach,FL,33062,211,MANAGE
Greystar Management,C-III Capital Partners,Fort Lauderdale,12 - Coconut Creek,Celebration Pointe,5555 Celebration Pointe Lane,Margate,FL,33063,282,MANAGE
Greystar Management,Greystar,Fort Lauderdale,14 - Coral Springs - North,Avana Coral Springs,3600 Terrapin Lane,Coral Springs,FL,33067,348,MANAGE
Greystar Management,FCP,Fort Lauderdale,16 - North Lauderdale,Avana Cypress Creek,1700 South State Road 7,North Lauderdale,FL,33068,220,MANAGE
Greystar Management,Clarion Partners,Fort Lauderdale,18 - Sunrise,Cielo Point,6701 West Oakland Park Blvd,Fort Lauderdale,FL,33313,302,MANAGE
Greystar Management,Property Reserve,Fort Lauderdale,19 - Plantation,"Ellsworth, The",1301 SW 80th Terrace,Plantation,FL,33324,315,MANAGE
Greystar Management,Bailard,Fort Lauderdale,19 - Plantation,Plantation Colony,8210 SW 12th Street,Plantation,FL,33324,256,MANAGE
Greystar Management,Grand Peaks Properties,Fort Lauderdale,19 - Plantation,Solero at Plantation,13500 NW 3rd Street,Plantation,FL,33325,481,MANAGE
Greystar Management,Bailard,Fort Lauderdale,20 - Weston,La Morada at Weston,1201 Fairlake Blvd,Weston,FL,33326,368,MANAGE
Greystar Management,Contentus AB,Fort Lauderdale,21 - Davie,Solle Davie,5500 South University Drive,Davie,FL,33328,232,MANAGE
Greystar Management,Royal Palm Companies,Fort Lauderdale,22 - Dania Beach,Elevate,600 East Dania Beach Blvd,Dania Beach,FL,33004,293,MANAGE
Greystar Management,SH Communities,Fort Lauderdale,24 - Pembroke Pines - Miramar,Eurus at Miramar,4970 SW 124th Avenue,Miramar,FL,33027,280,MANAGE
Greystar Management,Terra Group,Fort Lauderdale,24 - Pembroke Pines - Miramar,Pines Garden at City Center,10400 City Center Blvd,Pembroke Pines,FL,33025,387,MANAGE
Greystar Management,FCP,Fort Lauderdale,24 - Pembroke Pines - Miramar,Solena Miramar,3155 SW 147th Terrace,Miramar,FL,33027,250,MANAGE
Greystar Management,Lloyd Jones Capital,Fort Lauderdale,24 - Pembroke Pines - Miramar,Ventura Pointe,7850 Pasadena Blvd,Pembroke Pines,FL,33024,206,MANAGE
Greystar Management,Madera Companies,Fort Worth,1 - Fort Worth - Central,"Braden on Fifth, The",500 Fort Worth Trail,Fort Worth,TX,76102,345,MANAGE
Greystar Management,Encore Enterprises,Fort Worth,1 - Fort Worth - Central,Encore Panther Island,447 North Main Street,Fort Worth,TX,76164,300,MANAGE
Greystar Management,Tradewind Properties,Fort Worth,1 - Fort Worth - Central,Historic Electric Building,410 West 7th Street,Fort Worth,TX,76102,106,MANAGE
Greystar Management,Buchanan Street Partners,Fort Worth,1 - Fort Worth - Central,"Jameson at the Bluffs, The",701 North Hampton Street,Fort Worth,TX,76102,387,MANAGE
Greystar Management,McWhinney,Fort Worth,1 - Fort Worth - Central,Kelley at Samuels Ave,769 Samuels Avenue,Fort Worth,TX,76102,354,MANAGE
Greystar Management,Madera Companies,Fort Worth,3 - Fort Worth - Crockett Row,Madera at LeftBank,600 Harrold Street,Fort Worth,TX,76107,589,MANAGE
Greystar Management,Mesirow Financial,Fort Worth,5 - Fort Worth - Scenic Bluff,"Scenic at River East, The",999 Scenic Hill Drive,Fort Worth,TX,76111,276,MANAGE
Greystar Management,Braddock & Logan,Fort Worth,10 - Fort Worth - Trinity River,Atlas Waterside,3964 Watercourse Drive,Fort Worth,TX,76109,361,MANAGE
Greystar Management,Greystar,Fort Worth,10 - Fort Worth - Trinity River,Avana River Park,3450 River Park Drive,Fort Worth,TX,76116,248,MANAGE
Greystar Management,PCCP,Fort Worth,10 - Fort Worth - Trinity River,Broadstone on Trinity,1701 Rogers Road,Fort Worth,TX,76107,405,MANAGE
Greystar Management,St. Regis Properties,Fort Worth,10 - Fort Worth - Trinity River,Eastbank at Waterside,5828 Arborlawn Drive,Fort Worth,TX,76109,375,MANAGE
Greystar Management,Greystar,Fort Worth,12 - Fort Worth - Westover Hills,Overture Ridgmar,6755 Ridgmar Blvd,Fort Worth,TX,76116,102,MANAGE
Greystar Management,Greystar,Fort Worth,16 - Fort Worth - Westland,Album Benbrook,8601 Cook Ranch Road,Benbrook,TX,76126,179,MANAGE
Greystar Management,Marubeni America Corporation,Fort Worth,16 - Fort Worth - Westland,Estates at Team Ranch,8889 Cook Ranch Road,Benbrook,TX,76126,248,MANAGE
Greystar Management,Wood Partners,Fort Worth,18 - Fort Worth - Northwest,Alta Marine Creek,5400 Huffines Blvd,Fort Worth,TX,76179,330,MANAGE
Greystar Management,Bull Creek Capital,Fort Worth,18 - Fort Worth - Northwest,Birchway Quarry Falls,4710 Old Decatur Road,Fort Worth,TX,76179,378,MANAGE
Greystar Management,Greystar,Fort Worth,18 - Fort Worth - Northwest,Marlowe Wellington,12424 Brunal Drive,Fort Worth,TX,76052,594,MANAGE
Greystar Management,Taylor Morrison,Fort Worth,18 - Fort Worth - Northwest,Yardly Beltmill,1551 Beltmill Pkwy,Saginaw,TX,76179,188,MANAGE
Greystar Management,Greystar,Fort Worth,19 - Fort Worth - Northeast,Album Keller Ranch,5640 Keller Ranch Road,Fort Worth,TX,76244,180,MANAGE
Greystar Management,Fort Worth Housing Solutions,Fort Worth,19 - Fort Worth - Northeast,"Holston, The",3301 Keller Haslet Road,Fort Worth,TX,76177,265,MANAGE
Greystar Management,Shreem Capital,Fort Worth,19 - Fort Worth - Northeast,Northpark Landing,9001 North Beach Street,Fort Worth,TX,76244,226,MANAGE
Greystar Management,AMCAL Housing,Fort Worth,19 - Fort Worth - Northeast,"Opal, The",13445 Green Cedar Avenue,Fort Worth,TX,76262,338,MANAGE
Greystar Management,White Oak Partners,Fort Worth,19 - Fort Worth - Northeast,Westhouse Apartment Flats,11325 Park Vista Blvd,Fort Worth,TX,76244,318,MANAGE
Greystar Management,Lloyd Jones Capital,Fort Worth,22 - Fort Worth - Southwest,AVIVA Fort Worth,6150 Oakmont Trail,Fort Worth,TX,76132,138,MANAGE
Greystar Management,CAF Capital Partners,Fort Worth,22 - Fort Worth - Southwest,"Retreat at River Ranch, The",4850 River Ranch Blvd,Fort Worth,TX,76132,248,MANAGE
Greystar Management,"Soma, Teruaki",Fort Worth,22 - Fort Worth - Southwest,Siena,5230 Bryant Irvin Road,Fort Worth,TX,76132,288,MANAGE
Greystar Management,Stoneweg US,Fort Worth,25 - Fort Worth - Trinity,Wood Hollow,3875 Post Oak Blvd,Euless,TX,76040,346,MANAGE
Greystar Management,Alpine Start Development,Fort Worth,26 - Haltom City,Alpine Creekside,5400 Haltom Road,Haltom City,TX,76137,296,MANAGE
Greystar Management,Bellrock Real Estate Partners,Fort Worth,26 - Haltom City,Bellrock Upper North,4100 Northern Cross Blvd,Haltom City,TX,76137,304,MANAGE
Greystar Management,Furer Development & Management,Fort Worth,27 - Richland Hills,Enclave at Hometown,8601 Ice House Drive,North Richland Hills,TX,76180,260,MANAGE
Greystar Management,"Wells, Robert S.",Fort Worth,30 - Euless,Avenue 900,900 Grange Hall Drive,Euless,TX,76039,300,MANAGE
Greystar Management,Greystar,Fort Worth,30 - Euless,Harlowe,2525 Highway 360,Euless,TX,76039,486,MANAGE
Greystar Management,Yamasa Group,Fort Worth,31 - Grapevine,Grapevine 2499,3601 Grapevine Mills Pkwy,Grapevine,TX,76051,348,MANAGE
Greystar Management,Greystar,Fort Worth,31 - Grapevine,"Preserve, The",101 East Glade Road,Grapevine,TX,76051,399,MANAGE
Greystar Management,CBRE Investment Management,Fort Worth,31 - Grapevine,"Silverlake, The",1775 State Highway 26,Grapevine,TX,76051,371,MANAGE
Greystar Management,Grand Peaks Properties,Fort Worth,31 - Grapevine,Wildwood Creek,820 East Dove Loop Road,Grapevine,TX,76051,344,MANAGE
Greystar Management,Grand Peaks Properties,Fort Worth,32 - Keller,Grand Estates at Keller,500 North Tarrant Pkwy,Keller,TX,76248,163,MANAGE
Greystar Management,Greystar,Fort Worth,32 - Keller,"Lyric, The",1400 North Main Street,Keller,TX,76248,475,MANAGE
Greystar Management,McDowell Properties,Fort Worth,34 - Arlington - North,Oakley,501 Green Oaks Court,Arlington,TX,76006,196,MANAGE
Greystar Management,Magma Equities,Fort Worth,37 - Arlington - South,Bardin Greene,300 Bardin Greene Drive,Arlington,TX,76018,285,MANAGE
Greystar Management,Leon Capital Group,Fort Worth,37 - Arlington - South,"Gin Mill, The",8200 Glenn Day Drive,Arlington,TX,76002,243,MANAGE
Greystar Management,"Nehemiah Company, The",Fort Worth,37 - Arlington - South,Mission at Johnson Creek,825 West Mayfield Road,Arlington,TX,76015,106,MANAGE
Greystar Management,Capitol Seniors Housing,Fort Worth,37 - Arlington - South,"Orchards at Arlington Highlands, The",131 East Bardin Road,Arlington,TX,76018,180,MANAGE
Greystar Management,Greystar,Fort Worth,37 - Arlington - South,Overture Highlands,250 West Arbrook Blvd,Arlington,TX,76014,167,MANAGE
Greystar Management,Taylor Morrison,Fort Worth,37 - Arlington - South,Yardly Eden,1701 Mansfield Webb Road,Arlington,TX,76002,226,MANAGE
Greystar Management,Wood Partners,Fort Worth,38 - Arlington - Southwest,Alta Landing,3100 North Joplin Road,Kennedale,TX,76060,270,MANAGE
Greystar Management,Alpine Start Development,Fort Worth,39 - Grand Prairie,Alpine Village,965 Duncan Perry Road,Grand Prairie,TX,75050,314,MANAGE
Greystar Management,Greystar,Fort Worth,40 - Mansfield,Album Mansfield,1350 FM 157,Mansfield,TX,76063,190,MANAGE
Greystar Management,Ascendant Development,Fort Worth,40 - Mansfield,Haven at Mansfield,269 North State Highway 360,Mansfield,TX,76063,257,MANAGE
Greystar Management,Greystar,Fort Worth,44 - Weatherford,Birchway Hudson Oaks,150 Inspiration Drive,Hudson Oaks,TX,76087,332,MANAGE
Greystar Management,Trilogy Real Estate Group,Grand Rapids,11 - Grandville,"Commons at Rivertown, The",4702 Rivertown Commons Drive SW,Grandville,MI,49418,408,MANAGE
Greystar Management,Proffitt Dixon Partners,Greenville,1 - Greenville - Central,Ellison on Broad,212 East Broad Street,Greenville,SC,29601,201,MANAGE
Greystar Management,Mile Rock Capital,Greenville,1 - Greenville - Central,Main and Stone,18 East Stone Avenue,Greenville,SC,29609,292,MANAGE
Greystar Management,Hughes Investments,Greenville,1 - Greenville - Central,Rivers Edge,411 River Street,Greenville,SC,29601,144,MANAGE
Greystar Management,Blaze Capital Partners,Greenville,5 - Greenville - South Central,Rosalia Verdae,720 Verdae Blvd,Greenville,SC,29607,159,MANAGE
Greystar Management,Goldman Sachs & Company,Greenville,6 - Parker,"Lofts at Woodside Mill, The",1 East Main Street,Greenville,SC,29611,307,MANAGE
Greystar Management,Furman University,Greenville,9 - Furman,"Vinings at Duncan Chapel, The",421 Duncan Chapel Road,Greenville,SC,29617,196,MANAGE
Greystar Management,Opportunity South Carolina,Greenville,11 - Greenville - East,"Park at Sondrio, The",3500 Pelham Road,Greenville,SC,29615,271,MANAGE
Greystar Management,Hughes Investments,Greenville,12 - Five Forks,Avvio and Prossimo at BridgeWay Station,1104 Via Corso Avenue,Simpsonville,SC,29680,190,MANAGE
Greystar Management,Homes Urban Development,Greenville,12 - Five Forks,Homestead at Hartness,1095 Hartness Drive,Greenville,SC,29615,140,MANAGE
Greystar Management,Greystar,Greenville,13 - Mauldin,Overture Greenville,52 Market Point Drive,Greenville,SC,29607,189,MANAGE
Greystar Management,Greystar,Greenville,18 - Greer,Avana Thornblade,100 Mary Rose Lane,Greer,SC,29650,293,MANAGE
Greystar Management,"Beach Company, The",Greenville,24 - Spartanburg - West,Ryder Junction,900 Conductor Circle,Greer,SC,29651,264,MANAGE
Greystar Management,Fortbridge Capital Partners,Greenville,31 - Simpsonville,Gramercy Woods,7 Gramercy Woods Lane,Fountain Inn,SC,29644,139,MANAGE
Greystar Management,Greystar,Harrisburg,18 - Elizabethtown - Mount Joy,"Henry at Klein Mills, The",2 South Conifer Drive,Elizabethtown,PA,17022,280,MANAGE
Greystar Management,Collegiate Housing Foundation,Honolulu,4 - Urban Honolulu - South,Hale Haukani,2570 Dole Street,Honolulu,HI,96822,388,MANAGE
Greystar Management,LivCor,Honolulu,11 - Ewa - Kapolei,"Element, The",91-3598 Nana Hope Street,Ewa Beach,HI,96706,318,MANAGE
Greystar Management,Rockpoint Group,Honolulu,11 - Ewa - Kapolei,Kalaeloa Rental Homes,4285 Independence Road,Kapolei,HI,96707,520,MANAGE
Greystar Management,Brookfield Properties,Honolulu,11 - Ewa - Kapolei,Kapilina Beach Homes,5100 Iroquois Avenue,Ewa Beach,HI,96706,1457,MANAGE
Greystar Management,LivCor,Honolulu,11 - Ewa - Kapolei,Kapolei Lofts,761 Wakea Street,Kapolei,HI,96707,499,MANAGE
Greystar Management,Ascendant Development,Houston - East,1 - GreaterThird Ward,Haven at Elgin,3719 Elgin Street,Houston,TX,77004,200,MANAGE
Greystar Management,Alliance Residential Company,Houston - East,2 - East End,Broadstone EADO,2425 Bell Street,Houston,TX,77003,371,MANAGE
Greystar Management,ZG Companies,Houston - East,2 - East End,Hardy Yards Apartment Homes,1550 Leona Street,Houston,TX,77009,350,MANAGE
Greystar Management,Griffin Capital,Houston - East,2 - East End,Prose Hardy Yards,1550 Burnett Street,Houston,TX,77009,384,MANAGE
Greystar Management,International Investors Group,Houston - East,3 - Mount Houston,22Hundred,2200 North Sam Houston Pkwy East,Houston,TX,77032,270,MANAGE
Greystar Management,CityStreet Residential,Houston - East,4 - Cloverleaf,Domain Town Center,7100 Uvalde Road,Houston,TX,77049,352,MANAGE
Greystar Management,White Oak Partners,Houston - East,4 - Cloverleaf,Oaks at Greenview,794 Normandy Street,Houston,TX,77015,300,MANAGE
Greystar Management,Greystar,Houston - East,4 - Cloverleaf,Pines of Woodforest,90 Uvalde Road,Houston,TX,77015,266,MANAGE
Greystar Management,Tremont Partners,Houston - East,6 - South Houston - Crenshaw Park,Broadwater,5045 Crenshaw Road,Pasadena,TX,77505,248,MANAGE
Greystar Management,Kairos Investment Management,Houston - East,6 - South Houston - Crenshaw Park,Willow Springs,3402 Preston Road,Pasadena,TX,77505,252,MANAGE
Greystar Management,Greystar,Houston - East,8 - William P Hobby Airport,Bellfort,7950 Bellfort,Houston,TX,77061,552,MANAGE
Greystar Management,McDowell Properties,Houston - East,8 - William P Hobby Airport,"Breakers at Windmill Lakes, The",9750 Windwater Drive,Houston,TX,77075,174,MANAGE
Greystar Management,McDowell Properties,Houston - East,8 - William P Hobby Airport,Mirabella,12055 Sabo Road,Houston,TX,77089,240,MANAGE
Greystar Management,Greystar,Houston - East,8 - William P Hobby Airport,Sabo Village,10701 Sabo Road,Houston,TX,77089,320,MANAGE
Greystar Management,D.R. Horton,Houston - East,9 - Pierce Junction,"Oaks at Grand West, The",10415 Lancaster Forest Lane,Houston,TX,77051,147,MANAGE
Greystar Management,PCCP,Houston - East,10 - Clear Creek,Skymor Pearland,3004 Newloch Lane,Pearland,TX,77584,109,MANAGE
Greystar Management,Madera Companies,Houston - East,11 - Pearland/Friendswood,Sandestin at Pearland,2900 Pearland Pkwy,Pearland,TX,77581,240,MANAGE
Greystar Management,Alliance Residential Company,Houston - East,12 - Nassau Bay/Seabrook,Broadstone Baybrook,19101 Town Ridge Lane,Webster,TX,77598,380,MANAGE
Greystar Management,Greystar,Houston - East,12 - Nassau Bay/Seabrook,"Caroline, The",1235 East Nasa Pkwy,Houston,TX,77058,351,MANAGE
Greystar Management,Kairos Investment Management,Houston - East,12 - Nassau Bay/Seabrook,CP Waterfront,451 Constellation Blvd,League City,TX,77573,264,MANAGE
Greystar Management,Greystar,Houston - East,12 - Nassau Bay/Seabrook,Las Palmas,1400 El Camino Village Drive,Houston,TX,77058,360,MANAGE
Greystar Management,Atticus Real Estate,Houston - East,12 - Nassau Bay/Seabrook,Marina Bend at Clear Creek,350 North Wesley Drive,League City,TX,77573,203,MANAGE
Greystar Management,Greystar,Houston - East,12 - Nassau Bay/Seabrook,"Park at Armand Bayou, The",4300 Bay Area Blvd,Houston,TX,77058,401,MANAGE
Greystar Management,Greystar,Houston - East,12 - Nassau Bay/Seabrook,Village on the Lake,19200 Space Center Blvd,Houston,TX,77058,612,MANAGE
Greystar Management,DLP Capital,Houston - East,13 - Deer Park,Morgan's Landing,3300 Bay Area Blvd,La Porte,TX,77571,350,MANAGE
Greystar Management,Satterfield & Pontikes Construction,Houston - East,15 - Atascocita,Eleve,14935 Moonlight Mist Drive,Humble,TX,77346,322,MANAGE
Greystar Management,Unified Housing Foundation,Houston - East,15 - Atascocita,Lakeshore Villas,19800 Atascocita Shores Drive,Humble,TX,77346,312,MANAGE
Greystar Management,Troesh Family Foundation,Houston - East,15 - Atascocita,Ten Pines at Summerwood,14700 Woodson Park Drive,Houston,TX,77044,240,MANAGE
Greystar Management,Alliance Residential Company,Houston - East,16 - Humble/Westfield,Prose Deerbrook,19815 Kenswick Drive,Humble,TX,77338,336,MANAGE
Greystar Management,ZG Companies,Houston - East,16 - Humble/Westfield,Summit at Renaissance Park,12121 Greenspoint Drive,Houston,TX,77060,325,MANAGE
Greystar Management,Troesh Family Foundation,Houston - East,16 - Humble/Westfield,Willowbend,9393 FM 1960 Bypass Road,Humble,TX,77338,228,MANAGE
Greystar Management,Madera Companies,Houston - East,17 - Spring,"Pierpont, The",23770 Springwoods Village Pkwy,Spring,TX,77373,354,MANAGE
Greystar Management,Arbor Rose Capital,Houston - East,19 - Porter,Arbor Rose Porter,22344 Montgomery Pines Road,Porter,TX,77365,276,MANAGE
Greystar Management,Signorelli Company,Houston - East,19 - Porter,"Gregory, The",22260 Valley Ranch Pkwy,Porter,TX,77365,269,MANAGE
Greystar Management,Colony Hills Capital,Houston - East,19 - Porter,Paramount at Kingwood,200 Kellington Drive North,Kingwood,TX,77339,372,MANAGE
Greystar Management,Signorelli Company,Houston - East,19 - Porter,"Pointe at Valley Ranch Town Center, The",20290 Park Lake View Drive,New Caney,TX,77357,336,MANAGE
Greystar Management,Signorelli Company,Houston - East,19 - Porter,"Village at Granger Pines, The",16703 Twisted Pine Drive,Conroe,TX,77302,120,MANAGE
Greystar Management,High Street Residential,Houston - East,20 - Kingwood,"Residences at Kingwood, The",6519 Kings Glen Drive,Humble,TX,77346,470,MANAGE
Greystar Management,Greystar,Houston - East,20 - Kingwood,Town Center Crossing,2727 Bens Branch Drive,Kingwood,TX,77339,518,MANAGE
Greystar Management,Ballis Development,Houston - East,21 - Baytown,"Brickyard at Barbers Hill, The",12820 Langston Blvd,Mont Belvieu,TX,77523,348,MANAGE
Greystar Management,Americus Holdings,Houston - East,21 - Baytown,"Brickyard at Barbers Hill, The",1280 Langston Drive,Mont Belvieu,TX,77523,336,MANAGE
Greystar Management,Bluebird Communities,Houston - East,21 - Baytown,"Preserve at Baytown, The",2100 West Baker Road,Baytown,TX,77521,272,MANAGE
Greystar Management,Kairos Investment Management,Houston - East,21 - Baytown,Raintree,3300 Rollingbrook Drive,Baytown,TX,77521,248,MANAGE
Greystar Management,PASSCO Real Estate,Houston - East,21 - Baytown,Sapphire Bay,99 West Cedar Bayou Lynchburg Road,Baytown,TX,77521,384,MANAGE
Greystar Management,Bluebird Communities,Houston - East,21 - Baytown,Stone Brook Apartment Homes,619 Rollingbrook Street,Baytown,TX,77521,376,MANAGE
Greystar Management,Troesh Family Foundation,Houston - East,21 - Baytown,"Vista at Southwinds, The",1900 Kilgore Pkwy,Baytown,TX,77523,265,MANAGE
Greystar Management,Nolan Living,Houston - East,22 - League City/Dickenson,Grand Villas at Tuscan Lakes,1800 South Egret Bay Blvd,League City,TX,77573,207,MANAGE
Greystar Management,Troesh Family Foundation,Houston - East,22 - League City/Dickenson,Highbridge at Egret Bay,1445 South Egret Bay Blvd,League City,TX,77573,254,MANAGE
Greystar Management,Kairos Investment Management,Houston - East,22 - League City/Dickenson,Huntcliff,2525 St Christopher Avenue,League City,TX,77573,240,MANAGE
Greystar Management,CrestMarc Capital Partners,Houston - East,27 - Galveston,University Place/Carelton Courtyard,215 Market Street,Galveston,TX,77550,257,MANAGE
Greystar Management,Greystar,Houston - East,27 - Galveston,Village by the Sea,6424 Central City Blvd,Galveston,TX,77551,241,MANAGE
Greystar Management,Quarry Capital,Houston - East,28 - Conroe - east,Encore Rise,800 North FM 3083 West,Conroe,TX,77303,256,MANAGE
Greystar Management,Mazoch Capital,Houston - East,29 - Lake Jackson/Angleton,LakeVue,200 East Brazoswood Drive,Clute,TX,77531,360,MANAGE
Greystar Management,Bakke Development,Houston - East,29 - Lake Jackson/Angleton,Urban Crest,221 Highway 332 West,Lake Jackson,TX,77566,285,MANAGE
Greystar Management,Balcara Group,Houston - East,30 - Northwest Brazoria County,Balcara at Meridiana,9901 Kilkenny Street,Rosharon,TX,77583,114,MANAGE
Greystar Management,CityStreet Residential,Houston - East,39 - Huntsville,Domain Huntsville,3272 SH 30,Huntsville,TX,77320,312,MANAGE
Greystar Management,Ascendant Development,Houston - East,39 - Huntsville,Haven at M,2523 Avenue M,Huntsville,TX,77340,138,MANAGE
Greystar Management,"Caporina, Charles V.",Houston - East,39 - Huntsville,Huntsville Village,3614 Boettcher Drive,Huntsville,TX,77340,82,MANAGE
Greystar Management,Duck Pond Realty,Houston - West,1 - West End/Downtown,1414 Texas Downtown,1414 Texas Avenue,Houston,TX,77002,285,MANAGE
Greystar Management,Greystar,Houston - West,1 - West End/Downtown,2900 West Dallas,2900 West Dallas Street,Houston,TX,77019,431,MANAGE
Greystar Management,Lynd Management Group,Houston - West,1 - West End/Downtown,4001 Midtown,4001 Fannin Street,Houston,TX,77004,288,MANAGE
Greystar Management,Wood Partners,Houston - West,1 - West End/Downtown,Alta River Oaks,3636 West Dallas Street,Houston,TX,77019,364,MANAGE
Greystar Management,Greystar,Houston - West,1 - West End/Downtown,Art House Sawyer Yards,2121 Edwards Street,Houston,TX,77007,334,MANAGE
Greystar Management,Galium Capital,Houston - West,1 - West End/Downtown,Bayou on the Bend,5201 Memorial Drive,Houston,TX,77007,242,MANAGE
Greystar Management,TriGate Capital,Houston - West,1 - West End/Downtown,Bellrock Sawyer Yards,1215 Sawyer Street,Houston,TX,77007,327,MANAGE
Greystar Management,TriGate Capital,Houston - West,1 - West End/Downtown,Bellrock Summer Street,3030 Summer Street,Houston,TX,77007,375,MANAGE
Greystar Management,Alliance Residential Company,Houston - West,1 - West End/Downtown,Broadstone Oliver,1505 Oliver Street,Houston,TX,77007,346,MANAGE
Greystar Management,Duck Pond Realty,Houston - West,1 - West End/Downtown,Eighteen25 Downtown,1825 San Jacinto Street,Houston,TX,77002,242,MANAGE
Greystar Management,DLP Capital,Houston - West,1 - West End/Downtown,Elan Memorial Park,920 Westcott Street,Houston,TX,77007,297,MANAGE
Greystar Management,DeBartolo Development,Houston - West,1 - West End/Downtown,Elev8,1801 Smith Street,Houston,TX,77002,372,MANAGE
Greystar Management,Houston Housing Authority,Houston - West,1 - West End/Downtown,Encore Montrose,4508 Graustark Street,Houston,TX,77006,211,MANAGE
Greystar Management,Eaton Vance Real Estate Investment Group,Houston - West,1 - West End/Downtown,"Estates at Memorial Heights, The",616 Memorial Heights Drive,Houston,TX,77007,437,MANAGE
Greystar Management,Ladera Capital Partners,Houston - West,1 - West End/Downtown,HAUS Memorial Park,6400 Washington Avenue,Houston,TX,77007,204,MANAGE
Greystar Management,ColRich Multifamily,Houston - West,1 - West End/Downtown,Houston House,1617 Fannin Street,Houston,TX,77002,396,MANAGE
Greystar Management,Greystar,Houston - West,1 - West End/Downtown,Jackson Hill,320 Jackson Hill,Houston,TX,77007,316,MANAGE
Greystar Management,RHS Interests,Houston - West,1 - West End/Downtown,Mid Main Lofts,3550 Main Street,Houston,TX,77002,357,MANAGE
Greystar Management,Pennington Chen Real Estate,Houston - West,1 - West End/Downtown,Midtown Grove,3603 Chenevert Street,Houston,TX,77004,51,MANAGE
Greystar Management,Madera Companies,Houston - West,1 - West End/Downtown,"Montrose at Buffalo Bayou, The",1320 Montrose Blvd,Houston,TX,77019,224,MANAGE
Greystar Management,Greystar,Houston - West,1 - West End/Downtown,"Oliver, The",2305 Summer Street,Houston,TX,77007,211,MANAGE
Greystar Management,Trammell Crow Residential,Houston - West,1 - West End/Downtown,Parkside Residences,808 Crawford Street,Houston,TX,77010,309,MANAGE
Greystar Management,Galium Capital,Houston - West,1 - West End/Downtown,"Rice Urban Lofts, The",909 Texas Avenue,Houston,TX,77002,308,MANAGE
Greystar Management,Intercontinental Real Estate,Houston - West,1 - West End/Downtown,Sawyer Heights Lofts,2424 Sawyer Heights Street,Houston,TX,77007,326,MANAGE
Greystar Management,CBRE Investment Management,Houston - West,1 - West End/Downtown,SoDo on Main,1625 Main Street,Houston,TX,77002,674,MANAGE
Greystar Management,Gaia Real Estate,Houston - West,1 - West End/Downtown,Virage on Memorial,100 Detering Street,Houston,TX,77007,372,MANAGE
Greystar Management,J.P. Morgan Asset Management,Houston - West,1 - West End/Downtown,"Westcott, The",929 Westcott Street,Houston,TX,77007,317,MANAGE
Greystar Management,Intercontinental Real Estate,Houston - West,1 - West End/Downtown,"Westheimer, The",2001 Westheimer Road,Houston,TX,77098,244,MANAGE
Greystar Management,Wood Partners,Houston - West,2 - The Heights,Alta Sunset Heights,1617 Enid Street,Houston,TX,77009,378,MANAGE
Greystar Management,Colony Hills Capital,Houston - West,2 - The Heights,City Park in the Heights,1640 East TC Jester Blvd,Houston,TX,77008,308,MANAGE
Greystar Management,Urban Genesis,Houston - West,2 - The Heights,Co/Op Farmers Market,1690 North Loop,Houston,TX,77009,327,MANAGE
Greystar Management,Greystar,Houston - West,2 - The Heights,Ellison Heights,510 West 20th Street,Houston,TX,77008,152,MANAGE
Greystar Management,Greystar,Houston - West,2 - The Heights,Foundry on 19th,555 West 19th Street,Houston,TX,77008,284,MANAGE
Greystar Management,Price Development Group,Houston - West,2 - The Heights,Rye Heights,1111 West 23rd Street,Houston,TX,77008,211,MANAGE
Greystar Management,McNair Interests,Houston - West,2 - The Heights,Westgrove,3001 West 11th Street,Houston,TX,77008,371,MANAGE
Greystar Management,Kor Group,Houston - West,2 - The Heights,Whitney at the Heights,2424 East TC Jester Blvd,Houston,TX,77008,186,MANAGE
Greystar Management,Madera Companies,Houston - West,3 - Museum District,Adenine Apartment Homes,1755 Wyndale Street,Houston,TX,77030,265,MANAGE
Greystar Management,Eaton Vance Real Estate Investment Group,Houston - West,3 - Museum District,Avanti Cityside,7373 Ardmore Street,Houston,TX,77054,378,MANAGE
Greystar Management,Madera Companies,Houston - West,3 - Museum District,Chelsea Museum District,4641 Montrose Blvd,Houston,TX,77006,325,MANAGE
Greystar Management,CBRE Investment Management,Houston - West,3 - Museum District,Elan Med Center,7010 Staffordshire,Houston,TX,77030,281,MANAGE
Greystar Management,Greystar,Houston - West,3 - Museum District,Latitude Med Center,1850 Old Main Street,Houston,TX,77030,375,MANAGE
Greystar Management,Tema Development,Houston - West,3 - Museum District,One Hermann Place,1699 Hermann Drive,Houston,TX,77004,224,MANAGE
Greystar Management,Madera Companies,Houston - West,3 - Museum District,Vantage Med Center,1911 Holcombe Blvd,Houston,TX,77030,375,MANAGE
Greystar Management,"Weiss, Mordichai",Houston - West,3 - Museum District,Vibe Med Center,7110 Ardmore Street,Houston,TX,77054,326,MANAGE
Greystar Management,Frankforter Group,Houston - West,4 - Reliant Park,Regard at Med Center,8877 Lakes at 610 Drive,Houston,TX,77054,319,MANAGE
Greystar Management,"Alpert, Herb H.",Houston - West,4 - Reliant Park,Scotland Yard,2250 Holly Hall Street,Houston,TX,77054,678,MANAGE
Greystar Management,UBS Realty Investors,Houston - West,5 - Bellaire,Braeswood Place,3838 North Braeswood Blvd,Houston,TX,77025,340,MANAGE
Greystar Management,Alliance Residential Company,Houston - West,5 - Bellaire,Broadstone Toscano,2900 North Braeswood Blvd,Houston,TX,77025,474,MANAGE
Greystar Management,AEW Capital Management,Houston - West,5 - Bellaire,Haven at Main,8700 Main Street,Houston,TX,77025,256,MANAGE
Greystar Management,Hasta Capital,Houston - West,5 - Bellaire,Mezzo Kirby Med Center,7600 Kirby Drive,Houston,TX,77030,378,MANAGE
Greystar Management,RREEF Property Trust,Houston - West,5 - Bellaire,Monaco at Main,8333 Braesmain Drive,Houston,TX,77025,286,MANAGE
Greystar Management,Madera Companies,Houston - West,5 - Bellaire,Portico Kirby,7550 Kirby Drive,Houston,TX,77030,263,MANAGE
Greystar Management,Madera Companies,Houston - West,5 - Bellaire,Sinclair,4139 Bellaire Blvd,Houston,TX,77025,270,MANAGE
Greystar Management,Aspen Oak Capital Partners,Houston - West,5 - Bellaire,Stadia Med Main,9330 Main Street,Houston,TX,77025,338,MANAGE
Greystar Management,Madison Marquette,Houston - West,6 - River Oaks,2929 Weslayan,2929 Weslayan Street,Houston,TX,77027,254,MANAGE
Greystar Management,Crow Holdings,Houston - West,6 - River Oaks,Alexan River Oaks,3015 Weslayan Street,Houston,TX,77027,383,MANAGE
Greystar Management,Madera Companies,Houston - West,6 - River Oaks,Avenue Grove,3815 Eastside Street,Houston,TX,77098,270,MANAGE
Greystar Management,Pennington Chen Real Estate,Houston - West,6 - River Oaks,"Boulevard, The",2440 North Blvd,Houston,TX,77098,113,MANAGE
Greystar Management,ColRich Multifamily,Houston - West,6 - River Oaks,"Cabochon at River Oaks, The",2828 Bammel Lane,Houston,TX,77098,137,MANAGE
Greystar Management,Capital Square,Houston - West,6 - River Oaks,"Flats at West Alabama, The",3623 West Alabama Street,Houston,TX,77027,304,MANAGE
Greystar Management,Madera Companies,Houston - West,6 - River Oaks,La Maison at River Oaks,2727 Revere Street,Houston,TX,77098,423,MANAGE
Greystar Management,Greystar,Houston - West,6 - River Oaks,"Park at River Oaks, The",3121 Buffalo Speedway,Houston,TX,77098,299,MANAGE
Greystar Management,Pennington Chen Real Estate,Houston - West,6 - River Oaks,Sendera at Greenway,3400 Edloe Street,Houston,TX,77027,229,MANAGE
Greystar Management,Greystar,Houston - West,6 - River Oaks,"Village at West University, The",5151 Edloe Street,Houston,TX,77005,419,MANAGE
Greystar Management,Aspen Oak Capital Partners,Houston - West,8 - Piney Point Village - south,Arlo Westchase,3505 West Sam Houston Pkwy South,Houston,TX,77042,265,MANAGE
Greystar Management,Hasta Capital,Houston - West,8 - Piney Point Village - south,WaterWall Place,2801 WaterWall Drive,Houston,TX,77056,322,MANAGE
Greystar Management,Aspen Oak Capital Partners,Houston - West,9 - Piney Point Village - north,2626 Fountain View,2626 Fountain View Drive,Houston,TX,77057,281,MANAGE
Greystar Management,Sagard Real Estate,Houston - West,9 - Piney Point Village - north,"Briscoe River Oaks, The",2121 Mid Lane,Houston,TX,77027,329,MANAGE
Greystar Management,Greystar,Houston - West,9 - Piney Point Village - north,"Creole on Yorktown, The",2400 Yorktown,Houston,TX,77056,540,MANAGE
Greystar Management,Fertitta Entertainment,Houston - West,9 - Piney Point Village - north,Grey House,4444 Westheimer Road,Houston,TX,77027,279,MANAGE
Greystar Management,Galium Capital,Houston - West,9 - Piney Point Village - north,"Millennium High Street, The",4410 Westheimer Road,Houston,TX,77027,340,MANAGE
Greystar Management,Eagle Realty Group,Houston - West,9 - Piney Point Village - north,Reverie at River Hollow,1317 Post Oak Park Drive,Houston,TX,77027,304,MANAGE
Greystar Management,DLP Capital,Houston - West,10 - Hunters Creek,Auxo at Memorial,7777 Katy Fwy,Houston,TX,77024,402,MANAGE
Greystar Management,Pennington Chen Real Estate,Houston - West,10 - Hunters Creek,Deerwood,5800 Woodway Drive,Houston,TX,77057,186,MANAGE
Greystar Management,AEW Capital Management,Houston - West,10 - Hunters Creek,High Point Uptown,807 South Post Oak Lane,Houston,TX,77056,277,MANAGE
Greystar Management,Greystar,Houston - West,10 - Hunters Creek,"Post Oak at Woodway, The",99 North Post Oak Lane,Houston,TX,77024,216,MANAGE
Greystar Management,Madera Companies,Houston - West,11 - Bunker Hill Village,Domain at CityCentre,811 Town & Country Lane,Houston,TX,77024,370,MANAGE
Greystar Management,Madera Companies,Houston - West,11 - Bunker Hill Village,"Lofts at CityCentre, The",12808 Queensbury Lane,Houston,TX,77024,250,MANAGE
Greystar Management,Bellrock Real Estate Partners,Houston - West,12 - Spring Valley,Bellrock Memorial,1148 Silber Road,Houston,TX,77055,352,MANAGE
Greystar Management,Alliance Residential Company,Houston - West,12 - Spring Valley,Broadstone Amarra,10850 Hammerly Blvd,Houston,TX,77043,340,MANAGE
Greystar Management,Alliance Residential Company,Houston - West,12 - Spring Valley,Broadstone Amelia,1610 Campbell Road,Houston,TX,77055,365,MANAGE
Greystar Management,Houston Housing Authority,Houston - West,12 - Spring Valley,District at Memorial,10300 Katy Fwy,Houston,TX,77043,326,MANAGE
Greystar Management,Triten Real Estate Partners,Houston - West,12 - Spring Valley,Three Corners - East,9999 Kempwood Drive,Houston,TX,77080,327,MANAGE
Greystar Management,Triten Real Estate Partners,Houston - West,12 - Spring Valley,Three Corners - North,10010 Kempwood Drive,Houston,TX,77080,388,MANAGE
Greystar Management,Nitya Capital,Houston - West,12 - Spring Valley,Three Corners - West,10105 Kempwood Drive,Houston,TX,77080,389,MANAGE
Greystar Management,"Rose, Terrance J.",Houston - West,13 - Rosslyn,Reserve at Garden Oaks,3405 North Shepherd Drive,Houston,TX,77018,166,MANAGE
Greystar Management,Madera Companies,Houston - West,13 - Rosslyn,Somerset,8000 West Tidwell Road,Houston,TX,77040,516,MANAGE
Greystar Management,Braintree Group,Houston - West,14 - Missouri City,Espria,13939 Hillcroft Avenue,Houston,TX,77085,360,MANAGE
Greystar Management,Greystar,Houston - West,14 - Missouri City,Ltd. Med Center,12806 Buffalo Speedway,Houston,TX,77045,378,MANAGE
Greystar Management,Aspen Oak Capital Partners,Houston - West,14 - Missouri City,Prose South Main,12111 South Main Street,Houston,TX,77035,336,MANAGE
Greystar Management,Goldman Sachs & Company,Houston - West,14 - Missouri City,Retreat at Shadow Creek Ranch,2500 Business Center Drive,Pearland,TX,77584,370,MANAGE
Greystar Management,JLB Partners,Houston - West,15 - Sugar Land - south,Filament at the Grid,11109 Signal Way,Stafford,TX,77477,362,MANAGE
Greystar Management,OHT Partners,Houston - West,15 - Sugar Land - south,Lenox at the Grid,11111 Nexus Avenue,Stafford,TX,77477,350,MANAGE
Greystar Management,Madera Companies,Houston - West,15 - Sugar Land - south,"Trestles Apartment Homes, The",1201 Dulles Avenue,Stafford,TX,77477,188,MANAGE
Greystar Management,Greystar,Houston - West,16 - Sugar Land - west,Avana Sugar Land,15270 Voss Road,Sugar Land,TX,77498,240,MANAGE
Greystar Management,Greystar,Houston - West,16 - Sugar Land - west,Overture Sugar Land,850 Imperial Blvd,Sugar Land,TX,77498,200,MANAGE
Greystar Management,"Rose, Terrance J.",Houston - West,16 - Sugar Land - west,"Reserve at Fountain Lake, The",10500 Fountain Lake Drive,Stafford,TX,77477,244,MANAGE
Greystar Management,Palladius Capital Management,Houston - West,18 - Royal Oaks Country Club,"Beverly at Shadow Lake, The",2920 Shadowbriar Drive,Houston,TX,77082,624,MANAGE
Greystar Management,Eaton Vance Real Estate Investment Group,Houston - West,18 - Royal Oaks Country Club,Brisa at Shadowlake,2840 Shadowbriar Drive,Houston,TX,77077,324,MANAGE
Greystar Management,GEM Realty Capital,Houston - West,18 - Royal Oaks Country Club,Elate Royal Oaks,11805 Meadowglen Lane,Houston,TX,77082,340,MANAGE
Greystar Management,Eaton Vance Real Estate Investment Group,Houston - West,18 - Royal Oaks Country Club,Mandalay at Shadow Lake,12430 Oxford Park Drive,Houston,TX,77082,294,MANAGE
Greystar Management,TruAmerica Multifamily,Houston - West,18 - Royal Oaks Country Club,Oak Crest,12025 Richmond Avenue,Houston,TX,77082,364,MANAGE
Greystar Management,Eaton Vance Real Estate Investment Group,Houston - West,18 - Royal Oaks Country Club,Plaza at Westchase,2601 Woodland Park Drive,Houston,TX,77077,296,MANAGE
Greystar Management,TruAmerica Multifamily,Houston - West,18 - Royal Oaks Country Club,Woodland Park,2700 Woodland Park Drive,Houston,TX,77082,288,MANAGE
Greystar Management,Greystar,Houston - West,19 - Addicks,Avana Eldridge,1415 Eldridge Pkwy,Houston,TX,77077,668,MANAGE
Greystar Management,CityStreet Residential,Houston - West,19 - Addicks,Domain West,611 North Dairy Ashford Road,Houston,TX,77079,333,MANAGE
Greystar Management,"Tazono, Naoki",Houston - West,19 - Addicks,Joule on Memorial,15885 Memorial Drive,Houston,TX,77079,104,MANAGE
Greystar Management,Greystar,Houston - West,19 - Addicks,"Park on Memorial, The",14855 Memorial Drive,Houston,TX,77079,334,MANAGE
Greystar Management,DeBartolo Development,Houston - West,19 - Addicks,"Watt, The",550 Westlake Park Blvd,Houston,TX,77079,311,MANAGE
Greystar Management,Westmount Realty Capital,Houston - West,19 - Addicks,Westmount at Eldridge,2255 Eldridge Pkwy,Houston,TX,77077,192,MANAGE
Greystar Management,Croatan Investments,Houston - West,20 - George Bush Park,Addicks Stone Village,15426 Addicks Stone Drive,Houston,TX,77082,70,MANAGE
Greystar Management,"InterTech Group, The",Houston - West,20 - George Bush Park,Broadstone Energy Park,880 Highway 6 South,Houston,TX,77079,416,MANAGE
Greystar Management,Kairos Investment Management,Houston - West,21 - Bear Creek Park,Green Tree Place,4211 Clay Hill Drive,Houston,TX,77084,200,MANAGE
Greystar Management,Greystar,Houston - West,21 - Bear Creek Park,"Grove at Wilcrest, The",11070 Katy Fwy,Houston,TX,77043,360,MANAGE
Greystar Management,Aspen Oak Capital Partners,Houston - West,22 - Jersey Village/Salsuma,91 Fifty,9150 Highway 6 North,Houston,TX,77095,210,MANAGE
Greystar Management,Caldwell Companies,Houston - West,22 - Jersey Village/Salsuma,Asher Towne Lake,12700 Greenhouse Road,Cypress,TX,77433,348,MANAGE
Greystar Management,Greystar,Houston - West,22 - Jersey Village/Salsuma,Birchway Perry Road,13611 Perry Road,Houston,TX,77070,462,MANAGE
Greystar Management,Caldwell Companies,Houston - West,22 - Jersey Village/Salsuma,Cadence Creek at Towne Lake,11411 Greenhouse Road,Cypress,TX,77433,237,MANAGE
Greystar Management,Houston Housing Authority,Houston - West,22 - Jersey Village/Salsuma,Circle at Point Park,8727 Point Park Drive,Houston,TX,77095,964,MANAGE
Greystar Management,Ascendant Capital Partners,Houston - West,22 - Jersey Village/Salsuma,Duo West Champions,12330 North Gessner Road,Houston,TX,77064,710,MANAGE
Greystar Management,Aspen Oak Capital Partners,Houston - West,22 - Jersey Village/Salsuma,Highpoint at Cypresswood,13920 Mandolin Drive,Houston,TX,77070,336,MANAGE
Greystar Management,"Carlyle Group, The",Houston - West,22 - Jersey Village/Salsuma,Ivy Point Cypress,14928 Mueschke Road,Cypress,TX,77433,136,MANAGE
Greystar Management,Madera Companies,Houston - West,22 - Jersey Village/Salsuma,Kessler Jersey Village,11011 Pleasant Colony Drive,Houston,TX,77065,596,MANAGE
Greystar Management,Madera Companies,Houston - West,22 - Jersey Village/Salsuma,Morningside Green,11810 Hammond Drive,Houston,TX,77065,176,MANAGE
Greystar Management,Alliance Residential Company,Houston - West,22 - Jersey Village/Salsuma,Prose Canopy,19939 Longenbaugh Road,Cypress,TX,77433,266,MANAGE
Greystar Management,Tradewind Properties,Houston - West,22 - Jersey Village/Salsuma,Regency Park Apartment Homes,11300 Regency Green Drive,Cypress,TX,77429,348,MANAGE
Greystar Management,"Gonzalez Group, The",Houston - West,23 - Bammel,Willow Plaza,12752 North Houston Rosslyn Road,Houston,TX,77086,300,MANAGE
Greystar Management,Greystar,Houston - West,24 - Louetta,Birchway Spring Cypress,19101 Kuykendahl Road,Spring,TX,77379,420,MANAGE
Greystar Management,Croatan Investments,Houston - West,24 - Louetta,Broadstone Vintage Park,14700 Vintage Preserve Pkwy,Houston,TX,77070,386,MANAGE
Greystar Management,Braintree Group,Houston - West,24 - Louetta,Casella,18381 Terranova West Drive,Spring,TX,77379,163,MANAGE
Greystar Management,PASSCO Real Estate,Houston - West,24 - Louetta,"Grayson, The",4115 Louetta Road,Spring,TX,77388,330,MANAGE
Greystar Management,Aspen Oak Capital Partners,Houston - West,24 - Louetta,Harlow Spring Cypress,2539 Spring Cypress Road,Spring,TX,77388,254,MANAGE
Greystar Management,"Carlyle Group, The",Houston - West,24 - Louetta,Ivy Point Klein,19310 T C Jester Blvd,Spring,TX,77379,132,MANAGE
Greystar Management,Greystar,Houston - West,25 - Richmond,Elan Harvest Green,3424 Harvest Bounty Drive,Richmond,TX,77406,348,MANAGE
Greystar Management,New York Life Insurance Company,Houston - West,25 - Richmond,Granary Flats,4647 Harvest Corner Drive,Richmond,TX,77406,324,MANAGE
Greystar Management,Ascendant Development,Houston - West,25 - Richmond,Haven at Mission Trace,8811 FM 1464,Richmond,TX,77469,264,MANAGE
Greystar Management,Greystar,Houston - West,25 - Richmond,Silos Harvest Green,3502 Harvest Bounty Drive,Richmond,TX,77406,372,MANAGE
Greystar Management,Dreamstone Investments,Houston - West,25 - Richmond,"Waterview, The",19525 West Bellfort Street,Richmond,TX,77406,295,MANAGE
Greystar Management,Allen Harrison Company,Houston - West,25 - Richmond,West End,10510 West Aliana Trace Drive,Richmond,TX,77407,335,MANAGE
Greystar Management,"Alder Group, The",Houston - West,28 - Katy,Alders Cross Creek,6525 Cross Creek Bend Lane,Fulshear,TX,77441,172,MANAGE
Greystar Management,Alliance Residential Company,Houston - West,28 - Katy,Broadstone Cross Creek Ranch,6030 Texas Heritage Pkwy,Fulshear,TX,77441,348,MANAGE
Greystar Management,Alliance Residential Company,Houston - West,28 - Katy,Broadstone Jordan Ranch,29655 Jordan Crossing Blvd,Brookshire,TX,77423,302,MANAGE
Greystar Management,Tanglewood Property Management,Houston - West,28 - Katy,"Crossing at Katy Ranch, The",24949 Katy Ranch Road,Katy,TX,77494,318,MANAGE
Greystar Management,Encore Enterprises,Houston - West,28 - Katy,Encore Motif at Grand Crossing,23233 Western Centre Drive,Katy,TX,77494,240,MANAGE
Greystar Management,OHT Partners,Houston - West,28 - Katy,Lenox Grand West,750 West Grand Pkwy South,Katy,TX,77494,388,MANAGE
Greystar Management,"Lofthus, Norman",Houston - West,28 - Katy,Montage at Cinco Ranch,24333 Cinco Terrace Drive,Katy,TX,77494,316,MANAGE
Greystar Management,TriWest Development,Houston - West,28 - Katy,"Palms at Cinco Ranch, The",23600 FM 1093,Richmond,TX,77406,200,MANAGE
Greystar Management,Wood Partners,Houston - West,29 - Cinco Ranch - north,Alta Cypress Springs,6810 North Fry Road,Katy,TX,77449,330,MANAGE
Greystar Management,Wood Partners,Houston - West,29 - Cinco Ranch - north,Alta Grandway,2020 Grandway Drive,Katy,TX,77449,336,MANAGE
Greystar Management,Bellrock Real Estate Partners,Houston - West,29 - Cinco Ranch - north,Bellrock Market Station,24002 Colonial Pkwy,Katy,TX,77493,329,MANAGE
Greystar Management,Aspen Oak Capital Partners,Houston - West,29 - Cinco Ranch - north,Emory West Cypress,19770 Clay Road,Katy,TX,77449,336,MANAGE
Greystar Management,Trident Realty Partners,Houston - West,29 - Cinco Ranch - north,Greenhouse Villas,5906 Grand Colony Drive,Katy,TX,77449,231,MANAGE
Greystar Management,Journeyman Group,Houston - West,29 - Cinco Ranch - north,Greenwood at Katy,1700 Katy Fort Bend Road,Katy,TX,77493,324,MANAGE
Greystar Management,AHV Communities,Houston - West,29 - Cinco Ranch - north,Katy Legacy,5103 Visionary Drive,Katy,TX,77493,177,MANAGE
Greystar Management,Greystar,Houston - West,29 - Cinco Ranch - north,Summerwell Sunterra,27064 Beach Ball Drive,Katy,TX,77493,156,MANAGE
Greystar Management,Kairos Investment Management,Houston - West,29 - Cinco Ranch - north,Westborough Crossing,2031 Westborough Drive,Katy,TX,77449,274,MANAGE
Greystar Management,Westmount Realty Capital,Houston - West,29 - Cinco Ranch - north,Westmount at Mason Creek,21500 Park Row Drive,Katy,TX,77449,291,MANAGE
Greystar Management,Caldwell Companies,Houston - West,30 - Tomball,Mirella,18131 Bluegrass Park Lane,Cypress,TX,77429,204,MANAGE
Greystar Management,PCCP,Houston - West,30 - Tomball,SkyMor Cypress,16931 Olive Brush Lane,Cypress,TX,77429,198,MANAGE
Greystar Management,Multi-Employer Property Trust (MEPT),Houston - West,33 - The Woodlands,Boardwalk at Town Center,2203 Riva Row,The Woodlands,TX,77380,450,MANAGE
Greystar Management,Alliance Residential Company,Houston - West,33 - The Woodlands,Broadstone Woodmill Creek,1835 Woodland Field Crossing,The Woodlands,TX,77380,380,MANAGE
Greystar Management,CBRE Investment Management,Houston - West,33 - The Woodlands,Retreat at The Woodlands,4400 College Park Drive,The Woodlands,TX,77384,240,MANAGE
Greystar Management,RSE Capital Partners,Houston - West,33 - The Woodlands,"Townhomes at Woodmill Creek, The",25145 Panther Bend Court,The Woodlands,TX,77380,171,MANAGE
Greystar Management,Wood Partners,Houston - West,34 - Conroe - west,Alta Sergeant,650 Sgt Ed Holcomb Blvd North,Conroe,TX,77304,354,MANAGE
Greystar Management,D’Agostino Companies,Houston - West,34 - Conroe - west,"Madison at City Place, The",1510 League Line Road,Conroe,TX,77304,276,MANAGE
Greystar Management,Alliance Residential Company,Houston - West,34 - Conroe - west,Prose in the Pines,1575 League Line Road,Conroe,TX,77304,264,MANAGE
Greystar Management,Caldwell Companies,Houston - West,35 - Avonak,Cadence Creek at Gosling,21901 Gosling Road,Spring,TX,77388,189,MANAGE
Greystar Management,"Howard Hughes Corporation, The",Houston - West,35 - Avonak,Creekside Park The Grove,8440 Creekside Green Drive,The Woodlands,TX,77389,360,MANAGE
Greystar Management,"Howard Hughes Corporation, The",Houston - West,35 - Avonak,Creekside Park The Residences,26700 Kuykendahl Road,The Woodlands,TX,77375,292,MANAGE
Greystar Management,Alliance Residential Company,Houston - West,35 - Avonak,Prose Sterling,2555 FM 2920 Road,Spring,TX,77388,297,MANAGE
Greystar Management,Aspen Oak Capital Partners,Houston - West,35 - Avonak,Wyldewood Gosling,23223 Gosling Road,Spring,TX,77389,316,MANAGE
Greystar Management,D’Agostino Companies,Houston - West,36 - Northwest Harris County,"Madison, The",20130 Schiel Road,Cypress,TX,77433,300,MANAGE
Greystar Management,Taylor Morrison,Houston - West,36 - Northwest Harris County,Yardly Cypress,22025 Avalon Landing Lane,Cypress,TX,77433,240,MANAGE
Greystar Management,Buckhead Investment Partners,Houston - West,37 - Outlying Fort Bend County,Arista Riverstone,18401 University Blvd,Sugar Land,TX,77479,143,MANAGE
Greystar Management,Ascendant Development,Houston - West,37 - Outlying Fort Bend County,Preserve at Highway 6,11727 Highway 6,Fresno,TX,77545,320,MANAGE
Greystar Management,Cardone Capital,Houston - West,37 - Outlying Fort Bend County,Stella at Riverstone,4711 LJ Pkwy,Sugar Land,TX,77479,351,MANAGE
Greystar Management,Grandview Partners,Houston - West,38 - West Montgomery County,Oasis at Woodlands,33200 Forest W Street,Magnolia,TX,77354,158,MANAGE
Greystar Management,PCCP,Houston - West,39 - Brookshire,Eden at Sunterra,2654 Aruba Bend Drive,Katy,TX,77493,266,MANAGE
Greystar Management,Bomasada Group,Huntsville,5 - Huntsville - South,Liam at Hays Farm,401 Haysland Road SW,Huntsville,AL,35802,329,MANAGE
Greystar Management,Hillcrest Acquisitions,Huntsville,6 - Huntsville - Northwest,"Gabriel, The",1542 Balch Road,Madison,AL,35757,288,MANAGE
Greystar Management,Brass Enterprises,Huntsville,6 - Huntsville - Northwest,Henry House at Clift Farm,1435 Balch Road,Madison,AL,35757,273,MANAGE
Greystar Management,Bonaventure Realty Group,Huntsville,7 - Huntsville - Southwest,Attain at Bradford Creek,556 Martin Road SW,Huntsville,AL,35824,350,MANAGE
Greystar Management,RREAF Holdings,Indianapolis,3 - Indianapolis - Warren,Indy7925,7925 Palawan Drive,Indianapolis,IN,46239,184,MANAGE
Greystar Management,RREAF Holdings,Indianapolis,4 - Indianapolis - Franklin,"85Twenty, The",8520 Sierra Ridge Drive,Indianapolis,IN,46239,208,MANAGE
Greystar Management,Stoneweg US,Indianapolis,10 - Indianapolis - Pike,"Wylde at Eagle Creek, The",6612 Eagle Pointe Drive North,Indianapolis,IN,46254,256,MANAGE
Greystar Management,Stoneweg US,Indianapolis,12 - Indianapolis - Washington west,"Retreat Northwest, The",1130 Racquet Club North Drive,Indianapolis,IN,46260,336,MANAGE
Greystar Management,Stoneweg US,Indianapolis,13 - Indianapolis - Lawrence,M Club,7007 Courthouse Drive,Indianapolis,IN,46226,388,MANAGE
Greystar Management,Legacy Real Estate Development,Indianapolis,16 - Greenwood - east,Summit Pointe,2400 East Main Street,Greenwood,IN,46143,256,MANAGE
Greystar Management,Legacy Real Estate Development,Indianapolis,17 - Greenwood - west,Copper Chase at Stones Crossing,2345 Thorium Drive,Greenwood,IN,46143,296,MANAGE
Greystar Management,Middle Street Partners,Indianapolis,25 - Fishers,Outlook Hamilton,12975 Harrell Pkwy,Noblesville,IN,46060,172,MANAGE
Greystar Management,Milhaus Development,Indianapolis,26 - Westfield - Noblesville,Vista Riverwest,14744 Malachi Road,Noblesville,IN,46062,146,MANAGE
Greystar Management,Wood Partners,Inland Empire,2 - Rancho Cucamonga,Alta Merita,12915 Foothill Blvd,Rancho Cucamonga,CA,91739,260,MANAGE
Greystar Management,Greystar,Inland Empire,2 - Rancho Cucamonga,Avana Rancho Cucamonga,10400 Arrow Route,Rancho Cucamonga,CA,91730,624,MANAGE
Greystar Management,Oakdale Communities,Inland Empire,2 - Rancho Cucamonga,"CORE on Foothill, The",13250 Foothill Blvd,Rancho Cucamonga,CA,91739,193,MANAGE
Greystar Management,Greystar,Inland Empire,2 - Rancho Cucamonga,Elate Rancho Cucamonga,9400 Fairway View Place,Rancho Cucamonga,CA,91730,264,MANAGE
Greystar Management,Crow Holdings,Inland Empire,2 - Rancho Cucamonga,Ironwood,11100 4th Street,Rancho Cucamonga,CA,91730,496,MANAGE
Greystar Management,Wood Partners,Inland Empire,3 - Fontana,Alta Westwind,14817 Foothill Blvd,Fontana,CA,92335,344,MANAGE
Greystar Management,Resmark Equity Partners,Inland Empire,3 - Fontana,Serena Village,8186 East Banana Avenue,Fontana,CA,92335,206,MANAGE
Greystar Management,LivCor,Inland Empire,7 - Colton/Grand Terrace,"Highlands at Grand Terrace, The",11750 Mt. Vernon Avenue,Grand Terrace,CA,92313,556,MANAGE
Greystar Management,REXCO Development,Inland Empire,8 - Highlands,San Carlo Townhomes,28214 Greenspot Road,Highland,CA,92346,200,MANAGE
Greystar Management,Trammell Crow Residential,Inland Empire,11 - Montclair/North Ontario,Kendry,4868 Cypress Street,Montclair,CA,91763,211,MANAGE
Greystar Management,Trammell Crow Residential,Inland Empire,11 - Montclair/North Ontario,Kendry Phase II,4868 Cypress Street,Montclair,CA,91763,137,MANAGE
Greystar Management,Kennedy Wilson,Inland Empire,11 - Montclair/North Ontario,"Lexington, The",9200 Monte Vista Avenue,Montclair,CA,91763,165,MANAGE
Greystar Management,Convenient Holdings,Inland Empire,11 - Montclair/North Ontario,Rancho Vista Townhomes,1037 North Archibald Avenue,Ontario,CA,91764,125,MANAGE
Greystar Management,TA Realty,Inland Empire,12 - Chino/Chino Hills,"Heights at Chino Hills, The",16675 Slate Drive,Chino Hills,CA,91709,332,MANAGE
Greystar Management,Convenient Holdings,Inland Empire,13 - South Ontario,"Landing, The",3364 Honeybrook Way,Ontario,CA,91761,156,MANAGE
Greystar Management,Greystar,Inland Empire,14 - West Riverside,Overture Riverwalk,4725 Sierra Vista Avenue,Riverside,CA,92505,204,MANAGE
Greystar Management,"Fleschman, Sanford",Inland Empire,14 - West Riverside,Raincross Senior Village,5234 Central Avenue,Riverside,CA,92504,168,MANAGE
Greystar Management,Greystar,Inland Empire,14 - West Riverside,Viano at Riverwalk,4655 Sierra Vista Avenue,Riverside,CA,92505,264,MANAGE
Greystar Management,UBS Realty Investors,Inland Empire,15 - East Riverside,Canyon Park,3100 Van Buren Blvd,Riverside,CA,92503,256,MANAGE
Greystar Management,Quarry Capital,Inland Empire,15 - East Riverside,Castlerock at Sycamore Highlands,5700 Lochmoor Drive,Riverside,CA,92507,272,MANAGE
Greystar Management,Quarry Capital,Inland Empire,15 - East Riverside,Colonnade at Sycamore Highlands,5880 Fair Isle Drive,Riverside,CA,92507,288,MANAGE
Greystar Management,Sunrise Company,Inland Empire,15 - East Riverside,"Core at Sycamore Highlands, The",5946 Sycamore Canyon Blvd,Riverside,CA,92507,275,MANAGE
Greystar Management,UBS Realty Investors,Inland Empire,15 - East Riverside,Mission Grove Park,7450 Northrop Drive,Riverside,CA,92508,432,MANAGE
Greystar Management,St. Regis Properties,Inland Empire,15 - East Riverside,Stone Canyon,5100 Quail Run Road,Riverside,CA,92507,208,MANAGE
Greystar Management,Greystar,Inland Empire,16 - Corona,Avana Springs,650 Ebbcreek Drive,Corona,CA,92878,320,MANAGE
Greystar Management,REXCO Development,Inland Empire,16 - Corona,Encanto at Dos Lagos,4593 Temescal Canyon Road,Corona,CA,92883,354,MANAGE
Greystar Management,REXCO Development,Inland Empire,16 - Corona,Montecito at Dos Lagos,2708 Blue Springs Drive,Corona,CA,92883,125,MANAGE
Greystar Management,REXCO Development,Inland Empire,16 - Corona,Terrano at Dos Lagos,2804 Fashion Drive,Corona,CA,92883,276,MANAGE
Greystar Management,REXCO Development,Inland Empire,16 - Corona,Terrano at Dos Lagos Phase II,2804 Fashion Drive,Corona,CA,92883,50,MANAGE
Greystar Management,Alliance Residential Company,Inland Empire,17 - Moreno Valley,Broadstone Rancho Belago,14147 Darwin Drive,Moreno Valley,CA,92555,420,MANAGE
Greystar Management,R&V Management,Inland Empire,17 - Moreno Valley,Sorano,12046 Clark Street,Moreno Valley,CA,92557,266,MANAGE
Greystar Management,"Wells, Robert S.",Inland Empire,22 - Palm Desert/La Quinta,Canterra Apartment Homes,74401 Hovley Lane East,Palm Desert,CA,92260,306,MANAGE
Greystar Management,Greystar,Inland Empire,22 - Palm Desert/La Quinta,Everleigh Palm Desert,40445 Portola Avenue,Palm Desert,CA,92260,161,MANAGE
Greystar Management,Shopoff Realty Investments,Inland Empire,22 - Palm Desert/La Quinta,SolTerra,47470 Aloe Way,La Quinta,CA,92253,131,MANAGE
Greystar Management,Greystar,Inland Empire,24 - Coachella,Summerwell La Quinta,55150 Monroe Street,La Quinta,CA,92253,240,MANAGE
Greystar Management,MG Properties,Inland Empire,26 - Nuevo/Perris/Menifee,Artesa Menifee Town Center,30414 Town Center Drive,Menifee,CA,92584,330,MANAGE
Greystar Management,JPI,Inland Empire,26 - Nuevo/Perris/Menifee,Avena,30950 Hanover Lane,Menifee,CA,92584,237,MANAGE
Greystar Management,LaTerra Development,Inland Empire,26 - Nuevo/Perris/Menifee,"Charlie Perris, The",2700 North Perris Blvd,Perris,CA,92571,228,MANAGE
Greystar Management,R&V Management,Inland Empire,27 - Lake Elsinore,Ridgestone,39415 Ardenwood Way,Lake Elsinore,CA,92532,352,MANAGE
Greystar Management,Anton Development,Inland Empire,28 - Murrieta/Temecula,Canopy,40628 Los Alamos Road,Murrieta,CA,92562,317,MANAGE
Greystar Management,MIG Real Estate,Inland Empire,28 - Murrieta/Temecula,Cape May at Harveston,40140 Village Road,Temecula,CA,92591,300,MANAGE
Greystar Management,R&V Management,Inland Empire,28 - Murrieta/Temecula,"Croft, The",36101 Inland Valley Drive,Wildomar,CA,92595,288,MANAGE
Greystar Management,Brandywine Homes,Inland Empire,28 - Murrieta/Temecula,Delhaven Pointe,39261 Delhaven Street,Murrieta,CA,92563,235,MANAGE
Greystar Management,Crow Holdings,Inland Empire,28 - Murrieta/Temecula,Eagle Glen,38245 Murrieta Hot Springs Road,Murrieta,CA,92563,320,MANAGE
Greystar Management,Greystar,Inland Empire,28 - Murrieta/Temecula,Marlowe Temecula,41461 Buecking Drive,Temecula,CA,92590,260,MANAGE
Greystar Management,R&V Management,Inland Empire,28 - Murrieta/Temecula,Oak Springs Ranch,24055 Clinton Keith Road,Wildomar,CA,92595,312,MANAGE
Greystar Management,ColRich Multifamily,Inland Empire,28 - Murrieta/Temecula,Solaire,29575 Pujol Street,Temecula,CA,92590,140,MANAGE
Greystar Management,R&V Management,Inland Empire,28 - Murrieta/Temecula,Solana Ridge,41754 Margarita Road,Temecula,CA,92591,312,MANAGE
Greystar Management,ReyLenn Properties,Inland Empire,28 - Murrieta/Temecula,Solana Winchester Hills,41100 Temecula Center Drive,Temecula,CA,92591,349,MANAGE
Greystar Management,R&V Management,Inland Empire,28 - Murrieta/Temecula,Tuscany Ridge,41955 Margarita Road,Temecula,CA,92591,220,MANAGE
Greystar Management,MBK Real Estate,Inland Empire,28 - Murrieta/Temecula,Vintage Farms,28749 Clinton Keith Road,Murrieta,CA,92563,330,MANAGE
Greystar Management,Block One Ventures,Jacksonville,3 - Jacksonville - San Jose,Broadstone River House,1655 Prudential Drive,Jacksonville,FL,32207,263,MANAGE
Greystar Management,Eden Multifamily,Jacksonville,5 - Jacksonville - Newcastle,Eden at Kendall West,9105 Tredinick Pkwy,Jacksonville,FL,32211,265,MANAGE
Greystar Management,Property Reserve,Jacksonville,12 - Jacksonville - Pineland Gardens,54 Magnolia,9800 Touchton Road,Jacksonville,FL,32246,276,MANAGE
Greystar Management,Eastwind Development,Jacksonville,12 - Jacksonville - Pineland Gardens,"Aston at Town Center, The",10655 Brightman Blvd,Jacksonville,FL,32246,278,MANAGE
Greystar Management,Freehold Capital Management,Jacksonville,12 - Jacksonville - Pineland Gardens,Crossroads at Town Center,4600 Lusso Lane,Jacksonville,FL,32246,141,MANAGE
Greystar Management,Eaton Vance Real Estate Investment Group,Jacksonville,12 - Jacksonville - Pineland Gardens,"Four at Deerwood, The",4870 East Deer Lake Drive,Jacksonville,FL,32246,316,MANAGE
Greystar Management,Freehold Capital Management,Jacksonville,16 - Jacksonville - Bayard,360 Communities at Avenues Walk,10654 Towns Way,Jacksonville,FL,32258,182,MANAGE
Greystar Management,Viewpoint Equities,Jacksonville,18 - Jacksonville - Deerwood Club,SUR Southside Quarter,7385 Park Village Drive,Jacksonville,FL,32256,306,MANAGE
Greystar Management,Presidium Group,Jacksonville,20 - Jacksonville - San Pablo,Presidium Regal,14051 Beach Blvd,Jacksonville,FL,32250,334,MANAGE
Greystar Management,Viewpoint Equities,Jacksonville,20 - Jacksonville - San Pablo,"Views at Harbortown, The",14030 Atlantic Blvd,Jacksonville,FL,32224,300,MANAGE
Greystar Management,Freehold Capital Management,Jacksonville,32 - St Johns,360 Communities at Shearwater,18 Longtail Drive,St. Augustine,FL,32092,216,MANAGE
Greystar Management,Gatlin Development Company,Jacksonville,32 - St Johns,Aspire at SilverLeaf,105 Aspire Drive,St. Augustine,FL,32092,418,MANAGE
Greystar Management,Gatlin Development Company,Jacksonville,32 - St Johns,Grand Cypress,125 Grand Cypress Drive,St. Johns,FL,32259,588,MANAGE
Greystar Management,Gatlin Development Company,Jacksonville,32 - St Johns,PALACIO,130 North Big Cypress Drive,St. Johns,FL,32259,256,MANAGE
Greystar Management,"Latigo Group, The",Jacksonville,33 - St Augustine,Soluna,25 Silver Moon Circle,St. Augustine,FL,32092,320,MANAGE
Greystar Management,Van Trust Real Estate,Kansas City,2 - Kansas City - south,Brookside 51,5100 Oak Street,Kansas City,MO,64112,170,MANAGE
Greystar Management,A&C Ventures,Kansas City,13 - Gladstone,"Landing at Savannah West, The",8901 North Chestnut Avenue,Kansas City,MO,64156,201,MANAGE
Greystar Management,A&C Ventures,Kansas City,14 - Kansas City northwest/Riverside,"Landing at Tiffany Springs, The",9641 North Ambassador Drive,Kansas City,MO,64154,276,MANAGE
Greystar Management,Stoneweg US,Kansas City,18 - Lee's Summit,Residences at Echelon,3500 SW Hollywood Drive,Lee's Summit,MO,64082,243,MANAGE
Greystar Management,Stoneweg US,Kansas City,21 - Liberty,Wild Oak,7987 North Flintlock Road,Kansas City,MO,64158,348,MANAGE
Greystar Management,KU Endowment,Kansas City,27 - Kansas City - west,"Hudson, The",3600 Rainbow Blvd,Kansas City,KS,66103,228,MANAGE
Greystar Management,EPC Real Estate Group,Kansas City,28 - Mission,"Fieldston of Fairway, The",4210 Shawnee Mission Pkwy,Fairway,KS,66205,209,MANAGE
Greystar Management,Van Trust Real Estate,Kansas City,29 - Overland Park - north,"Kessler Residences, The",4851 Meadowbrook Pkwy,Prairie Village,KS,66207,282,MANAGE
Greystar Management,Boston Capital Real Estate Partners,Kansas City,31 - Lenexa,Aventura Falcon Valley,19501 West 102nd Street,Lenexa,KS,66220,208,MANAGE
Greystar Management,NewStreet Properties,Kansas City,31 - Lenexa,Estancia at City Center,9001 Renner Blvd,Lenexa,KS,66219,304,MANAGE
Greystar Management,Vantage Point Properties,Kansas City,31 - Lenexa,Reflections,9250 Renner Blvd,Lenexa,KS,66219,338,MANAGE
Greystar Management,Material Capital Partners,Kansas City,32 - Shawnee,Harmony at Clear Creek,6300 Silverheel Street,Shawnee Mission,KS,66226,188,MANAGE
Greystar Management,Bonaventure Senior Living,Kansas City,36 - Overland Park - southeast,Cyan Southcreek,13220 Foster Street,Overland Park,KS,66213,380,MANAGE
Greystar Management,Boston Real Estate Capital,Kansas City,37 - Overland Park - southwest,Aventura Clear Creek,13590 Earnshaw Street,Overland Park,KS,66221,288,MANAGE
Greystar Management,Greystar,Knoxville,4 - Knoxville - West,Union Knoxville,2136 Cumberland Avenue,Knoxville,TN,37916,254,MANAGE
Greystar Management,Center Creek Capital Group,Knoxville,5 - Corryton,Highline at Knoxville,5121 Yonah Way,Knoxville,TN,37918,261,MANAGE
Greystar Management,Intrepid Landing,Knoxville,11 - Powell,Mockingbird Meadows,7711 Mockingbird Meadows Drive NE,Knoxville,TN,37938,59,MANAGE
Greystar Management,Stoa Group,Lafayette - Lake Charles,2 - Lafayette - South,"Waters at Settlers Trace, The",536 Settlers Trace Blvd,Lafayette,LA,70508,348,MANAGE
Greystar Management,Stoa Group,Lafayette - Lake Charles,3 - Scott,"Waters at West Village, The",1313 Apollo Road,Scott,LA,70583,216,MANAGE
Greystar Management,PASSCO Real Estate,Lafayette - Lake Charles,16 - Lake Charles,Watervue,1225 Country Club Road,Lake Charles,LA,70605,264,MANAGE
Greystar Management,Greystar,Lansing - Ann Arbor,4 - East Lansing,Campus Village,1151 Michigan Avenue,East Lansing,MI,48823,106,MANAGE
Greystar Management,Greystar,Lansing - Ann Arbor,4 - East Lansing,SkyVue,3165 East Michigan Avenue,Lansing,MI,48912,337,MANAGE
Greystar Management,Trilogy Real Estate Group,Lansing - Ann Arbor,4 - East Lansing,"View on Collins, The",4540 Collins Road,Lansing,MI,48910,289,MANAGE
Greystar Management,Greystar,Lansing - Ann Arbor,15 - Ann Arbor - central,Landmark,1300 South University Avenue,Ann Arbor,MI,48104,173,MANAGE
Greystar Management,Greystar,Lansing - Ann Arbor,15 - Ann Arbor - central,"Varsity Ann Arbor, The",425 East Washington Street,Ann Arbor,MI,48104,181,MANAGE
Greystar Management,Trilogy Real Estate Group,Lansing - Ann Arbor,16 - Ann Arbor - south,"Villas at Main Street, The",101 Lake Village Drive,Ann Arbor,MI,48103,360,MANAGE
Greystar Management,Trilogy Real Estate Group,Lansing - Ann Arbor,17 - Ann Arbor - University North,"Villas at Northstar, The",2820 Windwood Drive,Ann Arbor,MI,48105,480,MANAGE
Greystar Management,Southern Land Company,Las Vegas,1 - Las Vegas - Downtown,Parc Haven,250 South City Pkwy,Las Vegas,NV,89106,290,MANAGE
Greystar Management,Benedict Canyon Equities,Las Vegas,6 - Las Vegas - Central West,"Del Rey, The",6701 Del Rey Avenue,Las Vegas,NV,89146,192,MANAGE
Greystar Management,Benedict Canyon Equities,Las Vegas,6 - Las Vegas - Central West,Luminous,5905 West Charleston Blvd,Las Vegas,NV,89146,192,MANAGE
Greystar Management,Silverstein Properties,Las Vegas,6 - Las Vegas - Central West,theAPEX @meadows,4480 Meadows Lane,Las Vegas,NV,89107,334,MANAGE
Greystar Management,Benedict Canyon Equities,Las Vegas,6 - Las Vegas - Central West,"Villas at 6300, The",6300 West Lake Mead Blvd,Las Vegas,NV,89108,280,MANAGE
Greystar Management,Federal Capital Partners,Las Vegas,7 - Las Vegas - Summerlin,"Avondale, The",9225 West Charleston Blvd,Las Vegas,NV,89117,560,MANAGE
Greystar Management,"Howard Hughes Corporation, The",Las Vegas,7 - Las Vegas - Summerlin,Constellation,1350 Spruce Park Drive,Las Vegas,NV,89135,124,MANAGE
Greystar Management,Greystar,Las Vegas,7 - Las Vegas - Summerlin,Destinations Pueblo,8600 Scholar Lane,Las Vegas,NV,89128,242,MANAGE
Greystar Management,Benedict Canyon Equities,Las Vegas,7 - Las Vegas - Summerlin,Escena,8301 West Charleston Blvd,Las Vegas,NV,89117,344,MANAGE
Greystar Management,Kennedy Wilson,Las Vegas,7 - Las Vegas - Summerlin,"Layne at Peccole Ranch, The",9599 West Charleston Blvd,Las Vegas,NV,89117,404,MANAGE
Greystar Management,"Howard Hughes Corporation, The",Las Vegas,7 - Las Vegas - Summerlin,Tanager,2375 Spruce Goose Street,Las Vegas,NV,89135,267,MANAGE
Greystar Management,"Howard Hughes Corporation, The",Las Vegas,7 - Las Vegas - Summerlin,Tanager Echo,2255 South Spruce Goose Street,Las Vegas,NV,89135,294,MANAGE
Greystar Management,Greystar,Las Vegas,8 - Las Vegas - Northwest,Marlowe Centennial Hills,8550 West Deer Springs Way,Las Vegas,NV,89149,257,MANAGE
Greystar Management,Kennedy Wilson,Las Vegas,8 - Las Vegas - Northwest,Solitude at Centennial,7855 Deer Springs Way,Las Vegas,NV,89131,272,MANAGE
Greystar Management,D.R. Horton,Las Vegas,10 - North Las Vegas - West,Ascend Heartland,7400 Evelyn Brook,North Las Vegas,NV,89084,333,MANAGE
Greystar Management,Greystar,Las Vegas,10 - North Las Vegas - West,Destinations Alexander,3949 West Alexander Road,North Las Vegas,NV,89032,472,MANAGE
Greystar Management,Kennedy Wilson,Las Vegas,10 - North Las Vegas - West,"Solena, The",4249 North Commerce Street,North Las Vegas,NV,89032,336,MANAGE
Greystar Management,Greystar,Las Vegas,16 - University District,Birchway Tropicana,1635 East Tropicana Avenue,Las Vegas,NV,89119,285,MANAGE
Greystar Management,G2 Capital Development,Las Vegas,16 - University District,"yoU, The",4700 South Maryland Pkwy,Las Vegas,NV,89119,169,MANAGE
Greystar Management,Kennedy Wilson,Las Vegas,17 - Paradise - East,5400 Vistas,5400 South Mountain Vista Street,Las Vegas,NV,89120,204,MANAGE
Greystar Management,Greystar,Las Vegas,18 - Paradise - South,Destinations Pebble,1450 East Pebble Road,Las Vegas,NV,89123,416,MANAGE
Greystar Management,Greystar,Las Vegas,18 - Paradise - South,Marlowe South Las Vegas,11210 South Las Vegas Blvd,Las Vegas,NV,89183,324,MANAGE
Greystar Management,Greystar,Las Vegas,20 - Spring Valley - East,Destinations Spring Valley,3925 South Jones Blvd,Las Vegas,NV,89103,271,MANAGE
Greystar Management,LaSalle Investment Management,Las Vegas,21 - Spring Valley - West,"Alcove, The",6355 South Riley Street,Las Vegas,NV,89148,456,MANAGE
Greystar Management,Faring,Las Vegas,21 - Spring Valley - West,Elysian at Sunset,8150 Rafael Rivera Way,Las Vegas,NV,89113,384,MANAGE
Greystar Management,Kennedy Wilson,Las Vegas,21 - Spring Valley - West,Sunstone,9353 West Twain Avenue,Las Vegas,NV,89147,184,MANAGE
Greystar Management,Haven Realty Capital,Las Vegas,21 - Spring Valley - West,Townes at Peace Way,10136 Serenity Star Way,Las Vegas,NV,89147,60,MANAGE
Greystar Management,Greystar,Las Vegas,23 - Henderson,Album Union Village,1100 Wellness Place,Henderson,NV,89011,166,MANAGE
Greystar Management,TruAmerica Multifamily,Las Vegas,23 - Henderson,Tesoro Ranch,6655 Boulder Hwy,Las Vegas,NV,89122,400,MANAGE
Greystar Management,Amboise Properties,Las Vegas,23 - Henderson,"Well, The",1050 Wellness Place,Henderson,NV,89011,396,MANAGE
Greystar Management,Benedict Canyon Equities,Las Vegas,24 - Green Valley,23 Twelve Luxe,2312 North Green Valley Pkwy,Henderson,NV,89014,384,MANAGE
Greystar Management,Tradewind Properties,Las Vegas,24 - Green Valley,Alma,2030 Olympic Avenue,Henderson,NV,89014,300,MANAGE
Greystar Management,TruAmerica Multifamily,Las Vegas,24 - Green Valley,Citron,4895 East Russell Road,Las Vegas,NV,89120,168,MANAGE
Greystar Management,Sunroad Enterprises,Las Vegas,24 - Green Valley,Cyan at Green Valley,1350 Kelso Dunes Avenue,Henderson,NV,89014,234,MANAGE
Greystar Management,Benedict Canyon Equities,Las Vegas,24 - Green Valley,Glo,5035 East Russell Road,Las Vegas,NV,89122,168,MANAGE
Greystar Management,Clarion Partners,Las Vegas,24 - Green Valley,Martinique Bay,3000 High View Drive,Henderson,NV,89014,256,MANAGE
Greystar Management,TruAmerica Multifamily,Las Vegas,24 - Green Valley,Montego Bay,1050 Whitney Ranch Drive,Henderson,NV,89014,420,MANAGE
Greystar Management,TruAmerica Multifamily,Las Vegas,24 - Green Valley,Parkway Townhomes,2675 Windmill Pkwy,Henderson,NV,89074,234,MANAGE
Greystar Management,Sunroad Enterprises,Las Vegas,24 - Green Valley,"Presley at Whitney Ranch, The",5600 East Russell Road,Las Vegas,NV,89122,390,MANAGE
Greystar Management,Kennedy Wilson,Las Vegas,24 - Green Valley,Sage at Green Valley,3001 Warm Springs Road,Henderson,NV,89014,528,MANAGE
Greystar Management,Sunroad Enterprises,Las Vegas,24 - Green Valley,"Townhomes at Horizon Ridge, The",540 West Horizon Ridge Pkwy,Henderson,NV,89012,296,MANAGE
Greystar Management,Kennedy Wilson,Las Vegas,26 - Enterprise,Volare,10695 Dean Martin Drive,Las Vegas,NV,89141,360,MANAGE
Greystar Management,Resortments,Little Rock,8 - Alexander-Mabelvale,Whisper Valley at Quartier,12400 Village Run Pkwy,Alexander,AR,72002,403,MANAGE
Greystar Management,Zeus Capital Managers,Long Island,3 - Valley Stream - Lynbrook,"Hawthorne, The",125 South Cottage Street,Valley Stream,NY,11580,90,MANAGE
Greystar Management,Terwilliger & Bartone Properties,Long Island,14 - Roslyn Heights,"Cornerstone Westbury, The",461 Railroad Avenue,Westbury,NY,11590,130,MANAGE
Greystar Management,RXR Realty,Long Island,15 - Glen Cove,Harbor Landing,350 Herb Hill Road,Glen Cove,NY,11542,385,MANAGE
Greystar Management,Terwilliger & Bartone Properties,Long Island,16 - Westbury - Woodbury,"Cornerstone Hicksville, The",40 Jerusalem Avenue,Hicksville,NY,11801,106,MANAGE
Greystar Management,Terwilliger & Bartone Properties,Long Island,23 - Hauppauge,"Cornerstone Hauppauge, The",135 Stonehenge Lane,Hauppauge,NY,11788,98,MANAGE
Greystar Management,TRITEC Real Estate,Long Island,25 - Bay Shore,Shoregate,143 4th Avenue,Bay Shore,NY,11706,418,MANAGE
Greystar Management,TRITEC Real Estate,Long Island,29 - Port Jefferson,"Shipyard at Port Jeff Harbor, The",201 West Broadway,Port Jefferson,NY,11777,112,MANAGE
Greystar Management,Greystar,Long Island,29 - Port Jefferson,"Vistas of Port Jefferson, The",588 North Bicycle Path,Port Jefferson Station,NY,11776,244,MANAGE
Greystar Management,TRITEC Real Estate,Long Island,30 - Ronkonkoma - Selden,Alston Station Square,1000 Mill Road,Ronkonkoma,NY,11779,489,MANAGE
Greystar Management,BRP Development,Long Island,30 - Ronkonkoma - Selden,"Arboretum, The",20 Maple Lane,Farmingville,NY,11738,292,MANAGE
Greystar Management,TRITEC Real Estate,Long Island,30 - Ronkonkoma - Selden,"Core Station Yards, The",3 Hawkins Avenue,Ronkonkoma,NY,11779,388,MANAGE
Greystar Management,TRITEC Real Estate,Long Island,32 - Patchogue,New Village at Patchogue,1 Village Green,Patchogue,NY,11772,291,MANAGE
Greystar Management,AVR Realty,Long Island,33 - Middle Island,"Brio at the Boulevard, The",410 Princeton Road,Yaphank,NY,11980,295,MANAGE
Greystar Management,AVR Realty,Long Island,33 - Middle Island,"Reserve at the Boulevard, The",1 Reserve Drive,Yaphank,NY,11980,240,MANAGE
Greystar Management,Waterford Property Company,Los Angeles - Eastern County,2 - Pomona,Sienna Residences,777 East 3rd Street,Pomona,CA,91766,472,MANAGE
Greystar Management,Trammell Crow Residential,Los Angeles - Eastern County,6 - Azusa/Monrovia,Alexan Marmont,1625 South Magnolia Avenue,Monrovia,CA,91016,436,MANAGE
Greystar Management,Goldman Sachs & Company,Los Angeles - Eastern County,6 - Azusa/Monrovia,Areum,1110 South 5th Avenue,Monrovia,CA,91016,154,MANAGE
Greystar Management,MBK Real Estate,Los Angeles - Eastern County,6 - Azusa/Monrovia,Esperanza at Duarte Station,1700 Fasana Road,Duarte,CA,91010,344,MANAGE
Greystar Management,Serrano Development Group,Los Angeles - Eastern County,6 - Azusa/Monrovia,Lumia,850 North Azusa Avenue,Azusa,CA,91702,127,MANAGE
Greystar Management,California Statewide Communities Development Authority,Los Angeles - Eastern County,6 - Azusa/Monrovia,MODA at Monrovia Station,228 West Pomona Avenue,Monrovia,CA,91016,261,MANAGE
Greystar Management,Adept,Los Angeles - Eastern County,6 - Azusa/Monrovia,"Monroe, The",127 West Pomona Avenue,Monrovia,CA,91016,232,MANAGE
Greystar Management,Serrano Development Group,Los Angeles - Eastern County,6 - Azusa/Monrovia,"Orchard, The",626 North Azusa Avenue,Azusa,CA,91702,163,MANAGE
Greystar Management,MBK Real Estate,Los Angeles - Eastern County,6 - Azusa/Monrovia,Solana at Duarte Station,1750 Fasana Road,Duarte,CA,91010,292,MANAGE
Greystar Management,Goldrich & Kest,Los Angeles - Eastern County,8 - West Covina,Citrus Gardens,800 South Sunset Avenue,West Covina,CA,91790,183,MANAGE
Greystar Management,Goldrich & Kest,Los Angeles - Eastern County,8 - West Covina,Walnut Ridge,3610 South Nogales Street,West Covina,CA,91792,312,MANAGE
Greystar Management,Goldrich & Kest,Los Angeles - Eastern County,8 - West Covina,Windwood,2100 South Lark Ellen Avenue,West Covina,CA,91792,116,MANAGE
Greystar Management,Integrity Housing,Los Angeles - Eastern County,12 - Whittier / La Mirada,Citrus Court,8121 Broadway Avenue,Whittier,CA,90606,138,MANAGE
Greystar Management,Goldrich & Kest,Los Angeles - Eastern County,13 - Sante Fe Springs / Norwalk,Placita Park,9353 South Pioneer Blvd,Santa Fe Springs,CA,90670,134,MANAGE
Greystar Management,LivCor,Los Angeles - Eastern County,15 - Lakewood / Hawaiian Gardens,Vicino,12350 East Del Amo Blvd,Lakewood,CA,90715,420,MANAGE
Greystar Management,Principal Real Estate Investors,Los Angeles - Eastern County,16 - East Long Beach,Channel Point,5926 Bixby Village Drive,Long Beach,CA,90803,212,MANAGE
Greystar Management,Greystar,Los Angeles - Eastern County,17 - SW Long Beach,200 West Ocean,200 West Ocean Blvd,Long Beach,CA,90802,106,MANAGE
Greystar Management,Raintree Partners,Los Angeles - Eastern County,17 - SW Long Beach,Aster,250 East Broadway,Long Beach,CA,90802,218,MANAGE
Greystar Management,Greystar,Los Angeles - Eastern County,17 - SW Long Beach,Avana on Pine,250 Pacific Avenue,Long Beach,CA,90802,211,MANAGE
Greystar Management,Alliance Residential Company,Los Angeles - Eastern County,17 - SW Long Beach,Broadstone Inkwell,201 The Promenade North,Long Beach,CA,90802,189,MANAGE
Greystar Management,MWest Holdings,Los Angeles - Eastern County,17 - SW Long Beach,Burano,442 West Ocean Blvd,Long Beach,CA,90802,94,MANAGE
Greystar Management,Sunset Group,Los Angeles - Eastern County,17 - SW Long Beach,"Current, The",707 East Ocean Blvd,Long Beach,CA,90802,223,MANAGE
Greystar Management,Gelt,Los Angeles - Eastern County,17 - SW Long Beach,Elevate Long Beach,225 West 3rd Street,Long Beach,CA,90802,160,MANAGE
Greystar Management,California Statewide Communities Development Authority,Los Angeles - Eastern County,17 - SW Long Beach,Oceanaire,150 West Ocean Blvd,Long Beach,CA,90802,216,MANAGE
Greystar Management,Wesco Companies,Los Angeles - Eastern County,17 - SW Long Beach,Renaissance Terrace,926 Locust Avenue,Long Beach,CA,90813,102,MANAGE
Greystar Management,Ledcor Group,Los Angeles - Eastern County,17 - SW Long Beach,Shoreline Gateway,777 East Ocean Blvd,Long Beach,CA,90802,315,MANAGE
Greystar Management,Gelt,Los Angeles - Eastern County,17 - SW Long Beach,Volta on Pine,635 Pine Avenue,Long Beach,CA,90802,271,MANAGE
Greystar Management,BLDG Partners,Los Angeles - Eastern County,21 - Bellflower / Paramount,"Enclave, The",13801 Paramount Blvd,Paramount,CA,90723,306,MANAGE
Greystar Management,Canfield Development,Los Angeles - Eastern County,24 - East Los Angeles South,"505, The",505 West 31st Street,Los Angeles,CA,90007,74,MANAGE
Greystar Management,"Max Collaborative, The",Los Angeles - Eastern County,25 - East Los Angeles North,Avenue 34,131 West Avenue 34,Los Angeles,CA,90031,468,MANAGE
Greystar Management,Rockpoint Group,Los Angeles - Eastern County,25 - East Los Angeles North,Lilian,1771 Blake Avenue,Los Angeles,CA,90039,100,MANAGE
Greystar Management,Romspen,Los Angeles - Eastern County,27 - Alhambra / San Gabriel / El Monte,Aston at Gateway,10568 Gateway Promenade,El Monte,CA,91731,208,MANAGE
Greystar Management,Unity Prosper Management,Los Angeles - Eastern County,27 - Alhambra / San Gabriel / El Monte,"Province, The",398 West Valley Blvd,San Gabriel,CA,91776,133,MANAGE
Greystar Management,"Wang, Taoguang",Los Angeles - Eastern County,28 - Pasadena / Arcadia,"Andalucia, The",686 East Union Street,Pasadena,CA,91101,118,MANAGE
Greystar Management,"Sobrato Organization, The",Los Angeles - Eastern County,28 - Pasadena / Arcadia,City Place,801 East Walnut Street,Pasadena,CA,91101,214,MANAGE
Greystar Management,Nuveen Real Estate,Los Angeles - Eastern County,28 - Pasadena / Arcadia,Holly Street Village,151 East Holly Street,Pasadena,CA,91103,374,MANAGE
Greystar Management,California Statewide Communities Development Authority,Los Angeles - Eastern County,28 - Pasadena / Arcadia,"Hudson, The",678 East Walnut Street,Pasadena,CA,91101,173,MANAGE
Greystar Management,"Wang, Taoguang",Los Angeles - Eastern County,28 - Pasadena / Arcadia,Luxe Pasadena,1769 East Walnut Street,Pasadena,CA,91106,131,MANAGE
Greystar Management,"Li, James Z.",Los Angeles - Eastern County,28 - Pasadena / Arcadia,MW Lofts,218 North El Molino Avenue,Pasadena,CA,91101,115,MANAGE
Greystar Management,California Statewide Communities Development Authority,Los Angeles - Eastern County,28 - Pasadena / Arcadia,Residences at Westgate,168 West Green Street,Pasadena,CA,91105,340,MANAGE
Greystar Management,Waterford Property Company,Los Angeles - Eastern County,28 - Pasadena / Arcadia,THEO,289 North El Molino Avenue,Pasadena,CA,91101,105,MANAGE
Greystar Management,Panda Restaurant Group,Los Angeles - Eastern County,28 - Pasadena / Arcadia,Trio,44 North Madison Avenue,Pasadena,CA,91101,304,MANAGE
Greystar Management,California Statewide Communities Development Authority,Los Angeles - Eastern County,28 - Pasadena / Arcadia,Westgate,231 South De Lacey Avenue,Pasadena,CA,91105,480,MANAGE
Greystar Management,Goldrich & Kest,Los Angeles - Metro,1 - Downtown Los Angeles,255 Grand,255 South Grand Avenue,Los Angeles,CA,90012,391,MANAGE
Greystar Management,MetLife Real Estate Investment,Los Angeles - Metro,1 - Downtown Los Angeles,717 Olympic,717 West Olympic Blvd,Los Angeles,CA,90015,151,MANAGE
Greystar Management,Legendary Developments,Los Angeles - Metro,1 - Downtown Los Angeles,Aliso,950 East 3rd Street,Los Angeles,CA,90013,472,MANAGE
Greystar Management,Carmel Partners,Los Angeles - Metro,1 - Downtown Los Angeles,Alloy,525 South Santa Fe Avenue,Los Angeles,CA,90013,475,MANAGE
Greystar Management,Greystar,Los Angeles - Metro,1 - Downtown Los Angeles,AMP Lofts,695 South Santa Fe Avenue,Los Angeles,CA,90021,320,MANAGE
Greystar Management,Hankey Investment Company,Los Angeles - Metro,1 - Downtown Los Angeles,Circa,1200 South Figueroa Street,Los Angeles,CA,90015,648,MANAGE
Greystar Management,"Gordon, Debra",Los Angeles - Metro,1 - Downtown Los Angeles,"Eden, The",1340 South Hill Street,Los Angeles,CA,90015,235,MANAGE
Greystar Management,"Woo, Charles",Los Angeles - Metro,1 - Downtown Los Angeles,"Garey Building, The",905 East 2nd Street,Los Angeles,CA,90012,320,MANAGE
Greystar Management,Mapletree Investments,Los Angeles - Metro,1 - Downtown Los Angeles,mResidences Olympic & Olive,1001 South Olive Street,Los Angeles,CA,90015,201,MANAGE
Greystar Management,Goldrich & Kest,Los Angeles - Metro,1 - Downtown Los Angeles,Museum Tower,225 South Olive Street,Los Angeles,CA,90012,217,MANAGE
Greystar Management,Jade Enterprises,Los Angeles - Metro,1 - Downtown Los Angeles,Onyx Phase II,424 West Pico Blvd,Los Angeles,CA,90015,248,MANAGE
Greystar Management,Goldrich & Kest,Los Angeles - Metro,1 - Downtown Los Angeles,Promenade Towers,123 South Figueroa Street,Los Angeles,CA,90012,611,MANAGE
Greystar Management,MWest Holdings,Los Angeles - Metro,1 - Downtown Los Angeles,San Fernando Building,400 South Main Street,Los Angeles,CA,90013,70,MANAGE
Greystar Management,Northland,Los Angeles - Metro,1 - Downtown Los Angeles,THEA at Metropolis,1000 West 8th Street,Los Angeles,CA,90017,685,MANAGE
Greystar Management,High Street Residential,Los Angeles - Metro,2 - Chinatown,LA Plaza Village,555 North Spring Street,Los Angeles,CA,90012,355,MANAGE
Greystar Management,High Street Residential,Los Angeles - Metro,2 - Chinatown,Llewellyn,1101 North Main Street,Los Angeles,CA,90012,318,MANAGE
Greystar Management,NBP Capital,Los Angeles - Metro,2 - Chinatown,Park East,200 Mesnager Street,Los Angeles,CA,90012,280,MANAGE
Greystar Management,"Carlyle Group, The",Los Angeles - Metro,4 - Westlake North,Be DTLA,1120 West 6th Street,Los Angeles,CA,90017,606,MANAGE
Greystar Management,Hankey Investment Company,Los Angeles - Metro,5 - Koreatown,Kurve on Wilshire,2801 Sunset Place,Los Angeles,CA,90005,644,MANAGE
Greystar Management,Hankey Investment Company,Los Angeles - Metro,5 - Koreatown,"Pearl on Wilshire, The",687 South Hobart Blvd,Los Angeles,CA,90005,346,MANAGE
Greystar Management,Encore Capital Management,Los Angeles - Metro,5 - Koreatown,"Rise, The",750 South Oxford Avenue,Los Angeles,CA,90005,363,MANAGE
Greystar Management,Kennedy Wilson,Los Angeles - Metro,6 - Mid Wilshire East,"Chadwick, The",209 South Westmoreland Avenue,Los Angeles,CA,90004,687,MANAGE
Greystar Management,Klein Financial Corporation,Los Angeles - Metro,6 - Mid Wilshire East,Wilshire Vermont Station,3183 Wilshire Blvd,Los Angeles,CA,90010,449,MANAGE
Greystar Management,Greystar,Los Angeles - Metro,7 - Mid Wilshire West,Avana on Wilshire,635 South Hobart Blvd,Los Angeles,CA,90005,159,MANAGE
Greystar Management,Jamison Properties,Los Angeles - Metro,7 - Mid Wilshire West,Opus,3545 Wilshire Blvd,Los Angeles,CA,90010,428,MANAGE
Greystar Management,Greystar,Los Angeles - Metro,8 - Park La Brea South,Desmond at Wilshire,5520 Wilshire Blvd,Los Angeles,CA,90036,175,MANAGE
Greystar Management,LaTerra Development,Los Angeles - Metro,10 - Silverlake,"Louise Los Feliz, The",1633 North Edgemont Blvd,Los Angeles,CA,90027,246,MANAGE
Greystar Management,Kilroy Realty,Los Angeles - Metro,11 - East Hollywood,Jardine,6390 De Longpre Avenue,Los Angeles,CA,90028,193,MANAGE
Greystar Management,H & R Investments,Los Angeles - Metro,11 - East Hollywood,"LC, The",710 North El Centro Avenue,Los Angeles,CA,90038,84,MANAGE
Greystar Management,TDA Investment Group,Los Angeles - Metro,11 - East Hollywood,Silhouette,1233 North Highland Avenue,Los Angeles,CA,90038,72,MANAGE
Greystar Management,PCCP,Los Angeles - Metro,12 - Los Feliz - Griffith Park,Broadstone Los Feliz,1800 North New Hampshire Avenue,Los Angeles,CA,90027,134,MANAGE
Greystar Management,Kilroy Realty,Los Angeles - Metro,13 - Hollywood Hills East,Columbia Square Living,1550 North El Centro Avenue,Los Angeles,CA,90028,200,MANAGE
Greystar Management,Goldrich & Kest,Los Angeles - Metro,13 - Hollywood Hills East,"Highland, The",1411 North Highland Avenue,Los Angeles,CA,90028,76,MANAGE
Greystar Management,Resmark Equity Partners,Los Angeles - Metro,14 - Hollywood Hills West,"Avenue, The",1619 North La Brea Avenue,Hollywood,CA,90028,180,MANAGE
Greystar Management,Greystar,Los Angeles - Metro,14 - Hollywood Hills West,Rae on Sunset,7566 Sunset Blvd,Los Angeles,CA,90046,200,MANAGE
Greystar Management,LaTerra Development,Los Angeles - Metro,15 - Central Hollywood,"Charlie WeHo, The",7617 Santa Monica Blvd,West Hollywood,CA,90046,71,MANAGE
Greystar Management,Palisades Capital Partners,Los Angeles - Metro,15 - Central Hollywood,"Fitz on Fairfax, The",1250 North Fairfax Avenue,West Hollywood,CA,90046,53,MANAGE
Greystar Management,Goldrich & Kest,Los Angeles - Metro,15 - Central Hollywood,Museum Terrace,600 South Curson Avenue,Los Angeles,CA,90036,212,MANAGE
Greystar Management,Mapletree Investments,Los Angeles - Metro,16 - West Hollywood,mResidences Miracle Mile,5659 West 8th Street,Los Angeles,CA,90036,60,MANAGE
Greystar Management,Nuveen Real Estate,Los Angeles - Metro,20 - Westwood,"Legacy at Westwood, The",10833 Wilshire Blvd,Los Angeles,CA,90024,187,MANAGE
Greystar Management,Carmel Partners,Los Angeles - Metro,20 - Westwood,Linea,2435 South Sepulveda Blvd,Los Angeles,CA,90064,595,MANAGE
Greystar Management,GPI Companies,Los Angeles - Metro,20 - Westwood,Overland & Ayres,2455 Overland Avenue,Los Angeles,CA,90064,200,MANAGE
Greystar Management,LaTerra Development,Los Angeles - Metro,22 - Santa Monica - Brentwood,"Charlie Santa Monica, The",2225 Broadway,Santa Monica,CA,90404,99,MANAGE
Greystar Management,PGIM Real Estate,Los Angeles - Metro,22 - Santa Monica - Brentwood,Living at Santa Monica - Arezzo,507 Wilshire Blvd,Santa Monica,CA,90401,50,MANAGE
Greystar Management,PGIM Real Estate,Los Angeles - Metro,22 - Santa Monica - Brentwood,Living at Santa Monica - Biella,1411 7th Street,Santa Monica,CA,90401,59,MANAGE
Greystar Management,PGIM Real Estate,Los Angeles - Metro,22 - Santa Monica - Brentwood,Living at Santa Monica - Capri/Revello,1445 6th Street,Santa Monica,CA,90401,96,MANAGE
Greystar Management,PGIM Real Estate,Los Angeles - Metro,22 - Santa Monica - Brentwood,Living at Santa Monica - Genoa,1418 7th Street,Santa Monica,CA,90401,50,MANAGE
Greystar Management,PGIM Real Estate,Los Angeles - Metro,22 - Santa Monica - Brentwood,Living at Santa Monica - Lugano,626 Broadway,Santa Monica,CA,90401,50,MANAGE
Greystar Management,PGIM Real Estate,Los Angeles - Metro,22 - Santa Monica - Brentwood,Living at Santa Monica - Portofino,1450 5th Street,Santa Monica,CA,90401,52,MANAGE
Greystar Management,PGIM Real Estate,Los Angeles - Metro,22 - Santa Monica - Brentwood,Living at Santa Monica - Positano,606 Broadway,Santa Monica,CA,90401,50,MANAGE
Greystar Management,PGIM Real Estate,Los Angeles - Metro,22 - Santa Monica - Brentwood,Living at Santa Monica - San Remo/Sorrento/Amalfi,1519 6th Street,Santa Monica,CA,90401,142,MANAGE
Greystar Management,PGIM Real Estate,Los Angeles - Metro,22 - Santa Monica - Brentwood,Living at Santa Monica - Venezia/Anacapa,1519 6th Street,Santa Monica,CA,90401,96,MANAGE
Greystar Management,PGIM Real Estate,Los Angeles - Metro,22 - Santa Monica - Brentwood,Living at Santa Monica - Verona/Livorno,1542 6th Street,Santa Monica,CA,90401,96,MANAGE
Greystar Management,Alliance Residential Company,Los Angeles - Metro,22 - Santa Monica - Brentwood,Sway,525 Broadway,Santa Monica,CA,90401,122,MANAGE
Greystar Management,TA Realty,Los Angeles - Metro,23 - Venice,Venice on Rose,512 Rose Avenue,Venice,CA,90291,70,MANAGE
Greystar Management,Goldrich & Kest,Los Angeles - Metro,24 - Marina Del Rey,Capri,13953 Panay Way,Marina Del Rey,CA,90292,99,MANAGE
Greystar Management,Goldrich & Kest,Los Angeles - Metro,24 - Marina Del Rey,Dolphin Marina,13900 Panay Way,Marina Del Rey,CA,90292,204,MANAGE
Greystar Management,Goldrich & Kest,Los Angeles - Metro,24 - Marina Del Rey,Monte Carlo,13970 Panay Way,Marina Del Rey,CA,90292,60,MANAGE
Greystar Management,Greystar,Los Angeles - Metro,24 - Marina Del Rey,Neptune Marina,14126 Marquesas Way,Marina Del Rey,CA,90292,526,MANAGE
Greystar Management,Goldrich & Kest,Los Angeles - Metro,24 - Marina Del Rey,St. Tropez,13924 Panay Way,Marina Del Rey,CA,90292,68,MANAGE
Greystar Management,LaTerra Development,Los Angeles - Metro,25 - Mar Vista,"Charlie Mar Vista, The",12444 Venice Blvd,Los Angeles,CA,90066,129,MANAGE
Greystar Management,Greystar,Los Angeles - Metro,25 - Mar Vista,Forty55 Lofts,4055 Redwood Avenue,Marina Del Rey,CA,90066,140,MANAGE
Greystar Management,Carmel Partners,Los Angeles - Metro,25 - Mar Vista,Stella,13488 West Maxella Avenue,Marina Del Rey,CA,90292,244,MANAGE
Greystar Management,Greystar,Los Angeles - Metro,26 - Culver City,Access Culver City,8770 Washington Blvd,Culver City,CA,90232,115,MANAGE
Greystar Management,GR Properties USA,Los Angeles - Metro,26 - Culver City,Lana,10375 Washington Blvd,Culver City,CA,90232,139,MANAGE
Greystar Management,MWest Holdings,Los Angeles - Metro,26 - Culver City,Pacific Rose,10705 Rose Avenue,Los Angeles,CA,90034,60,MANAGE
Greystar Management,Lowe Enterprises,Los Angeles - Metro,26 - Culver City,Upper Ivy,8809 Washington Blvd,Culver City,CA,90232,200,MANAGE
Greystar Management,Carmel Partners,Los Angeles - Metro,27 - Hyde Park,ARQ,3311 La Cienega Blvd,Los Angeles,CA,90016,300,MANAGE
Greystar Management,Carmel Partners,Los Angeles - Metro,27 - Hyde Park,Vox,3333 La Cienega Blvd,Los Angeles,CA,90016,910,MANAGE
Greystar Management,Greystar,Los Angeles - Metro,28 - Adams-Normandie - Hoover,Tuscany,3770 South Figueroa Street,Los Angeles,CA,90007,120,MANAGE
Greystar Management,TriCal Construction,Los Angeles - Metro,30 - El Segundo - Playa del Rey,7403,7403 La Tijera Blvd,Los Angeles,CA,90045,140,MANAGE
Greystar Management,American Realty Advisors,Los Angeles - Metro,30 - El Segundo - Playa del Rey,Accent,5550 Grosvenor Blvd,Los Angeles,CA,90066,196,MANAGE
Greystar Management,Kajima USA,Los Angeles - Metro,30 - El Segundo - Playa del Rey,d'Vine,6733 South Sepulveda Blvd,Los Angeles,CA,90045,176,MANAGE
Greystar Management,Zurich Alternative Asset Management,Los Angeles - Metro,30 - El Segundo - Playa del Rey,Eastway,8820 Sepulveda Eastway,Los Angeles,CA,90045,136,MANAGE
Greystar Management,R&V Management,Los Angeles - Metro,30 - El Segundo - Playa del Rey,Kinley West LA,6711 South Sepulveda Blvd,Los Angeles,CA,90045,180,MANAGE
Greystar Management,Carmel Partners,Los Angeles - Metro,30 - El Segundo - Playa del Rey,"Madrid, The",8655 Belford Avenue,Los Angeles,CA,90045,174,MANAGE
Greystar Management,Maly Commercial Realty,Los Angeles - Metro,31 - Inglewood,"Crosby at Hollywood Park, The",3998 East Hardy Street,Inglewood,CA,90303,215,MANAGE
Greystar Management,Brasa Capital Management,Los Angeles - Metro,31 - Inglewood,"DeMilo, The",201 North La Brea Avenue,Inglewood,CA,90301,144,MANAGE
Greystar Management,Maly Commercial Realty,Los Angeles - Metro,31 - Inglewood,"Wesley at Hollywood Park, The",3988 East Hardy Street,Inglewood,CA,90303,101,MANAGE
Greystar Management,MWest Holdings,Los Angeles - Metro,36 - West Torrance,Milano,20900 Anza Avenue,Torrance,CA,90503,248,MANAGE
Greystar Management,Wood Partners,Los Angeles - Metro,37 - East Torrance,Alta South Bay,22433 South Vermont Avenue,Torrance,CA,90502,246,MANAGE
Greystar Management,LivCor,Los Angeles - Metro,38 - San Pedro,Harborview,1286 West Capitol Drive,San Pedro,CA,90732,160,MANAGE
Greystar Management,MWest Holdings,Los Angeles - Metro,38 - San Pedro,San Pedro Bank Lofts,407 West 7th Street,San Pedro,CA,90731,89,MANAGE
Greystar Management,Harridge Development Group,Los Angeles - Metro,38 - San Pedro,Suncrest at Ponte Vista,1483 West Vista Way,San Pedro,CA,90732,212,MANAGE
Greystar Management,Greystar,Los Angeles - Metro,39 - Rolling Hills-Palos Verdes,Avana Rancho Palos Verdes,6600 Beachview Drive,Rancho Palos Verdes,CA,90275,215,MANAGE
Greystar Management,IDEAL Capital Group,Louisville,1 - Central Downtown/Old Louisville,"Province, The",600 Ruggles Place,Louisville,KY,40208,368,MANAGE
Greystar Management,Glen Una Management,Louisville,3 - Shively,Trifecta,2501 South 4th Street,Louisville,KY,40208,252,MANAGE
Greystar Management,University of Louisville,Louisville,4 - East Downtown/Saint Joseph,"Clubhouse, The",2330 Crittenden Drive,Louisville,KY,40217,271,MANAGE
Greystar Management,Bristol Development Group,Louisville,4 - East Downtown/Saint Joseph,Main & Clay,633 East Main Street,Louisville,KY,40202,269,MANAGE
Greystar Management,Stoneweg US,Louisville,5 - Crescent Hill/St. Matthews,Mallard Crossing at St. Matthews,400 Mallard Creek Road,Louisville,KY,40207,600,MANAGE
Greystar Management,MLG Capital,Louisville,12 - Douglas Hills/Lyndon,"Lodges, The",14500 English Park Circle,Louisville,KY,40299,288,MANAGE
Greystar Management,Stoneweg US,Louisville,12 - Douglas Hills/Lyndon,Middletown Landing,700 Landis Ridge Drive,Louisville,KY,40245,646,MANAGE
Greystar Management,Jefferson Development Group,Louisville,12 - Douglas Hills/Lyndon,"Terra, The",13645 Elanna Avenue,Louisville,KY,40245,291,MANAGE
Greystar Management,Stoneweg US,Louisville,13 - Springhurst/Glenview Manor,Rolling Hills,9100 Rainbow Springs Court,Louisville,KY,40241,400,MANAGE
Greystar Management,Greystar,Madison,1 - Madison - Downtown,Hub on Campus Madison,437 North Frances Street,Madison,WI,53703,313,MANAGE
Greystar Management,Quad Capital Partners,Madison,1 - Madison - Downtown,One09,109 East Wilson Street,Madison,WI,53703,337,MANAGE
Greystar Management,Vermilion Development,Madison,2 - Isthmus,"Duncan, The",1617 Sherman Avenue,Madison,WI,53704,309,MANAGE
Greystar Management,LaSalle Investment Management,Manhattan,1 - Upper West Side,"Sagamore, The",189 West 89th Street,New York,NY,10024,265,MANAGE
Greystar Management,Property Reserve,Manhattan,5 - Lincoln Square,Two Lincoln Square,60 West 66th Street,New York,NY,10023,320,MANAGE
Greystar Management,L+M Development Partners,Manhattan,7 - East Harlem,Ray Harlem,2035 5th Avenue,New York,NY,10035,222,MANAGE
Greystar Management,Empire State Realty Trust,Manhattan,10 - Yorkville,345 E 94,345 East 94th Street,New York,NY,10128,208,MANAGE
Greystar Management,Island Capital Group,Manhattan,11 - Lennox Hill,344 East 63rd Street,344 East 63rd Street,New York,NY,10065,73,MANAGE
Greystar Management,Carmel Partners,Manhattan,11 - Lennox Hill,Maison 78,356 East 78th Street,New York,NY,10075,146,MANAGE
Greystar Management,Aya Acquisitions,Manhattan,11 - Lennox Hill,Renoir House,225 East 63rd Street,New York,NY,10065,151,MANAGE
Greystar Management,Becker + Becker,Manhattan,12 - Roosevelt Island,"Octagon, The",888 Main Street,New York,NY,10044,500,MANAGE
Greystar Management,Slate Property Group,Manhattan,13 - Midtown East,Oriana,420 East 54th Street,New York,NY,10022,323,MANAGE
Greystar Management,Bentall Green Oak,Manhattan,15 - Theater District,"Biltmore, The",271 West 47th Street,New York,NY,10036,464,MANAGE
Greystar Management,Shorenstein,Manhattan,16 - Hell's Kitchen,Henry Hall,515 West 38th Street,New York,NY,10018,225,MANAGE
Greystar Management,Empire State Realty Trust,Manhattan,16 - Hell's Kitchen,Hudson Landing,561 10th Avenue,New York,NY,10036,419,MANAGE
Greystar Management,Daiwa House Group,Manhattan,19 - Chelsea,225 West 28th Maverick Chelsea,225 West 28th Street,New York,NY,10001,112,MANAGE
Greystar Management,Greystar,Manhattan,19 - Chelsea,"Chelsea, The",160 West 24th Street,New York,NY,10011,204,MANAGE
Greystar Management,Greystar,Manhattan,23 - NoMad,800 Sixth,800 6th Avenue,New York,NY,10001,266,MANAGE
Greystar Management,Global Holdings Management Group,Manhattan,23 - NoMad,Anagram NoMad,10 East 29th Street,New York,NY,10016,396,MANAGE
Greystar Management,Multi-Employer Property Trust (MEPT),Manhattan,23 - NoMad,"Dylan, The",309 5th Avenue,New York,NY,10016,165,MANAGE
Greystar Management,Invesco Real Estate,Manhattan,23 - NoMad,Instrata Gramercy,290 3rd Avenue,New York,NY,10010,166,MANAGE
Greystar Management,Island Capital Group,Manhattan,23 - NoMad,Midtown 31 East 31st Street,31 East 31st Street,New York,NY,10016,92,MANAGE
Greystar Management,Global Holdings Management Group,Manhattan,27 - Flatiron,Anagram Gramercy,51 Irving Place,New York,NY,10003,56,MANAGE
Greystar Management,Empire State Realty Trust,Manhattan,29 - Greenwich Village,298 Mulberry,298 Mulberry Street,New York,NY,10012,96,MANAGE
Greystar Management,L+M Development Partners,Manhattan,31 - Lower East Side,"Artisan, The",180 Broome Street,New York,NY,10002,263,MANAGE
Greystar Management,L+M Development Partners,Manhattan,31 - Lower East Side,"Essex, The",125 Delancey Street,New York,NY,10002,195,MANAGE
Greystar Management,L+M Development Partners,Manhattan,31 - Lower East Side,"Rollins, The",145 Clinton Street,New York,NY,10002,211,MANAGE
Greystar Management,MetroLoft Management,Manhattan,37 - Financial District,Twenty Broad,20 Broad Street,New York,NY,10005,535,MANAGE
Greystar Management,Trilogy Real Estate Group,Memphis,1 - Memphis - Downtown west,Riverset,100 Riverset Lane,Memphis,TN,38103,500,MANAGE
Greystar Management,Boyle Investment Company,Memphis,20 - Collierville,"Carrington at Schilling Farms, The",1020 Schilling Row Avenue,Collierville,TN,38017,236,MANAGE
Greystar Management,Boyle Investment Company,Memphis,20 - Collierville,"Water Tower District, The",1371 Schilling Blvd West,Collierville,TN,38017,257,MANAGE
Greystar Management,Greystar,Miami,2 - Miami - Brickell,SoMa at Brickell,145 SW 13th Street,Miami,FL,33130,418,MANAGE
Greystar Management,"Ilyas, Mohsin",Miami,4 - Miami - Little Havana,Remi on the River,999 NW 7th Street,Miami,FL,33136,342,MANAGE
Greystar Management,Lloyd Jones Capital,Miami,4 - Miami - Little Havana,"Vibe Miami, The",700 SW 1st Street,Miami,FL,33130,194,MANAGE
Greystar Management,Lantower Residential,Miami,6 - Miami - Allapattah,Lantower River Landing,1480 NW North River Drive,Miami,FL,33125,528,MANAGE
Greystar Management,Sterling Equities,Miami,7 - Miami - Wynwood,Midtown 5,125 NE 32nd Street,Miami,FL,33137,400,MANAGE
Greystar Management,Prodesa Development,Miami,8 - Miami - Edgewater,Metro Edgewater,452 NE 31st Street,Miami,FL,33137,276,MANAGE
Greystar Management,Grass River Property,Miami,9 - Miami - Coconut Grove,Grove Central Residences,2800 SW 27th Terrace,Miami,FL,33133,402,MANAGE
Greystar Management,Unicapital Asset Management Group,Miami,10 - Miami - Flagami,850 Living,811 NW 43rd Avenue,Miami,FL,33126,230,MANAGE
Greystar Management,Terra Group,Miami,10 - Miami - Flagami,Centro City Residences,3830 NW 11th Street,Miami,FL,33126,470,MANAGE
Greystar Management,Grand Peaks Properties,Miami,10 - Miami - Flagami,Club Prado,950 SW 57th Avenue,West Miami,FL,33144,196,MANAGE
Greystar Management,CBRE Investment Management,Miami,13 - Miami - Upper East Side,Navette on the Bay,7950 NE Bayshore Court,Miami,FL,33138,467,MANAGE
Greystar Management,PGIM Real Estate,Miami,15 - Coral Gables,Sofia,2000 Salzedo Street,Coral Gables,FL,33134,213,MANAGE
Greystar Management,Alta Developers,Miami,16 - South Miami,Crest at Pinecrest,9600 South Dixie Hwy,Miami,FL,33156,296,MANAGE
Greystar Management,FCP,Miami,16 - South Miami,District West Gables,2001 Ludlam Road,Miami,FL,33155,427,MANAGE
Greystar Management,Grand Peaks Properties,Miami,16 - South Miami,Ludlam Point,6880 SW 44th Street,Miami,FL,33155,205,MANAGE
Greystar Management,Terra Group,Miami,18 - Hialeah,Natura Gardens,17351 NW 94th Court,Miami,FL,33018,460,MANAGE
Greystar Management,Greystar,Miami,19 - Miami Lakes,Avana at the Moors,6200 NW 173rd Street,Hialeah,FL,33015,358,MANAGE
Greystar Management,"Horizon Group, The",Miami,22 - North Miami,Residences at NOMI,965 NE 123rd Street,North Miami,FL,33161,175,MANAGE
Greystar Management,Century Homebuilders Group,Miami,24 - Doral,Century Town Center,8075 NW 107th Avenue,Doral,FL,33178,326,MANAGE
Greystar Management,Dermot Company,Miami,24 - Doral,Cordoba,8150 NW 53rd Street,Doral,FL,33166,454,MANAGE
Greystar Management,Greystar,Miami,24 - Doral,Overture Doral,4720 NW 85th Avenue,Doral,FL,33166,198,MANAGE
Greystar Management,TruAmerica Multifamily,Miami,25 - Fontainebleau - University Park,7 West Apartment Homes,11325 NW 7th Street,Miami,FL,33172,304,MANAGE
Greystar Management,Grand Peaks Properties,Miami,27 - Kendall West,Cascades at the Hammocks,10605 Hammocks Blvd,Miami,FL,33196,264,MANAGE
Greystar Management,"Zepeda Jr., Samuel",Miami,28 - Kendall,Vistas Palmetto Bay,18300 SW 98th Avenue,Palmetto Bay,FL,33157,60,MANAGE
Greystar Management,AEW Capital Management,Miami,29 - Three Lakes,Amelia,15350 SW 136th Street,Miami,FL,33196,264,MANAGE
Greystar Management,"Milestone Group, The",Miami,29 - Three Lakes,Emerald Palms,12325 SW 151st Street,Miami,FL,33186,505,MANAGE
Greystar Management,Artemis Real Estate Partners,Miami,31 - Homestead,"Olivia, The",14981 SW 283rd Street,Homestead,FL,33033,288,MANAGE
Greystar Management,Inland Real Estate Group,Milwaukee,4 - Westown,Evoni,615 East Corcoran Street,Milwaukee,WI,53202,261,MANAGE
Greystar Management,Cypress Equities,Milwaukee,6 - Glendale,"Lydell, The",5905 North Lydell Avenue,Glendale,WI,53217,311,MANAGE
Greystar Management,Trilogy Real Estate Group,Milwaukee,26 - Franklin,Velo Village,7235 South Ballpark Drive,Franklin,WI,53132,265,MANAGE
Greystar Management,Greystar,Mississippi State University,1 - Mississippi State University,College View,385 College View Drive,Starkville,MS,39759,288,MANAGE
Greystar Management,Tidal REP,Nashville,1 - Nashville - Downtown,1111 Church,1111 Church Street,Nashville,TN,37203,380,MANAGE
Greystar Management,AND Asset Management,Nashville,1 - Nashville - Downtown,Broadstone SoBro,800 4th Avenue South,Nashville,TN,37210,226,MANAGE
Greystar Management,Proffitt Dixon Partners,Nashville,1 - Nashville - Downtown,Chamberlain House,912 2nd Avenue North,Nashville,TN,37201,345,MANAGE
Greystar Management,CBRE Investment Management,Nashville,1 - Nashville - Downtown,"Gossett on Church, The",1201 Church Street,Nashville,TN,37203,367,MANAGE
Greystar Management,Greystar,Nashville,1 - Nashville - Downtown,Harlowe,908 Division Street,Nashville,TN,37203,298,MANAGE
Greystar Management,Clarion Partners,Nashville,1 - Nashville - Downtown,River House,4 Academy Place,Nashville,TN,37210,247,MANAGE
Greystar Management,Portman Holdings,Nashville,1 - Nashville - Downtown,Starling,820 4th Avenue North,Nashville,TN,37219,359,MANAGE
Greystar Management,Clarion Partners,Nashville,1 - Nashville - Downtown,Terra House,115 Middleton Street,Nashville,TN,37210,194,MANAGE
Greystar Management,Price Development Group,Nashville,2 - Nashville - Central,"Monroe, The",1300 4th Avenue North,Nashville,TN,37208,244,MANAGE
Greystar Management,Creek Lane Capital,Nashville,2 - Nashville - Central,Oxbow,2141 Waterside Drive,Nashville,TN,37207,296,MANAGE
Greystar Management,Creek Lane Capital,Nashville,2 - Nashville - Central,"Wayward, The",2135 Waterside Drive,Nashville,TN,37207,355,MANAGE
Greystar Management,Wood Partners,Nashville,3 - Nashville - Central South,Alta Rochelle,1021 South Street,Nashville,TN,37203,355,MANAGE
Greystar Management,Alliance Residential Company,Nashville,3 - Nashville - Central South,Broadstone Berry Hill,2500 Bransford Avenue,Berry Hill,TN,37204,302,MANAGE
Greystar Management,"Tinsley, Edward R.",Nashville,3 - Nashville - Central South,"Monroe, The",1300 4th Avenue South,Nashville,TN,37210,134,MANAGE
Greystar Management,Origin Investments,Nashville,3 - Nashville - Central South,Queens Wedgewood Houston,715 Hagan Street,Nashville,TN,37203,223,MANAGE
Greystar Management,Atlas Real Estate Partners,Nashville,3 - Nashville - Central South,Standard Assembly,715 Merritt Avenue,Nashville,TN,37203,310,MANAGE
Greystar Management,Atlas Real Estate Partners,Nashville,3 - Nashville - Central South,Westerly House,700 Hamilton Avenue,Nashville,TN,37203,246,MANAGE
Greystar Management,Wood Partners,Nashville,4 - Nashville - Lebanon Pike,Alta City Side,1301 Lebanon Pike,Nashville,TN,37210,368,MANAGE
Greystar Management,Wood Partners,Nashville,6 - Nashville - Central North,Alta Lofts on the Levee,210 Cumberland Bend,Nashville,TN,37228,325,MANAGE
Greystar Management,Alpha Residential,Nashville,6 - Nashville - Central North,Apex Marathon Village,1501 Herman Street,Nashville,TN,37208,313,MANAGE
Greystar Management,"Giddings Group, The",Nashville,6 - Nashville - Central North,"Duke Metrocenter, The",131 Great Circle Road,Nashville,TN,37228,194,MANAGE
Greystar Management,Southeastern Development Associates,Nashville,6 - Nashville - Central North,SoundWater,341 Great Circle Road,Nashville,TN,37228,467,MANAGE
Greystar Management,Alliance Residential Company,Nashville,7 - Nashville - Vanderbilt,Broadstone Centennial,2 City Place,Nashville,TN,37209,261,MANAGE
Greystar Management,Sunroad Enterprises,Nashville,7 - Nashville - Vanderbilt,Elliston 23,2312 Elliston Place,Nashville,TN,37203,331,MANAGE
Greystar Management,Greystar,Nashville,7 - Nashville - Vanderbilt,Fallyn,110 19th Avenue South,Nashville,TN,37203,347,MANAGE
Greystar Management,Brass Enterprises,Nashville,7 - Nashville - Vanderbilt,Millennium Music Row,70 Music Square West,Nashville,TN,37203,230,MANAGE
Greystar Management,Starwood Capital Group,Nashville,7 - Nashville - Vanderbilt,NOVEL Edgehill,801 12th Avenue South,Nashville,TN,37203,270,MANAGE
Greystar Management,Greystar,Nashville,8 - Nashville - Woodbine,Avana South Oaks,100 Antioch Pike,Nashville,TN,37211,323,MANAGE
Greystar Management,Wood Partners,Nashville,11 - Nashville - Northeast,"Station by Alta, The",900 East Trinity Lane,Nashville,TN,37207,302,MANAGE
Greystar Management,Greystar,Nashville,14 - Nashville - Southwest,Avana Bellevue,2100 Waterford Circle,Nashville,TN,37221,180,MANAGE
Greystar Management,Greystar,Nashville,14 - Nashville - Southwest,Avana Lexington,510 Old Hickory Blvd,Nashville,TN,37209,598,MANAGE
Greystar Management,Boston Capital,Nashville,14 - Nashville - Southwest,Aventura Bellevue,1000 Amberwood Circle,Nashville,TN,37221,225,MANAGE
Greystar Management,Crescent Communities,Nashville,14 - Nashville - Southwest,HARMON West Meade,7315 Sonya Drive,Nashville,TN,37209,173,MANAGE
Greystar Management,TA Realty,Nashville,14 - Nashville - Southwest,Harpeth Heights,615 Old Hickory Blvd,Nashville,TN,37209,322,MANAGE
Greystar Management,Price Development Group,Nashville,14 - Nashville - Southwest,Rye Charlotte Ave,3800 Charlotte Avenue,Nashville,TN,37209,320,MANAGE
Greystar Management,Velocis,Nashville,14 - Nashville - Southwest,Station 40,610 Sylvan Heights Way,Nashville,TN,37209,262,MANAGE
Greystar Management,Ram Realty Advisors,Nashville,14 - Nashville - Southwest,Wrenstone at the Highlands,350 Old Hickory Blvd,Nashville,TN,37221,323,MANAGE
Greystar Management,Greystar,Nashville,16 - Nashville - South,Avana Collins Creek,1157 Bell Road,Antioch,TN,37013,510,MANAGE
Greystar Management,Graycliff Capital,Nashville,16 - Nashville - South,Encore at Brentwood,95 Plum Nelly Circle,Brentwood,TN,37027,195,MANAGE
Greystar Management,Sunroad Enterprises,Nashville,16 - Nashville - South,"Jax, The",100 Brentwood Oaks Drive,Nashville,TN,37211,262,MANAGE
Greystar Management,2nd Wave Development,Nashville,16 - Nashville - South,Maxwell,1500 Bell Road,Nashville,TN,37211,362,MANAGE
Greystar Management,Sterling Equities,Nashville,16 - Nashville - South,Tapestry at Brentwood Town Center,400 Centerview Drive,Brentwood,TN,37027,393,MANAGE
Greystar Management,Greystar,Nashville,17 - Nashville - Southeast,Avana Overlook,727 Bell Road,Antioch,TN,37013,452,MANAGE
Greystar Management,Middle Street Partners,Nashville,17 - Nashville - Southeast,"Crossings, The",5700 Crossings Blvd,Antioch,TN,37013,349,MANAGE
Greystar Management,"Montgomery, Dean S.",Nashville,17 - Nashville - Southeast,"Ravelle at Ridgeview, The",1445 Eagle View Blvd,Antioch,TN,37013,324,MANAGE
Greystar Management,Clarion Partners,Nashville,17 - Nashville - Southeast,Stockwell,1 Hickory Club Drive,Antioch,TN,37013,406,MANAGE
Greystar Management,Century Communities,Nashville,17 - Nashville - Southeast,Townes at Hamilton,955 Hamilton Crossing,Antioch,TN,37013,105,MANAGE
Greystar Management,Greystar,Nashville,18 - Nashville - Madison,Birchway Rivergate,110 One Mile Pkwy,Madison,TN,37115,384,MANAGE
Greystar Management,Forbes Plunkett Development,Nashville,18 - Nashville - Madison,Northerly,620 West Due West Avenue,Madison,TN,37115,297,MANAGE
Greystar Management,Greystar,Nashville,18 - Nashville - Madison,Station A,1401 Gallatin Pike North,Madison,TN,37115,292,MANAGE
Greystar Management,Avenida Partners,Nashville,19 - Hendersonville,Album Indian Lake,109 Cinema Drive,Hendersonville,TN,37075,138,MANAGE
Greystar Management,Freehold Capital Management,Nashville,19 - Hendersonville,Durham Farms,1704 Drakes Creek Road,Hendersonville,TN,37075,165,MANAGE
Greystar Management,Al. Neyer,Nashville,19 - Hendersonville,"Hickory at Indian Lake Village, The",257 Indian Lake Blvd,Hendersonville,TN,37075,212,MANAGE
Greystar Management,Clarion Partners,Nashville,19 - Hendersonville,Williamsburg,1 Williamsburg Drive,Hendersonville,TN,37075,300,MANAGE
Greystar Management,RFM Development,Nashville,23 - White House,"Mill at White House, The",118 State Highway 76,White House,TN,37188,216,MANAGE
Greystar Management,Graycliff Capital,Nashville,27 - Lebanon,"Fitzroy at Lebanon Marketplace, The",100 Aviation Way,Lebanon,TN,37090,273,MANAGE
Greystar Management,Greystar,Nashville,28 - Smyma,Elan Smyrna,200 Carriage House Drive,Smyrna,TN,37167,354,MANAGE
Greystar Management,White Oak Partners,Nashville,28 - Smyma,Sterling at Stonecrest,400 Great Circle,Smyrna,TN,37167,264,MANAGE
Greystar Management,Argyle Real Estate Partners,Nashville,29 - Murfreesboro,Easton Place,1709 Cason Lane,Murfreesboro,TN,37128,184,MANAGE
Greystar Management,Related Companies,Nashville,30 - Franklin,Ashton Brook,100 Gillespie Drive,Franklin,TN,37067,390,MANAGE
Greystar Management,Clarion Partners,Nashville,30 - Franklin,Everleigh Cool Springs,222 Mallory Station Road,Franklin,TN,37067,142,MANAGE
Greystar Management,AEW Capital Management,Nashville,30 - Franklin,Heartwood at Lockwood Glen,1001 Archdale Drive,Franklin,TN,37064,239,MANAGE
Greystar Management,Boyle Investment Company,Nashville,30 - Franklin,Town Center at Berry Farms,6001 Hughes Crossing,Franklin,TN,37064,331,MANAGE
Greystar Management,"Cust, Jack",New Jersey - Central,6 - Hunterdon County,Enclave at Raritan,308 State Route 31,Flemington,NJ,8822,200,MANAGE
Greystar Management,"Cust, Jack",New Jersey - Central,6 - Hunterdon County,"Residences at Courthouse Square, The",23 Bloomfield Avenue,Flemington,NJ,8822,206,MANAGE
Greystar Management,Wick Companies,New Jersey - Central,19 - Woodbridge - east/Carteret,"Park at Woodbridge Station, The",55 Brook Street,Woodbridge Township,NJ,7095,146,MANAGE
Greystar Management,Alliance Residential Company,New Jersey - Central,21 - New Brunswick/Highland Park,"Quincy, The",120 Neilson Street,New Brunswick,NJ,8901,393,MANAGE
Greystar Management,Greystar,New Jersey - Central,21 - New Brunswick/Highland Park,SoCam 290,290 George Street,New Brunswick,NJ,8901,233,MANAGE
Greystar Management,Ashling Development,New Jersey - Central,34 - Long Branch,Ocean Gate,84 Cooper Avenue,Long Branch,NJ,7740,170,MANAGE
Greystar Management,"Tak Group, The",New Jersey - Northern,12 - Kearny - Lyndhurst,221 Bergen,221 Bergen Street,Harrison,NJ,7029,104,MANAGE
Greystar Management,Eastone Equities,New Jersey - Northern,12 - Kearny - Lyndhurst,Harrison Yards,450 Angelo Cifelli Drive,Harrison,NJ,7029,205,MANAGE
Greystar Management,Hartz Mountain Industries,New Jersey - Northern,16 - Westfield,Fairways at Cranford,750 Walnut Avenue,Cranford,NJ,7016,250,MANAGE
Greystar Management,Hartz Mountain Industries,New Jersey - Northern,19 - Morristown,Chancery Square,11 Cattano Avenue,Morristown,NJ,7960,129,MANAGE
Greystar Management,Shamah Properties,New Jersey - Northern,19 - Morristown,"Highlands at Morris Plains, The",40 East Hanover Avenue,Morris Plains,NJ,7950,116,MANAGE
Greystar Management,Milelli Realty,New Jersey - Northern,20 - Parsippany,500 Parq,500 Parq Lane,Parsippany,NJ,7054,276,MANAGE
Greystar Management,"Pomeranc Group, The",New Jersey - Northern,21 - Wayne,Mountain View Crossing,650 Route 23 North,Wayne,NJ,7470,465,MANAGE
Greystar Management,"Monocle Group, The",New Jersey - Northern,25 - Hackensack,210 Main,210 Main Street,Hackensack,NJ,7601,126,MANAGE
Greystar Management,Waypoint Residential,New Jersey - Northern,25 - Hackensack,"Walcott Hackensack, The",435 Main Street,Hackensack,NJ,7601,235,MANAGE
Greystar Management,Clarion Partners,New Jersey - Northern,27 - East Rutherford - Passaic,Rutherford Station,201 Railroad Avenue,East Rutherford,NJ,7073,108,MANAGE
Greystar Management,Rockwood Capital,New Jersey - Northern,28 - Englewood - New Milford,"Brownstones at Englewood South, The",73 Brownstone Way,Englewood,NJ,7631,350,MANAGE
Greystar Management,UBS Realty Investors,New Jersey - Northern,29 - Edgewater,Half Moon Harbour,7912 River Road,North Bergen,NJ,7047,176,MANAGE
Greystar Management,National Realty Investment Advisors,New Jersey - Northern,30 - West New York,"Grand, The",508 51st Street,West New York,NJ,7093,156,MANAGE
Greystar Management,National Realty Investment Advisors,New Jersey - Northern,30 - West New York,"Station, The",4901 Bergenline Avenue,West New York,NJ,7093,97,MANAGE
Greystar Management,Hartz Mountain Industries,New Jersey - Northern,31 - Secaucus,"Harper at Harmon Meadow, The",100 Park Plaza Drive,Secaucus,NJ,7094,469,MANAGE
Greystar Management,Hartz Mountain Industries,New Jersey - Northern,31 - Secaucus,Osprey Cove/Osprey Cove East,45 Meadowlands Pkwy,Secaucus,NJ,7094,172,MANAGE
Greystar Management,Hartz Mountain Industries,New Jersey - Northern,32 - Union City - Weehawken,Estuary,1600 Harbor Blvd,Weehawken,NJ,7086,582,MANAGE
Greystar Management,Hartz Mountain Industries,New Jersey - Northern,32 - Union City - Weehawken,Hamilton Cove,800 Harbor Blvd,Weehawken,NJ,7086,573,MANAGE
Greystar Management,"Maxal Group, The",New Jersey - Northern,32 - Union City - Weehawken,Harbor 1500,1500 Harbor Blvd,Weehawken,NJ,7086,236,MANAGE
Greystar Management,Hartz Mountain Industries,New Jersey - Northern,32 - Union City - Weehawken,Hoboken Point,100 Harbor Blvd,Weehawken,NJ,7086,262,MANAGE
Greystar Management,Hartz Mountain Industries,New Jersey - Northern,32 - Union City - Weehawken,"Reserve at Estuary, The",1525 Harbor Blvd,Weehawken,NJ,7086,218,MANAGE
Greystar Management,Manhattan Building Company,New Jersey - Northern,33 - Union City - south,"Cliffs Condos, The",100 Paterson Plank Road,Jersey City,NJ,7307,120,MANAGE
Greystar Management,Rockpoint Group,New Jersey - Northern,33 - Union City - south,Embankment House,270 10th Street,Jersey City,NJ,7302,163,MANAGE
Greystar Management,Rockpoint Group,New Jersey - Northern,33 - Union City - south,Revetment House,270 10th Street,Jersey City,NJ,7302,163,MANAGE
Greystar Management,Clarion Partners,New Jersey - Northern,34 - Hoboken,1000 Jefferson,1000 Jefferson Street,Hoboken,NJ,7030,217,MANAGE
Greystar Management,Intercontinental Real Estate,New Jersey - Northern,34 - Hoboken,7 Seventy House,770 Jackson Street,Hoboken,NJ,7030,424,MANAGE
Greystar Management,Greystar,New Jersey - Northern,34 - Hoboken,Observer Park,51 Garden Street,Hoboken,NJ,7030,115,MANAGE
Greystar Management,Intercontinental Real Estate,New Jersey - Northern,34 - Hoboken,Vine,900 Monroe Street,Hoboken,NJ,7030,135,MANAGE
Greystar Management,Hartz Mountain Industries,New Jersey - Northern,35 - Jersey City - west,3 Journal Square,2935 John F Kennedy Blvd,Jersey City,NJ,7306,240,MANAGE
Greystar Management,Panepinto Development,New Jersey - Northern,35 - Jersey City - west,505 Summit,505 Summit Avenue,Jersey City,NJ,7306,605,MANAGE
Greystar Management,Strategic Capital,New Jersey - Northern,36 - Jersey City - east,One Grove,215 Grove Street,Jersey City,NJ,7302,193,MANAGE
Greystar Management,Golden Glades Capital Management,New Jersey - Northern,37 - Jersey City - south,BELA,74 Maple Street,Jersey City,NJ,7304,103,MANAGE
Greystar Management,"Kavuru, Vimal K.",New Jersey - Northern,38 - Bayonne,Liberty Bay Club,190 West 54th Street,Bayonne,NJ,7002,220,MANAGE
Greystar Management,PASSCO Real Estate,New Orleans,4 - French Quarter,Canal 1535,1535 Canal Street,New Orleans,LA,70112,330,MANAGE
Greystar Management,Onyx Partners,New Orleans,11 - Metairie,"Lumiere, The",3301 West Esplanade Avenue North,Metairie,LA,70002,336,MANAGE
Greystar Management,Stoa Group,New Orleans,35 - Hammond,"Waters at Hammond, The",1600 Bauerle Road,Hammond,LA,70403,312,MANAGE
Greystar Management,Greystar,North Central Florida,2 - Daytona Beach - North,Marlowe Tomoka Village,100 Windflower Lane,Daytona Beach,FL,32117,360,MANAGE
Greystar Management,Emerson International,North Central Florida,2 - Daytona Beach - North,Sanctuary at Daytona,1600 LPGA Blvd,Daytona Beach,FL,32117,336,MANAGE
Greystar Management,Eden Multifamily,North Central Florida,3 - Daytona Beach - South,Mira Crystal Lake,1270 Reed Canal Road,Port Orange,FL,32129,288,MANAGE
Greystar Management,Qapa Holdings,North Central Florida,4 - Port Orange,Hawthorne Village Apartment Homes,3900 Yorktowne Blvd,Port Orange,FL,32129,378,MANAGE
Greystar Management,Emerson International,North Central Florida,4 - Port Orange,Sanctuary at Westport,5400 Coraci Blvd,Port Orange,FL,32128,360,MANAGE
Greystar Management,Taylor Morrison,North Central Florida,8 - DeLand,Yardly Crossings,3800 Viceroy Place,DeLand,FL,32724,233,MANAGE
Greystar Management,Catalyst Development Partners,North Central Florida,19 - Ocala - West,"Darley, The",4535 SW 54th Street Road,Ocala,FL,34474,228,MANAGE
Greystar Management,Aultas,Northern Arizona University,1 - Northern Arizona University,Clear Creek Village,875 East Pine Knoll Drive,Flagstaff,AZ,86001,190,MANAGE
Greystar Management,Wexford Development,Northern Arizona University,1 - Northern Arizona University,Elkwood,1002 North 4th Street,Flagstaff,AZ,86004,224,MANAGE
Greystar Management,Aultas,Northern Arizona University,1 - Northern Arizona University,"Ridge at Clear Creek, The",997 East Pine Knoll Drive,Flagstaff,AZ,86001,213,MANAGE
Greystar Management,Clear Sky Capital,Northern Arizona University,1 - Northern Arizona University,"Summit at Flagstaff, The",4255 East Soliere Avenue,Flagstaff,AZ,86004,168,MANAGE
Greystar Management,NNC Apartment Ventures,Northern Arizona University,1 - Northern Arizona University,Village at Aspen Place,601 East Piccadilly Drive,Flagstaff,AZ,86001,228,MANAGE
Greystar Management,Erkiletian,Northern Virginia,1 - Crystal City,"Sur, The",3400 Potomac Avenue,Arlington,VA,22202,360,MANAGE
Greystar Management,Carr America,Northern Virginia,2 - Pentagon City/Penrose,Columbia Crossing,1957 Columbia Pike,Arlington,VA,22204,247,MANAGE
Greystar Management,Fortis Companies,Northern Virginia,2 - Pentagon City/Penrose,Marlowe,400 15th Street South,Arlington,VA,22202,162,MANAGE
Greystar Management,Snell Properties,Northern Virginia,2 - Pentagon City/Penrose,Shawnee,700 South Court House Road,Arlington,VA,22204,85,MANAGE
Greystar Management,"Penzance Companies, The",Northern Virginia,3 - Douglas Park/Nauck,Jasper Columbia Pike,1028 South Walter Reed Drive,Arlington,VA,22204,269,MANAGE
Greystar Management,Caruthers Properties,Northern Virginia,3 - Douglas Park/Nauck,Pike 3400,3400 Columbia Pike,Arlington,VA,22204,257,MANAGE
Greystar Management,Weingarten Realty,Northern Virginia,4 - Farlington/Seminary Hill/West Potomac,Array at West Alex,3445 Berkeley Street,Alexandria,VA,22302,278,MANAGE
Greystar Management,Caruthers Properties,Northern Virginia,4 - Farlington/Seminary Hill/West Potomac,Del Ray Central at Fuse,3051 Mount Vernon Avenue,Alexandria,VA,22305,141,MANAGE
Greystar Management,Caruthers Properties,Northern Virginia,4 - Farlington/Seminary Hill/West Potomac,DelRay Tower,3110 Mount Vernon Avenue,Alexandria,VA,22305,332,MANAGE
Greystar Management,Hasta Capital,Northern Virginia,4 - Farlington/Seminary Hill/West Potomac,e-lofts,4501 Ford Avenue,Alexandria,VA,22302,200,MANAGE
Greystar Management,Hasta Capital,Northern Virginia,5 - Old Town Alexandria/Potomac Yard,Notch 8,2900 Main Line Blvd,Alexandria,VA,22301,253,MANAGE
Greystar Management,Carmel Partners,Northern Virginia,5 - Old Town Alexandria/Potomac Yard,Platform,1100 North Fayette Street,Alexandria,VA,22314,628,MANAGE
Greystar Management,Intercontinental Real Estate,Northern Virginia,5 - Old Town Alexandria/Potomac Yard,Station 650,650 Potomac Avenue,Alexandria,VA,22301,183,MANAGE
Greystar Management,Nuveen Real Estate,Northern Virginia,6 - Eisenhower East/Fort Hunt,Henley at Kingstowne,7150 Rock Ridge Lane,Alexandria,VA,22315,358,MANAGE
Greystar Management,EQT Real Estate,Northern Virginia,8 - Van Dorn,Arbors on Duke,5250 Duke Street,Alexandria,VA,22304,400,MANAGE
Greystar Management,Monday Properties,Northern Virginia,10 - Alexandria West,"Blake, The",2000 North Beauregard Street,Alexandria,VA,22311,300,MANAGE
Greystar Management,Wood Partners,Northern Virginia,11 - Bailey's Crossing,Alta Nova,5851 Columbia Pike,Falls Church,VA,22041,364,MANAGE
Greystar Management,Greystar,Northern Virginia,11 - Bailey's Crossing,Bailey's Crossing,3602 South 14th Street,Alexandria,VA,22302,414,MANAGE
Greystar Management,Orr Partners,Northern Virginia,13 - Arlington Heights/Clarendon,Centro Arlington,950 South George Mason Drive,Arlington,VA,22204,366,MANAGE
Greystar Management,Greystar,Northern Virginia,13 - Arlington Heights/Clarendon,"Commodore, The",2055 15th Street,Arlington,VA,22201,423,MANAGE
Greystar Management,Southeastern Development Associates,Northern Virginia,14 - Ashton Heights/Buckingham,UrbA,624 North Glebe Road,Arlington,VA,22203,310,MANAGE
Greystar Management,Southeastern Development Associates,Northern Virginia,14 - Ashton Heights/Buckingham,UrbA Phase II,624 North Glebe Road,Arlington,VA,22203,446,MANAGE
Greystar Management,Greystar,Northern Virginia,15 - Fort Myers Heights/Radnor,"Wendy, The",2025 Clarendon Blvd,Arlington,VA,22201,231,MANAGE
Greystar Management,Peterson Companies,Northern Virginia,16 - Colonial Village/North Highlands/Roslyn,"Clarendon, The",1200 North Herndon Street,Arlington,VA,22201,292,MANAGE
Greystar Management,Pembroke Real Estate,Northern Virginia,16 - Colonial Village/North Highlands/Roslyn,Fitzroy,3275 Washington Blvd,Arlington,VA,22201,267,MANAGE
Greystar Management,Caruthers Properties,Northern Virginia,16 - Colonial Village/North Highlands/Roslyn,Potomac Towers,2001 North Adams Street,Arlington,VA,22201,406,MANAGE
Greystar Management,Hasta Capital,Northern Virginia,16 - Colonial Village/North Highlands/Roslyn,Verde Pointe,1947 North Uhle Street,Arlington,VA,22201,198,MANAGE
Greystar Management,Carmel Partners,Northern Virginia,17 - Lee Highway/McLean,Adaire,1521 Boyd Pointe Way,Tysons,VA,22182,400,MANAGE
Greystar Management,Greystar,Northern Virginia,17 - Lee Highway/McLean,"Lofts at Parkcrest, The",8210 Crestwood Heights Drive,McLean,VA,22102,131,MANAGE
Greystar Management,Greystar,Northern Virginia,17 - Lee Highway/McLean,Nouvelle,7911 Westpark Drive,McLean,VA,22102,461,MANAGE
Greystar Management,Grandview Partners,Northern Virginia,17 - Lee Highway/McLean,Pax Place at Cascades,46303 McClellan Way,Sterling,VA,20165,155,MANAGE
Greystar Management,Carmel Partners,Northern Virginia,18 - Ballston/East Falls Church,Latitude,3601 Fairfax Drive,Arlington,VA,22201,268,MANAGE
Greystar Management,Sachs Companies,Northern Virginia,21 - Burke/Falls Church/Jefferson,Loren,6410 Arlington Blvd,Falls Church,VA,22042,185,MANAGE
Greystar Management,Simpson Housing,Northern Virginia,21 - Burke/Falls Church/Jefferson,Pearson Square,410 South Maple Avenue,Falls Church,VA,22046,230,MANAGE
Greystar Management,Abacus Capital Group,Northern Virginia,22 - Annandale/Franconia/Springfield,"Residences at Springfield Station, The",6802 Junction Blvd,Springfield,VA,22150,631,MANAGE
Greystar Management,Greystar,Northern Virginia,24 - Dale City/Lorton/Woodbridge,Avana Stoney Ridge,14397 Westminister Lane,Woodbridge,VA,22193,264,MANAGE
Greystar Management,"Penzance Companies, The",Northern Virginia,24 - Dale City/Lorton/Woodbridge,Stone Pointe,15001 Potomac Heights Place,Woodbridge,VA,22191,288,MANAGE
Greystar Management,Peterson Companies,Northern Virginia,24 - Dale City/Lorton/Woodbridge,"Victor Stonebridge, The",14701 River Walk Way,Woodbridge,VA,22191,308,MANAGE
Greystar Management,Friedkin Property Group,Northern Virginia,25 - Dumfries/Triangle,River Oaks,2940 Shumard Oak Drive,Woodbridge,VA,22191,294,MANAGE
Greystar Management,"Penzance Companies, The",Northern Virginia,26 - Prince George/Manassas,Manassas Yards,9430 Russia Branch View Drive,Manassas Park,VA,20111,350,MANAGE
Greystar Management,Hasta Capital,Northern Virginia,26 - Prince George/Manassas,Parq 170 at City Center,170 Market Street,Manassas,VA,20111,291,MANAGE
Greystar Management,Clarion Partners,Northern Virginia,27 - Manassas,Ravens Crest,8098 Ravens Crest Court,Manassas,VA,20109,444,MANAGE
Greystar Management,"Milestone Group, The",Northern Virginia,28 - Fair Oaks,Ellipse at Fairfax Corner,11842 Federalist Way,Fairfax,VA,22030,404,MANAGE
Greystar Management,CBRE Investment Management,Northern Virginia,28 - Fair Oaks,Finley at Fairfax Corner,4457 Oakdale Crescent Court,Fairfax,VA,22030,460,MANAGE
Greystar Management,Peterson Companies,Northern Virginia,28 - Fair Oaks,Vista Fairfax Corner,4125 Monument Corner Drive,Fairfax,VA,22030,228,MANAGE
Greystar Management,"Milestone Group, The",Northern Virginia,28 - Fair Oaks,Windsor at Fair Lakes,4106 Brickell Drive,Fairfax,VA,22033,250,MANAGE
Greystar Management,Greystar,Northern Virginia,29 - Bull Run/Centreville/Chantilly,Overture Fair Ridge,3955 Fair Ridge Drive,Fairfax,VA,22033,200,MANAGE
Greystar Management,Board of Supervisors of Fairfax County,Northern Virginia,30 - South Herndon,"Ian, The",2249 Woodland Grove Place,Herndon,VA,20171,375,MANAGE
Greystar Management,Marquette Associates,Northern Virginia,31 - North Reston,VY Reston Heights,11830 Sunrise Valley Drive,Reston,VA,20191,385,MANAGE
Greystar Management,Carmel Partners,Northern Virginia,32 - Herndon/Reston,"Avant at Reston Town Center, The",12025 Town Square Street,Reston,VA,20190,359,MANAGE
Greystar Management,Greystar,Northern Virginia,32 - Herndon/Reston,EXO,1897 Oracle Way,Reston,VA,20190,457,MANAGE
Greystar Management,"Milestone Group, The",Northern Virginia,32 - Herndon/Reston,"Townes at Herndon Center, The",508 Pride Avenue,Herndon,VA,20170,216,MANAGE
Greystar Management,Aventon Companies,Northern Virginia,33 - Ashburn/Dulles/Sterling,Aventon Moorefield,43601 Charitable Street,Ashburn,VA,20148,425,MANAGE
Greystar Management,TruAmerica Multifamily,Northern Virginia,33 - Ashburn/Dulles/Sterling,Chase Heritage,1212 Chase Heritage Circle,Sterling,VA,20164,236,MANAGE
Greystar Management,Norton Scott,Northern Virginia,33 - Ashburn/Dulles/Sterling,"Jameson Apartments at Kincora, The",20725 Wood Quay Drive,Sterling,VA,20166,333,MANAGE
Greystar Management,Greystar,Northern Virginia,33 - Ashburn/Dulles/Sterling,Wyatt,23550 Innovation Avenue,Sterling,VA,20166,396,MANAGE
Greystar Management,Greystar,Northern Virginia,34 - Gainesville/Leesburg,Avana Bellemeade,775 Gateway Drive SE,Leesburg,VA,20175,316,MANAGE
Greystar Management,Greystar,Northern Virginia,34 - Gainesville/Leesburg,Avana Fieldstone,703 Clark Court NE,Leesburg,VA,20176,384,MANAGE
Greystar Management,Wood Partners,Northern Virginia,36 - Falmouth/Spotsylvania,Alta Cosner,9300 Sun Bluff Way,Fredericksburg,VA,22408,364,MANAGE
Greystar Management,"Milestone Group, The",Northern Virginia,36 - Falmouth/Spotsylvania,Kensington Crossing,101 Knights Court,Fredericksburg,VA,22406,476,MANAGE
Greystar Management,"Milestone Group, The",Northern Virginia,36 - Falmouth/Spotsylvania,Magnolia Falls,2500 Green Tree Road,Fredericksburg,VA,22406,200,MANAGE
Greystar Management,Resortments,NW Arkansas,8 - Rogers - South,"Villas on Turtle Creek, The",201 South 34th Street,Rogers,AR,72758,347,MANAGE
Greystar Management,Tradewind Properties,Oklahoma City,1 - Oklahoma City - Downtown,"Haven, The",601 Robert S Kerr Avenue,Oklahoma City,OK,73102,64,MANAGE
Greystar Management,Newmark Robinson Park,Oklahoma City,1 - Oklahoma City - Downtown,West Village,835 West Sheridan Avenue,Oklahoma City,OK,73106,345,MANAGE
Greystar Management,Rose Rock Development Partners,Oklahoma City,3 - Oklahoma City - Inner City South,Boulevard Place,20 Oklahoma City Blvd,Oklahoma City,OK,73109,265,MANAGE
Greystar Management,"Carlyle Group, The",Oklahoma City,8 - Oklahoma City - Northwest,Album Quail Springs,14201 North Kentucky Avenue,Oklahoma City,OK,73134,140,MANAGE
Greystar Management,Blackfin Development,Oklahoma City,8 - Oklahoma City - Northwest,Magnolia Row,6300 West Memorial Road,Oklahoma City,OK,73142,87,MANAGE
Greystar Management,Tradewind Properties,Oklahoma City,8 - Oklahoma City - Northwest,Woodland Trails,12401 North MacArthur Blvd,Oklahoma City,OK,73142,544,MANAGE
Greystar Management,Hines Interests,Oklahoma City,9 - Oklahoma City - North,"Canton at Classen Curve, The",6161 North Western Avenue,Oklahoma City,OK,73118,325,MANAGE
Greystar Management,Newmark,Oklahoma City,9 - Oklahoma City - North,Residences at Oak,5200 Oak Street,Oklahoma City,OK,73112,320,MANAGE
Greystar Management,Tradewind Properties,Oklahoma City,11 - Oklahoma City - Southeast,Tinker on Forty8 Apartment Homes,5707 SE 48th Street,Oklahoma City,OK,73135,152,MANAGE
Greystar Management,"Owen Jr., Richard S.",Oklahoma City,18 - Norman - east,"Avenue at Norman, The",3301 12th Avenue SE,Norman,OK,73072,314,MANAGE
Greystar Management,Tradewind Properties,Oklahoma City,22 - Yukon/Mustang,Pure OKC,3300 South Mustang Road,Yukon,OK,73099,150,MANAGE
Greystar Management,Metonic Real Estate Solutions,Omaha,8 - Millard,Allora 168,16751 Morgan Avenue,Gretna,NE,68028,182,MANAGE
Greystar Management,High Street Residential,Omaha,9 - West Omaha,Avidor,13110 Sterling Ridge Drive,Omaha,NE,68144,162,MANAGE
Greystar Management,Metonic Real Estate Solutions,Omaha,13 - Papillion,Vestara 72,7088 Flint Drive,Papillion,NE,68046,154,MANAGE
Greystar Management,Metonic Real Estate Solutions,Omaha,15 - Elkhorn,Capriana,3333 North 212th Avenue Plaza,Elkhorn,NE,68022,149,MANAGE
Greystar Management,Metonic Real Estate Solutions,Omaha,15 - Elkhorn,"Collection at Elkhorn, The",18951 Jones Street,Elkhorn,NE,68022,134,MANAGE
Greystar Management,Waterford Property Company,Orange County,1 - Santa Ana,Cameo,1055 West Town and Country Road,Orange,CA,92868,262,MANAGE
Greystar Management,Goldrich & Kest,Orange County,1 - Santa Ana,Fairview Green,2613 South Fairview Street,Santa Ana,CA,92704,112,MANAGE
Greystar Management,TruAmerica Multifamily,Orange County,1 - Santa Ana,Nineteen01,1901 East 1st Street,Santa Ana,CA,92705,264,MANAGE
Greystar Management,Lowe Enterprises,Orange County,1 - Santa Ana,Paloma,2727 North Mainplace Drive,Santa Ana,CA,92705,309,MANAGE
Greystar Management,Toll Brothers Apartment Living,Orange County,1 - Santa Ana,Rafferty,401 North Main Street,Santa Ana,CA,92701,218,MANAGE
Greystar Management,Alliance Residential Company,Orange County,2 - Tustin,Broadstone Archive,1901 East Dyer Road,Santa Ana,CA,92705,403,MANAGE
Greystar Management,Alliance Residential Company,Orange County,2 - Tustin,Broadstone Arden,1951 East Dyer Road,Santa Ana,CA,92705,335,MANAGE
Greystar Management,Alliance Residential Company,Orange County,2 - Tustin,Broadstone Atlas,2590 South Red Hill Avenue,Santa Ana,CA,92705,483,MANAGE
Greystar Management,Jonathan Rose Companies,Orange County,2 - Tustin,Coventry Court Luxury Senior,16000 Cambridge Way,Tustin,CA,92782,240,MANAGE
Greystar Management,Greystar,Orange County,2 - Tustin,"Row at Red Hill, The",2010 East Warner Avenue,Santa Ana,CA,92705,1100,MANAGE
Greystar Management,Intracorp,Orange County,3 - West Irvine,Aurum,2055 Main Street,Irvine,CA,92614,178,MANAGE
Greystar Management,Alliance Residential Company,Orange County,3 - West Irvine,Broadstone Edition,1100 Steely,Irvine,CA,92614,264,MANAGE
Greystar Management,Greystar,Orange County,3 - West Irvine,Calypso,2801 Alton Pkwy,Irvine,CA,92606,177,MANAGE
Greystar Management,New Pacific Realty,Orange County,4 - South Irvine,"Carlyle, The",18880 Douglas,Irvine,CA,92612,156,MANAGE
Greystar Management,Gerson Bakar & Associates,Orange County,5 - Newport Beach,Park Newport,1 Park Newport,Newport Beach,CA,92660,1306,MANAGE
Greystar Management,Greystar,Orange County,6 - Costa Mesa,Blue Sol,421 Bernard Street,Costa Mesa,CA,92627,113,MANAGE
Greystar Management,TruAmerica Multifamily,Orange County,7 - Fountain Valley,Corte Bella,9580 El Rey Avenue,Fountain Valley,CA,92708,251,MANAGE
Greystar Management,Raintree Partners,Orange County,7 - Fountain Valley,"Galleria, The",16425 Harbor Blvd,Fountain Valley,CA,92708,182,MANAGE
Greystar Management,Catalyst Housing Group,Orange County,8 - Huntington Beach,"Breakwater, The",16761 Viewpoint Lane,Huntington Beach,CA,92647,400,MANAGE
Greystar Management,Catalyst Housing Group,Orange County,8 - Huntington Beach,Elan Huntington Beach,18504 Beach Blvd,Huntington Beach,CA,92648,274,MANAGE
Greystar Management,Greystar,Orange County,8 - Huntington Beach,Luce,7290 Edinger Avenue,Huntington Beach,CA,92647,510,MANAGE
Greystar Management,Bonnani Development,Orange County,10 - Garden Grove,Cloud House,12345 Beach Blvd,Stanton,CA,90680,321,MANAGE
Greystar Management,Bonnani Development,Orange County,10 - Garden Grove,VRV,12736 Beach Blvd,Stanton,CA,90680,300,MANAGE
Greystar Management,California Municipal Finance Authority,Orange County,11 - Orange,Allure,3099 West Chapman Avenue,Orange,CA,92868,278,MANAGE
Greystar Management,Waterford Property Company,Orange County,11 - Orange,Garrison,1725 West Katella Avenue,Orange,CA,92867,94,MANAGE
Greystar Management,MIG Real Estate,Orange County,13 - Mission Viejo - Lake Forest,Avila at Rancho Santa Margarita,22751 El Prado,Rancho Santa Margarita,CA,92688,498,MANAGE
Greystar Management,"Carlyle Group, The",Orange County,13 - Mission Viejo - Lake Forest,Overture Rancho Santa Margarita,30824 La Miranda,Rancho Santa Margarita,CA,92688,115,MANAGE
Greystar Management,Prado Group,Orange County,14 - South Orange County,ARTA,23592 Windsong,Aliso Viejo,CA,92656,590,MANAGE
Greystar Management,Invesco Real Estate,Orange County,14 - South Orange County,"Artisan Laguna Beach, The",350 Artisan Drive,Laguna Beach,CA,92651,421,MANAGE
Greystar Management,Greystar,Orange County,14 - South Orange County,Everleigh San Clemente,515 Avenida Vaquero,San Clemente,CA,92672,150,MANAGE
Greystar Management,Raintree Partners,Orange County,14 - South Orange County,Prado West,34137 Pacific Coast Hwy,Dana Point,CA,92629,109,MANAGE
Greystar Management,Prado Group,Orange County,14 - South Orange County,Ravello,23411 Summerfield,Aliso Viejo,CA,92656,675,MANAGE
Greystar Management,TA Realty,Orange County,14 - South Orange County,Seacrest,240 Avenida Vista Montana,San Clemente,CA,92672,368,MANAGE
Greystar Management,MBK Real Estate,Orange County,17 - Anaheim - West,Zia,1600 West Lincoln Avenue,Anaheim,CA,92801,315,MANAGE
Greystar Management,California Statewide Communities Development Authority,Orange County,18 - Anaheim - Central,1818 Platinum Triangle,1818 South State College Blvd,Anaheim,CA,92806,265,MANAGE
Greystar Management,PGIM Real Estate,Orange County,18 - Anaheim - Central,Edge,1921 Union Street,Anaheim,CA,92805,371,MANAGE
Greystar Management,Trammell Crow Residential,Orange County,18 - Anaheim - Central,Lex CTR City,255 North Anaheim Blvd,Anaheim,CA,92805,220,MANAGE
Greystar Management,Trammell Crow Residential,Orange County,18 - Anaheim - Central,Lex CTR City Phase II,255 North Anaheim Blvd,Anaheim,CA,92805,50,MANAGE
Greystar Management,Manatt Housing Solutions,Orange County,18 - Anaheim - Central,"Mix at CTR City, The",184 West Center Street Promenade,Anaheim,CA,92805,276,MANAGE
Greystar Management,California Statewide Communities Development Authority,Orange County,18 - Anaheim - Central,Parallel,1105 East Katella Avenue,Anaheim,CA,92805,386,MANAGE
Greystar Management,California Statewide Communities Development Authority,Orange County,18 - Anaheim - Central,"Paramount Platinum Triangle, The",1781 South Campton Avenue,Anaheim,CA,92805,400,MANAGE
Greystar Management,JPI,Orange County,18 - Anaheim - Central,Rise,1910 Union Street,Anaheim,CA,92805,376,MANAGE
Greystar Management,J.P. Morgan Asset Management,Orange County,20 - Fullerton - South,Aspect,251 Orangefair Avenue,Fullerton,CA,92832,323,MANAGE
Greystar Management,TA Realty,Orange County,21 - Fullerton - North,Amerige Pointe,1001 Starbuck Street,Fullerton,CA,92833,292,MANAGE
Greystar Management,JPI,Orange County,25 - Placentia,Jefferson Cenza,501 West Crowther Avenue,Placentia,CA,92870,418,MANAGE
Greystar Management,Heitman,Orlando,2 - Orlando - North Orange,"Gallery at Mills Park, The",1650 North Mills Avenue,Orlando,FL,32803,310,MANAGE
Greystar Management,Real Estate Inverlad,Orlando,2 - Orlando - North Orange,"Yard at Ivanhoe, The",1460 Alden Road,Orlando,FL,32803,591,MANAGE
Greystar Management,Laramar Group,Orlando,9 - Orlando - Rosemont,Fusion,2603 Silkwood Circle,Orlando,FL,32818,192,MANAGE
Greystar Management,Encore Enterprises,Orlando,11 - Orlando - Vista Park,Encore Narcoossee,7551 Narcoossee Road,Orlando,FL,32822,249,MANAGE
Greystar Management,Futura Company,Orlando,12 - Orlando - Southeast,Futura at Nona Cove,19465 Boggy Creek Road,Orlando,FL,32832,260,MANAGE
Greystar Management,Crescent Communities,Orlando,12 - Orlando - Southeast,NOVEL Nona,11929 Pioneers Way,Orlando,FL,32832,260,MANAGE
Greystar Management,Emerson International,Orlando,12 - Orlando - Southeast,Sanctuary at Eagle Creek,9800 Sanctuary Approach Road,Orlando,FL,32832,550,MANAGE
Greystar Management,Eaton Vance Real Estate Investment Group,Orlando,15 - Oak Ridge,Aqua at Millenia,5451 Millenia Lakes Blvd,Orlando,FL,32839,329,MANAGE
Greystar Management,Laramar Group,Orlando,15 - Oak Ridge,Castilian,4746 Rio Grande Avenue,Orlando,FL,32839,304,MANAGE
Greystar Management,Invictus Real Estate Partners,Orlando,15 - Oak Ridge,Encore Metro at Millenia,2437 Americana Blvd,Orlando,FL,32839,215,MANAGE
Greystar Management,Cherishome Living,Orlando,15 - Oak Ridge,Park Central: Belmont,5009 Park Central Drive,Orlando,FL,32839,253,MANAGE
Greystar Management,Cherishome Living,Orlando,15 - Oak Ridge,Park Central: Charles Towne,5009 Park Central Drive,Orlando,FL,32839,224,MANAGE
Greystar Management,Cherishome Living,Orlando,15 - Oak Ridge,Park Central: Manor Row,5009 Park Central Drive,Orlando,FL,32839,192,MANAGE
Greystar Management,PRP Real Estate Investment Management,Orlando,15 - Oak Ridge,"Place on Millenia, The",5215 Millenia Blvd,Orlando,FL,32839,371,MANAGE
Greystar Management,TruAmerica Multifamily,Orlando,16 - Metro West,Fourteen01,1401 Kirkman Road,Orlando,FL,32811,472,MANAGE
Greystar Management,Qapa Holdings,Orlando,16 - Metro West,Hawthorne Groves,204 Hawthorne Groves Blvd,Orlando,FL,32835,328,MANAGE
Greystar Management,FCP,Orlando,17 - Lockhart,Inscribe,110 Zora Place,Orlando,FL,32810,437,MANAGE
Greystar Management,Blaze Capital Partners,Orlando,19 - Winter Park - East,Rosalia Winter Park,3045 Aloma Avenue,Winter Park,FL,32792,178,MANAGE
Greystar Management,CBRE Investment Management,Orlando,20 - Maitland,"Village at Lake Lily, The",921 South Orlando Avenue,Maitland,FL,32751,455,MANAGE
Greystar Management,Bonaventure Senior Living,Orlando,24 - Hunter's Creek,Corban Freedom,9505 Axis Way,Orlando,FL,32837,297,MANAGE
Greystar Management,Metrontario Investments,Orlando,24 - Hunter's Creek,"Parks at Hunter's Creek, The",3000 National Parks Drive,Orlando,FL,32837,560,MANAGE
Greystar Management,Viewpoint Equities,Orlando,24 - Hunter's Creek,Sur Lake Buena Vista,6011 Vineland Resort Way,Orlando,FL,32821,296,MANAGE
Greystar Management,Regal Park Homes,Orlando,24 - Hunter's Creek,Urbana,4301 Urbana Drive,Orlando,FL,32837,240,MANAGE
Greystar Management,Wood Partners,Orlando,24 - Hunter's Creek,V by Alta,10149 Arise Loop,Orlando,FL,32837,219,MANAGE
Greystar Management,Greystar,Orlando,25 - Lake Bryan,Avana Parkway,6820 Axis West Circle,Orlando,FL,32821,268,MANAGE
Greystar Management,Grand Peaks Properties,Orlando,25 - Lake Bryan,Emerald Grove Redevelopment,13501 Vista Walk Drive,Orlando,FL,32821,468,MANAGE
Greystar Management,CBRE Investment Management,Orlando,26 - Lake Buena Vista,Kestra,10387 Vista Oaks Court,Orlando,FL,32836,280,MANAGE
Greystar Management,Richland Communities,Orlando,26 - Lake Buena Vista,"Lodge at Hamlin, The",6151 Lake Lodge Drive,Winter Garden,FL,34787,250,MANAGE
Greystar Management,Greystar,Orlando,26 - Lake Buena Vista,Overture Dr. Phillips,6410 Sand Lake Sound Road,Orlando,FL,32819,185,MANAGE
Greystar Management,CIM Group,Orlando,26 - Lake Buena Vista,Overture Hamlin,5795 Citrus Village Blvd,Winter Garden,FL,34787,180,MANAGE
Greystar Management,CBRE Investment Management,Orlando,26 - Lake Buena Vista,Venetian Isle,6506 San Francesco Way,Windermere,FL,34786,346,MANAGE
Greystar Management,CBRE Investment Management,Orlando,26 - Lake Buena Vista,Zen,9835 Namaste Loop,Orlando,FL,32836,258,MANAGE
Greystar Management,MMI Development,Orlando,27 - Orange Lake,Windermere Cay,8200 Jayme Drive,Winter Garden,FL,34787,380,MANAGE
Greystar Management,Greystar,Orlando,29 - Winter Garden,Elan Crown Point,2285 Crown Village Road,Ocoee,FL,34761,315,MANAGE
Greystar Management,Flournoy Partners,Orlando,30 - Apopka,Apex Apopka,1851 Peak Circle,Apopka,FL,32703,284,MANAGE
Greystar Management,Greystar,Orlando,30 - Apopka,Summerwell Avian Pointe,2607 Harrier Court,Apopka,FL,32703,174,MANAGE
Greystar Management,Centerline Capital Advisors,Orlando,30 - Apopka,Vue at the Ridge,2300 The Reserve Circle,Apopka,FL,32703,304,MANAGE
Greystar Management,TruAmerica Multifamily,Orlando,32 - Weathersfield,"Crest at Altamonte, The",599 Calibre Crest Pkwy,Altamonte Springs,FL,32714,340,MANAGE
Greystar Management,Trion Properties,Orlando,32 - Weathersfield,Las Palmas,693 Wymore Road,Altamonte Springs,FL,32714,250,MANAGE
Greystar Management,Blaze Capital Partners,Orlando,33 - Altamonte Springs,Integra Lakes,3160 Integra Lakes Lane,Casselberry,FL,32707,203,MANAGE
Greystar Management,Cherishome Living,Orlando,33 - Altamonte Springs,Lakeshore at Altamonte Springs,270 Altamonte Bay Club Circle,Altamonte Springs,FL,32701,224,MANAGE
Greystar Management,Emerson International,Orlando,33 - Altamonte Springs,Sanctuary at CenterPointe,486 Centerpointe Circle,Altamonte Springs,FL,32701,300,MANAGE
Greystar Management,Wood Partners,Orlando,35 - Longwood,Alta Trilogy,1050 South Ronald Reagan Blvd,Longwood,FL,32750,244,MANAGE
Greystar Management,Eaton Vance Real Estate Investment Group,Orlando,36 - Oviedo,Elmhurst Village,5691 Elmhurst Circle,Oviedo,FL,32765,313,MANAGE
Greystar Management,Greystar,Orlando,37 - University Park,"Accolade Collegiate Village East, The",12180 Collegiate Way,Orlando,FL,32817,172,MANAGE
Greystar Management,Greystar,Orlando,37 - University Park,"Accolade Collegiate Village West, The",2525 Paseo Park Road,Orlando,FL,32817,366,MANAGE
Greystar Management,Goldrich & Kest,Orlando,38 - Stoneybrook,Highpoint Club,11100 Point Sylvan Circle,Orlando,FL,32825,348,MANAGE
Greystar Management,Wood Partners,Orlando,39 - Lake Mary,Alta Longwood,881 West Warren Avenue,Longwood,FL,32750,263,MANAGE
Greystar Management,Royal Palm Companies,Orlando,40 - Sanford,Northhaven,4200 Symphony Circle,Sanford,FL,32771,420,MANAGE
Greystar Management,Sarofim Realty Advisors,Orlando,40 - Sanford,Solara,5000 Solara Circle,Sanford,FL,32771,272,MANAGE
Greystar Management,Cherishome Living,Orlando,40 - Sanford,Stonebrook,1000 Stonebrook Drive,Sanford,FL,32773,356,MANAGE
Greystar Management,Clarion Partners,Orlando,44 - West Kissimmee,Cadia on the Loop,2101 Vineyard Blvd,Kissimmee,FL,34741,400,MANAGE
Greystar Management,Clarion Partners,Orlando,44 - West Kissimmee,Heron Lake,801 Green Heron Court,Kissimmee,FL,34741,264,MANAGE
Greystar Management,"Latigo Group, The",Orlando,44 - West Kissimmee,Infield,2985 Homerun Road,Kissimmee,FL,34741,384,MANAGE
Greystar Management,Ladera Capital Partners,Orlando,44 - West Kissimmee,Magnolia Square,3050 La Spezia Circle,Kissimmee,FL,34741,216,MANAGE
Greystar Management,PGIM Real Estate,Orlando,44 - West Kissimmee,Mariblu Hunters Creek,2920 Flora Ridge Circle,Kissimmee,FL,34741,152,MANAGE
Greystar Management,Brass Enterprises,Orlando,44 - West Kissimmee,Prime,3251 Prime Park Circle,Kissimmee,FL,34746,340,MANAGE
Greystar Management,Agador Spartacus Development Group,Orlando,44 - West Kissimmee,Solamar,1851 Encantado Way,Kissimmee,FL,34746,210,MANAGE
Greystar Management,Brass Enterprises,Orlando,44 - West Kissimmee,Sonceto,2970 Sandhill Ridge Court,Kissimmee,FL,34741,296,MANAGE
Greystar Management,"Carlyle Group, The",Orlando,45 - East Kissimmee,Album Monterey Pointe,3265 Greenwald Way North,Kissimmee,FL,34741,150,MANAGE
Greystar Management,SkyView Companies,Orlando,45 - East Kissimmee,"Allen, The",700 Aultman Street,Kissimmee,FL,34741,312,MANAGE
Greystar Management,Lexin Capital,Orlando,46 - Fish Lake,"Jamison, The",1040 Jamison Loop,Kissimmee,FL,34744,315,MANAGE
Greystar Management,Wolfson Development Company,Orlando,46 - Fish Lake,Summerwell Buenaventura Lakes,1898 Zac Street,Kissimmee,FL,34743,64,MANAGE
Greystar Management,Wolfson Development Company,Orlando,46 - Fish Lake,Summerwell Buenaventura Lakes Phase II,1898 Zac Street,Kissimmee,FL,34743,150,MANAGE
Greystar Management,Third Lake Partners,Orlando,47 - Celebration,Abrazo at Four Corners,8925 Livigno Way,Kissimmee,FL,34747,374,MANAGE
Greystar Management,CFB Homes,Orlando,47 - Celebration,Alexander Park,2626 Ham Brown Road,Kissimmee,FL,34746,95,MANAGE
Greystar Management,TruAmerica Multifamily,Orlando,47 - Celebration,"Grand at Westside, The",3250 Douglas Grand Drive,Kissimmee,FL,34747,336,MANAGE
Greystar Management,Taylor Morrison,Orlando,47 - Celebration,Yardly Bellalago,3784 Bryce Lane,Kissimmee,FL,34746,107,MANAGE
Greystar Management,Greystar,Orlando,49 - Osceola County - North,Marlowe Live Oak,5476 Angel Way Street,St. Cloud,FL,34771,300,MANAGE
Greystar Management,Eden Multifamily,Orlando,52 - Melbourne,Eden Heritage Lakes,4850 Heritage Lakes Blvd,West Melbourne,FL,32904,373,MANAGE
Greystar Management,Clarion Partners,Orlando,52 - Melbourne,Lake Pointe,2880 North Wickham Road,Melbourne,FL,32935,312,MANAGE
Greystar Management,Alliance Companies,Orlando,53 - Palm Bay,Isla,1205 Jaslo Street SE,Palm Bay,FL,32909,197,MANAGE
Greystar Management,AD1 Global,Orlando,53 - Palm Bay,Parasol,4881 Dairy Road,Melbourne,FL,32904,159,MANAGE
Greystar Management,Lockhart Management Group,Orlando,54 - Clermont,Mason's Ridge,975 Pitt Street,Clermont,FL,34711,112,MANAGE
Greystar Management,"Carlton, Charles S.",Orlando,54 - Clermont,"Vineyards at Hammock Ridge, The",1480 Hammock Ridge Road,Clermont,FL,34711,280,MANAGE
Greystar Management,Kolter Land,Orlando,55 - Hancock Lake,Alton Serenoa Apartment Homes,17800 Sawgrass Bay Blvd,Four Corners,FL,34714,300,MANAGE
Greystar Management,Taylor Morrison,Orlando,57 - Mt Dora,Yardly Mount Dora,2507 Koji Street,Mount Dora,FL,32757,309,MANAGE
Greystar Management,"Villages, The",Orlando,58 - Leesburg,"Lofts at Spanish Springs, The",996 Del Mar Drive,Lady Lake,FL,32159,68,MANAGE
Greystar Management,Agador Spartacus Development Group,Orlando,60 - Wildwood,Solamar Wildwood,4734 Silver Star Drive,Wildwood,FL,34785,243,MANAGE
Greystar Management,Eden Multifamily,Orlando,61 - Sumterville,Eden Magnolia Village,5901 Myrtle Drive,Wildwood,FL,34785,130,MANAGE
Greystar Management,TPA Group,Pensacola,3 - Coastal Bay County,Covey Homes Grand Lagoon,7110 London Street,Panama City Beach,FL,32407,152,MANAGE
Greystar Management,Catalyst Development Partners,Pensacola,3 - Coastal Bay County,Perla,2195 Wilkinson Avenue,Panama City Beach,FL,32408,336,MANAGE
Greystar Management,RSE Capital Partners,Pensacola,9 - North Bay County,Sunset Village,5284 Emma Grace Drive,Panama City,FL,32404,233,MANAGE
Greystar Management,Third Lake Partners,Pensacola,10 - Walton County,Arcadia 331,435 Encore Way,Freeport,FL,32439,259,MANAGE
Greystar Management,"Brennan, Susan G.",Pensacola,10 - Walton County,Sandbar,360 Orleans Avenue,Santa Rosa Beach,FL,32459,384,MANAGE
Greystar Management,Rea Ventures Group,Pensacola,11 - Outlying Okaloosa County,Renaissance Santa Rosa,200 Page Bacon Road,Mary Esther,FL,32569,229,MANAGE
Greystar Management,H3 Real Estate Advisors,Pensacola,12 - Destin,"Charles, The",160 South Mattie M Kelly Blvd,Destin,FL,32541,192,MANAGE
Greystar Management,PASSCO Real Estate,Pensacola,12 - Destin,Legacy on the Bay,251 Vinings Way Blvd,Destin,FL,32541,300,MANAGE
Greystar Management,PASSCO Real Estate,Pensacola,12 - Destin,Sea Glass,4320 Commons Drive West,Destin,FL,32541,288,MANAGE
Greystar Management,Catalyst Development Partners,Pensacola,30 - Northeast Pensacola,Lyria,8707 North Davis Hwy,Pensacola,FL,32514,330,MANAGE
Greystar Management,Stockbridge Capital Group,Pensacola,31 - Outlying Escambia County,Covey Homes Jennings Place,5943 Ravines Lane,Pensacola,FL,32526,237,MANAGE
Greystar Management,Greystar,Philadelphia - Suburban,5 - Feasterville - Langhorne,Heathergate at Oxford Valley,8101 FontHill Court,Langhorne,PA,19047,202,MANAGE
Greystar Management,CBRE Investment Management,Philadelphia - Suburban,9 - King of Prussia,Indigo 301,301 Village Drive,King of Prussia,PA,19406,363,MANAGE
Greystar Management,Ares Management,Philadelphia - Suburban,9 - King of Prussia,Skye 750,750 Moore Road,King of Prussia,PA,19406,248,MANAGE
Greystar Management,Broadshore Capital Partners,Philadelphia - Suburban,18 - West Chester,Beckon Collective,956 South Matlack Street,West Chester,PA,19382,205,MANAGE
Greystar Management,Procida Funding & Advisors,Philadelphia - Suburban,32 - Cherry Hill - Maple Shade,"Plaza Grande at Garden State Park, The",700 Citation Lane,Cherry Hill,NJ,8002,512,MANAGE
Greystar Management,AMS Acquisitions,Philadelphia - Suburban,37 - Marlton,Sylvan Woods Evesham,3 Executive Drive,Evesham,NJ,8053,124,MANAGE
Greystar Management,Pacific Bay Properties,Philadelphia - Suburban,49 - Wilmington - Northeast,Village at Fox Point,1436 Kynlyn Drive,Wilmington,DE,19809,447,MANAGE
Greystar Management,EQT Real Estate,Philadelphia - Suburban,55 - Newark - North,Christina Mill,100 Christina Mill Drive,Newark,DE,19711,228,MANAGE
Greystar Management,Greystar,Philadelphia - Suburban,59 - Cecil County,Boulden at Southfields,1001 Innovation Drive,Elkton,MD,21921,330,MANAGE
Greystar Management,Cantor Fitzgerald,Philadelphia - Urban,1 - Center City - west,2116 Chestnut,2116 Chestnut Street,Philadelphia,PA,19103,321,MANAGE
Greystar Management,LaSalle Investment Management,Philadelphia - Urban,1 - Center City - west,AQ Rittenhouse,2021 Chestnut Street,Philadelphia,PA,19103,110,MANAGE
Greystar Management,FCP,Philadelphia - Urban,1 - Center City - west,Edgewater,2323 Race Street,Philadelphia,PA,19103,286,MANAGE
Greystar Management,FCP,Philadelphia - Urban,1 - Center City - west,Edgewater Phase II,2323 Race Street,Philadelphia,PA,19103,180,MANAGE
Greystar Management,National Real Estate Advisors,Philadelphia - Urban,2 - Center City - east,"Girard, The",1199 Ludlow Street,Philadelphia,PA,19107,240,MANAGE
Greystar Management,MRP Realty,Philadelphia - Urban,2 - Center City - east,Griffin Center City,1338 Chestnut Street,Philadelphia,PA,19107,217,MANAGE
Greystar Management,Greystar,Philadelphia - Urban,2 - Center City - east,Jessup House,1134 Sansom Street,Philadelphia,PA,19107,399,MANAGE
Greystar Management,National Real Estate Advisors,Philadelphia - Urban,2 - Center City - east,"Ludlow, The",1101 Ludlow Street,Philadelphia,PA,19107,322,MANAGE
Greystar Management,EQT Real Estate,Philadelphia - Urban,4 - West,"Chestnut at University City, The",3720 Chestnut Street,Philadelphia,PA,19104,405,MANAGE
Greystar Management,EQT Real Estate,Philadelphia - Urban,4 - West,"Clark, The",4519 Chestnut Street,Philadelphia,PA,19139,327,MANAGE
Greystar Management,Harrison Street,Philadelphia - Urban,4 - West,Evo at Cira Centre South,2930 Chestnut Street,Philadelphia,PA,19104,344,MANAGE
Greystar Management,Ivy Realty,Philadelphia - Urban,4 - West,Quaker Court at University City,3514 Lancaster Avenue,Philadelphia,PA,19104,76,MANAGE
Greystar Management,Church of Jesus Christ of Latter-Day Saints,Philadelphia - Urban,5 - North - west,"Alexander, The",300 Alexander Court,Philadelphia,PA,19130,277,MANAGE
Greystar Management,LaSalle Investment Management,Philadelphia - Urban,5 - North - west,"Granary, The",1901 Callowhill Street,Philadelphia,PA,19130,229,MANAGE
Greystar Management,Radnor Property Group,Philadelphia - Urban,5 - North - west,"Hamilton, The",1500 Hamilton Street,Philadelphia,PA,19130,576,MANAGE
Greystar Management,CWCapital Asset Management - REO,Philadelphia - Urban,5 - North - west,Lofts 640,640 North Broad Street,Philadelphia,PA,19130,265,MANAGE
Greystar Management,Ivy Realty,Philadelphia - Urban,5 - North - west,Logan Lofts,1666 Callowhill Street,Philadelphia,PA,19130,105,MANAGE
Greystar Management,Briar Capital Management,Philadelphia - Urban,5 - North - west,NorthXNorthwest,450 North 18th Street,Philadelphia,PA,19130,286,MANAGE
Greystar Management,Briar Capital Management,Philadelphia - Urban,5 - North - west,NorthXNorthwest Phase II,450 North 18th Street,Philadelphia,PA,19130,286,MANAGE
Greystar Management,MM Partners,Philadelphia - Urban,5 - North - west,Poth Brewery Lofts,3145 West Jefferson Street,Philadelphia,PA,19121,132,MANAGE
Greystar Management,Saxum Real Estate,Philadelphia - Urban,6 - North - east,Beach Street Landing,700 North Delaware Avenue,Philadelphia,PA,19123,466,MANAGE
Greystar Management,Post Brothers Apartments,Philadelphia - Urban,6 - North - east,Goldtex,315 North 12th Street,Philadelphia,PA,19107,163,MANAGE
Greystar Management,Linden Lane Capital Partners,Philadelphia - Urban,6 - North - east,"Hannah, The",1306 Callowhill Street,Philadelphia,PA,19123,181,MANAGE
Greystar Management,Kushner Real Estate Group,Philadelphia - Urban,6 - North - east,"Noble, The",200 Spring Garden Street,Philadelphia,PA,19123,360,MANAGE
Greystar Management,Six Acre Capital,Philadelphia - Urban,6 - North - east,Ray Philly,1525 North American Street,Philadelphia,PA,19122,110,MANAGE
Greystar Management,"Shidler Group, The",Philadelphia - Urban,10 - Ardmore,"Cynwyd, The",130 Monument Road,Bala Cynwyd,PA,19004,205,MANAGE
Greystar Management,Federal Realty Investment Trust,Philadelphia - Urban,10 - Ardmore,Delwyn,20 St. Asaphs Road,Bala Cynwyd,PA,19004,87,MANAGE
Greystar Management,Jefferson Apartment Group,Philadelphia - Urban,10 - Ardmore,Maybrook,325 Penn Road,Wynnewood,PA,19096,250,MANAGE
Greystar Management,Grasso Holdings,Philadelphia - Urban,12 - Northwest - east,"Driftway, The",4300 Kelly Drive,Philadelphia,PA,19129,109,MANAGE
Greystar Management,Saxum Real Estate,Philadelphia - Urban,15 - Frankford/Kensington,Hagert & York,1999 East Boston Street,Philadelphia,PA,19125,294,MANAGE
Greystar Management,Goldman Sachs & Company,Philadelphia - Urban,16 - Conshohocken,Matson Mill,101 Washington Street,Conshohocken,PA,19428,280,MANAGE
Greystar Management,Grand Peaks Properties,Phoenix,1 - Phoenix - Downtown,44 Monroe,44 West Monroe Street,Phoenix,AZ,85003,180,MANAGE
Greystar Management,Cahill Equities,Phoenix,1 - Phoenix - Downtown,601 PAX,601 West Fillmore Street,Phoenix,AZ,85003,230,MANAGE
Greystar Management,Briar Capital Management,Phoenix,1 - Phoenix - Downtown,Adara,888 North 4th Street,Phoenix,AZ,85004,326,MANAGE
Greystar Management,Grand Peaks Properties,Phoenix,1 - Phoenix - Downtown,Altura,330 East Pierce Street,Phoenix,AZ,85004,257,MANAGE
Greystar Management,JMA Ventures,Phoenix,1 - Phoenix - Downtown,"Battery, The",411 South 3rd Street,Phoenix,AZ,85004,278,MANAGE
Greystar Management,Ascentris,Phoenix,1 - Phoenix - Downtown,Derby,800 North 2nd Street,Phoenix,AZ,85004,222,MANAGE
Greystar Management,Calfox Real Estate Investment Company,Phoenix,1 - Phoenix - Downtown,"Met at 3rd & Fillmore, The",200 East Fillmore Street,Phoenix,AZ,85004,140,MANAGE
Greystar Management,LV Collective,Phoenix,1 - Phoenix - Downtown,Moontower,811 North 3rd Street,Phoenix,AZ,85004,326,MANAGE
Greystar Management,Post Road Group,Phoenix,1 - Phoenix - Downtown,Ray Phoenix,777 North Central Avenue,Phoenix,AZ,85004,401,MANAGE
Greystar Management,"X Company, The",Phoenix,1 - Phoenix - Downtown,Rosie,625 North 2nd Avenue,Phoenix,AZ,85003,370,MANAGE
Greystar Management,StreetLights Residential,Phoenix,1 - Phoenix - Downtown,"Ryan, The",188 East Jefferson Street,Phoenix,AZ,85004,332,MANAGE
Greystar Management,Hatteras Sky,Phoenix,1 - Phoenix - Downtown,Saiya,802 North 1st Avenue,Phoenix,AZ,85003,389,MANAGE
Greystar Management,Hubbard Street Group,Phoenix,1 - Phoenix - Downtown,Skye on 6th,817 North 6th Street,Phoenix,AZ,85004,309,MANAGE
Greystar Management,Akara Partners,Phoenix,1 - Phoenix - Downtown,Sora,355 North Central Avenue,Phoenix,AZ,85004,320,MANAGE
Greystar Management,New York Life Insurance Company,Phoenix,1 - Phoenix - Downtown,"Stewart, The",800 North Central Avenue,Phoenix,AZ,85004,312,MANAGE
Greystar Management,ColRich Multifamily,Phoenix,2 - Phoenix - Central City,Konrad,901 East Van Buren Street,Phoenix,AZ,85006,332,MANAGE
Greystar Management,ColRich Multifamily,Phoenix,2 - Phoenix - Central City,Mason Oliver,11 South 12th Street,Phoenix,AZ,85034,292,MANAGE
Greystar Management,Artemis Real Estate Partners,Phoenix,3 - Phoenix - Midtown,"Art on Highland, The",4626 North 16th Street,Phoenix,AZ,85016,349,MANAGE
Greystar Management,Toll Brothers Apartment Living,Phoenix,3 - Phoenix - Midtown,Callia,100 West Indian School Road,Phoenix,AZ,85012,403,MANAGE
Greystar Management,MDC Realty Advisors,Phoenix,3 - Phoenix - Midtown,Crosstown Phoenix,1545 West Camelback Road,Phoenix,AZ,85015,270,MANAGE
Greystar Management,WhiteHaven,Phoenix,3 - Phoenix - Midtown,Haven at Midtown,222 West Clarendon Avenue,Phoenix,AZ,85013,138,MANAGE
Greystar Management,Greystar,Phoenix,4 - Phoenix - South,Avana Cordoba,4520 East Baseline Road,Phoenix,AZ,85042,352,MANAGE
Greystar Management,Rivendell Global Real Estate,Phoenix,4 - Phoenix - South,Esteban Park,5611 South 32nd Street,Phoenix,AZ,85040,204,MANAGE
Greystar Management,Rivendell Global Real Estate,Phoenix,4 - Phoenix - South,Solara Vista,5885 South 32nd Street,Phoenix,AZ,85040,302,MANAGE
Greystar Management,D.R. Horton,Phoenix,4 - Phoenix - South,Touchstone at South Mountain,8050 South 59th Avenue,Laveen,AZ,85339,130,MANAGE
Greystar Management,Feiner Enterprises,Phoenix,5 - Phoenix - Central East,Alanza Place,1121 North 44th Street,Phoenix,AZ,85008,360,MANAGE
Greystar Management,Kairos Investment Management,Phoenix,5 - Phoenix - Central East,Monterey Village,4707 East McDowell Road,Phoenix,AZ,85008,252,MANAGE
Greystar Management,Eaton Vance Real Estate Investment Group,Phoenix,5 - Phoenix - Central East,Monterra,1333 North 24th Street,Phoenix,AZ,85008,258,MANAGE
Greystar Management,"Hess, Lawrence E.",Phoenix,5 - Phoenix - Central East,"Residences at FortyTwo25, The",4225 East McDowell Road,Phoenix,AZ,85008,357,MANAGE
Greystar Management,Alliance Residential Company,Phoenix,7 - Phoenix - East Uptown,Broadstone 7th Street,5727 North 7th Street,Phoenix,AZ,85014,258,MANAGE
Greystar Management,Western Wealth Capital,Phoenix,7 - Phoenix - East Uptown,"Halifax, The",1350 East Northern Avenue,Phoenix,AZ,85020,300,MANAGE
Greystar Management,Eaton Vance Real Estate Investment Group,Phoenix,7 - Phoenix - East Uptown,Peak 16,5151 North 16th Street,Phoenix,AZ,85016,233,MANAGE
Greystar Management,Belkorp Holdings,Phoenix,9 - Phoenix - Ahwatukee Foothills,Indigo,16160 South 50th Street,Phoenix,AZ,85048,101,MANAGE
Greystar Management,TA Realty,Phoenix,9 - Phoenix - Ahwatukee Foothills,Mountainside,3625 East Ray Road,Phoenix,AZ,85044,288,MANAGE
Greystar Management,ColRich Multifamily,Phoenix,9 - Phoenix - Ahwatukee Foothills,Rockledge Fairways,13220 South 48th Street,Phoenix,AZ,85044,310,MANAGE
Greystar Management,Rivendell Global Real Estate,Phoenix,9 - Phoenix - Ahwatukee Foothills,San Paulo,14625 South Mountain Pkwy,Phoenix,AZ,85044,208,MANAGE
Greystar Management,Belkorp Holdings,Phoenix,9 - Phoenix - Ahwatukee Foothills,San Riva at the Foothills,2155 East Liberty Lane,Phoenix,AZ,85048,280,MANAGE
Greystar Management,Rivendell Global Real Estate,Phoenix,9 - Phoenix - Ahwatukee Foothills,Santa Rosa,3425 East Chandler Blvd,Phoenix,AZ,85048,112,MANAGE
Greystar Management,Toro Street Investments,Phoenix,9 - Phoenix - Ahwatukee Foothills,Serafina at South Mountain,11025 South 51st Street,Phoenix,AZ,85044,183,MANAGE
Greystar Management,ColRich Multifamily,Phoenix,9 - Phoenix - Ahwatukee Foothills,Verano Townhomes,13820 South 44th Street,Phoenix,AZ,85044,360,MANAGE
Greystar Management,Wood Partners,Phoenix,10 - Phoenix - Maryvale,ALTA 99th,4411 North 99th Avenue,Phoenix,AZ,85037,402,MANAGE
Greystar Management,Zekelman Industries,Phoenix,10 - Phoenix - Maryvale,FLATZ 602,6025 West Thomas Road,Phoenix,AZ,85033,180,MANAGE
Greystar Management,Capital Foresight,Phoenix,10 - Phoenix - Maryvale,Morada West,6161 West McDowell Road,Phoenix,AZ,85035,428,MANAGE
Greystar Management,NextGen Apartments,Phoenix,10 - Phoenix - Maryvale,"Riley, The",7725 West Lower Buckeye Road,Phoenix,AZ,85043,220,MANAGE
Greystar Management,Van Trust Real Estate,Phoenix,10 - Phoenix - Maryvale,VLUX at Sunset Farms,4343 South 103rd Avenue,Tolleson,AZ,85353,195,MANAGE
Greystar Management,Taylor Morrison,Phoenix,10 - Phoenix - Maryvale,Yardly Broadway,4550 South 67th Avenue,Phoenix,AZ,85043,164,MANAGE
Greystar Management,Western Wealth Capital,Phoenix,11 - Phoenix - The Village,Sierra Pines,9410 North 31st Avenue,Phoenix,AZ,85051,332,MANAGE
Greystar Management,Greystar,Phoenix,12 - Phoenix - Sunnyslope,Avana at the Pointe,888 East Clinton,Phoenix,AZ,85020,424,MANAGE
Greystar Management,Aukum Group,Phoenix,14 - Phoenix - Deer Valley,Adobe Ridge,4545 West Beardsley Road,Glendale,AZ,85308,224,MANAGE
Greystar Management,ColRich Multifamily,Phoenix,14 - Phoenix - Deer Valley,Palm Court,20401 North 19th Avenue,Phoenix,AZ,85027,256,MANAGE
Greystar Management,NextGen Apartments,Phoenix,14 - Phoenix - Deer Valley,Seven,19800 North 7th Street,Phoenix,AZ,85024,216,MANAGE
Greystar Management,"Palmo, Luke",Phoenix,15 - Phoenix - Paradise Valley West,Cobalt on 32nd Street,18350 North 32nd Street,Phoenix,AZ,85032,90,MANAGE
Greystar Management,Western Wealth Capital,Phoenix,15 - Phoenix - Paradise Valley West,Connect on Union,2311 East Union Hills Drive,Phoenix,AZ,85024,146,MANAGE
Greystar Management,Greystar,Phoenix,16 - Phoenix - Paradise Valley Village,Azur,20700 North 55th Street,Phoenix,AZ,85054,348,MANAGE
Greystar Management,TruAmerica Multifamily,Phoenix,16 - Phoenix - Paradise Valley Village,"Bella, The",13616 North 43rd Street,Phoenix,AZ,85032,200,MANAGE
Greystar Management,Security Properties,Phoenix,16 - Phoenix - Paradise Valley Village,"Catherine Townhomes at Scottsdale, The",17212 North Scottsdale Road,Scottsdale,AZ,85255,539,MANAGE
Greystar Management,"Praedium Group, The",Phoenix,16 - Phoenix - Paradise Valley Village,"Lincoln Scottsdale, The",7100 East Lincoln Drive,Scottsdale,AZ,85253,264,MANAGE
Greystar Management,RREEF Property Trust,Phoenix,16 - Phoenix - Paradise Valley Village,Maxwell on 66th,6611 East Mayo Blvd,Phoenix,AZ,85054,349,MANAGE
Greystar Management,Greystar,Phoenix,16 - Phoenix - Paradise Valley Village,Overture Kierland,7170 East Tierra Buena Lane,Scottsdale,AZ,85254,170,MANAGE
Greystar Management,Fairfield Residential,Phoenix,16 - Phoenix - Paradise Valley Village,Slate Scottsdale,18220 North 68th Street,Phoenix,AZ,85054,278,MANAGE
Greystar Management,"Ilyas, Mohsin",Phoenix,16 - Phoenix - Paradise Valley Village,Soltra Kierland,7111 East Tierra Buena Lane,Scottsdale,AZ,85254,202,MANAGE
Greystar Management,Greystar,Phoenix,16 - Phoenix - Paradise Valley Village,Sunela,20600 North 55th Street,Phoenix,AZ,85054,272,MANAGE
Greystar Management,Benedict Canyon Equities,Phoenix,16 - Phoenix - Paradise Valley Village,Vida46,4602 East Paradise Village Pkwy North,Phoenix,AZ,85032,132,MANAGE
Greystar Management,Wood Partners,Phoenix,17 - Phoenix - Happy Valley,Alta Dove Valley,2725 West Dove Valley Road,Phoenix,AZ,85085,380,MANAGE
Greystar Management,D.R. Horton,Phoenix,17 - Phoenix - Happy Valley,Ascend at Black Canyon,28201 North Black Canyon Hwy,Phoenix,AZ,85085,260,MANAGE
Greystar Management,"Praedium Group, The",Phoenix,17 - Phoenix - Happy Valley,Bask Deer Valley,26800 North 27th Avenue,Phoenix,AZ,85085,242,MANAGE
Greystar Management,ColRich Multifamily,Phoenix,18 - Scottsdale - South,Chazal Scottsdale,1075 North Miller Road,Scottsdale,AZ,85257,190,MANAGE
Greystar Management,ColRich Multifamily,Phoenix,18 - Scottsdale - South,"Cortesian, The",7749 East Camelback Road,Scottsdale,AZ,85251,332,MANAGE
Greystar Management,AEW Capital Management,Phoenix,18 - Scottsdale - South,Emory Old Town,4111 North Drinkwater Blvd,Scottsdale,AZ,85251,250,MANAGE
Greystar Management,ColRich Multifamily,Phoenix,18 - Scottsdale - South,"Glen at Old Town, The",4343 North 78th Street,Scottsdale,AZ,85251,278,MANAGE
Greystar Management,Eaton Vance Real Estate Investment Group,Phoenix,18 - Scottsdale - South,"Griffin, The",3234 North Scottsdale Road,Scottsdale,AZ,85251,277,MANAGE
Greystar Management,"Tenn, Daniel W.",Phoenix,18 - Scottsdale - South,Hayden Park Apartment Homes,3015 North Hayden Road,Scottsdale,AZ,85251,182,MANAGE
Greystar Management,Stockdale Capital Partners,Phoenix,18 - Scottsdale - South,"Monde Scottsdale, The",4616 North 73rd Street,Scottsdale,AZ,85251,260,MANAGE
Greystar Management,Alliance Residential Company,Phoenix,18 - Scottsdale - South,Overture Arcadia,6080 East Thomas Road,Scottsdale,AZ,85251,159,MANAGE
Greystar Management,Sunset Group,Phoenix,18 - Scottsdale - South,"Standard, The",6811 East Main Street,Scottsdale,AZ,85251,134,MANAGE
Greystar Management,"Connell Company, The",Phoenix,18 - Scottsdale - South,Ten Wine Lofts,7126 East Osborn Road,Scottsdale,AZ,85251,82,MANAGE
Greystar Management,"Connell Company, The",Phoenix,18 - Scottsdale - South,"TomScot, The",3015A North Scottsdale Road,Scottsdale,AZ,85251,278,MANAGE
Greystar Management,ColRich Multifamily,Phoenix,18 - Scottsdale - South,Visconti at Camelback,7979 East Camelback Road,Scottsdale,AZ,85251,348,MANAGE
Greystar Management,StreetLights Residential,Phoenix,19 - Scottsdale - North,"Beverly, The",7395 East Legacy Blvd,Scottsdale,AZ,85255,314,MANAGE
Greystar Management,AEW Capital Management,Phoenix,19 - Scottsdale - North,GlenEagles,8275 East Bell Road,Scottsdale,AZ,85260,331,MANAGE
Greystar Management,Sunroad Enterprises,Phoenix,19 - Scottsdale - North,Hideaway North Scottsdale,7900 East Princess Drive,Scottsdale,AZ,85255,416,MANAGE
Greystar Management,Kennedy Wilson,Phoenix,19 - Scottsdale - North,La Privada,10255 East Via Linda,Scottsdale,AZ,85258,350,MANAGE
Greystar Management,Greystar,Phoenix,19 - Scottsdale - North,Overture North Scottsdale,15024 North 90th Street,Scottsdale,AZ,85260,152,MANAGE
Greystar Management,StreetLights Residential,Phoenix,22 - Tempe - North,"Alyssa, The",98 South River Drive,Tempe,AZ,85288,335,MANAGE
Greystar Management,PGIM Real Estate,Phoenix,22 - Tempe - North,Aura Watermark,420 North Scottsdale Road,Tempe,AZ,85288,360,MANAGE
Greystar Management,Alliance Residential Company,Phoenix,22 - Tempe - North,Broadstone Tempe Station,2323 East Apache Blvd,Tempe,AZ,85281,400,MANAGE
Greystar Management,StreetLights Residential,Phoenix,22 - Tempe - North,"Cameron, The",2062 East Cameron Way,Tempe,AZ,85288,349,MANAGE
Greystar Management,TruAmerica Multifamily,Phoenix,22 - Tempe - North,Galleria Palms,1600 West La Jolla Drive,Tempe,AZ,85282,424,MANAGE
Greystar Management,Greystar,Phoenix,22 - Tempe - North,Gateway at Tempe,1655 East University Drive,Tempe,AZ,85288,288,MANAGE
Greystar Management,QuadReal,Phoenix,22 - Tempe - North,Nexa,1221 East Apache Blvd,Tempe,AZ,85281,399,MANAGE
Greystar Management,Brookfield Properties,Phoenix,22 - Tempe - North,SALT,260 East Rio Salado Pkwy,Tempe,AZ,85281,265,MANAGE
Greystar Management,Sunroad Enterprises,Phoenix,22 - Tempe - North,San Portella,2155 South 55th Street,Tempe,AZ,85282,308,MANAGE
Greystar Management,ColRich Multifamily,Phoenix,22 - Tempe - North,Scottsdale Gateway,2100 North Scottsdale Road,Tempe,AZ,85288,487,MANAGE
Greystar Management,Goldman Sachs & Company,Phoenix,22 - Tempe - North,Smith & Rio,1979 East Rio Salado Pkwy,Tempe,AZ,85281,310,MANAGE
Greystar Management,Greystar,Phoenix,22 - Tempe - North,Union Tempe,712 South Forest Avenue,Tempe,AZ,85281,407,MANAGE
Greystar Management,Transwestern,Phoenix,22 - Tempe - North,Vero,651 East 6th Street,Tempe,AZ,85281,199,MANAGE
Greystar Management,MDC Realty Advisors,Phoenix,22 - Tempe - North,Villatree Apartment Homes,1750 South Price Road,Tempe,AZ,85281,150,MANAGE
Greystar Management,Westmount Realty Capital,Phoenix,22 - Tempe - North,Westmount at Downtown Tempe,615 South Hardy Drive,Tempe,AZ,85281,228,MANAGE
Greystar Management,M.F. Daily,Phoenix,23 - Tempe - South,Allure at Tempe,1155 West Grove Pkwy,Tempe,AZ,85283,216,MANAGE
Greystar Management,Greystar,Phoenix,23 - Tempe - South,Avana Tempe,30 West Carter Drive,Tempe,AZ,85282,376,MANAGE
Greystar Management,Aukum Group,Phoenix,23 - Tempe - South,CityScape at Lakeshore,4630 South Lakeshore Drive,Tempe,AZ,85282,214,MANAGE
Greystar Management,Kennedy Wilson,Phoenix,23 - Tempe - South,Finisterra,1250 West Grove Pkwy,Tempe,AZ,85283,356,MANAGE
Greystar Management,TruAmerica Multifamily,Phoenix,23 - Tempe - South,Highland Park,5038 South Hardy Drive,Tempe,AZ,85282,276,MANAGE
Greystar Management,AEW Capital Management,Phoenix,24 - Mesa - West,Be Mesa,510 South Extension Road,Mesa,AZ,85210,244,MANAGE
Greystar Management,City Creek Reserve,Phoenix,24 - Mesa - West,"Grove on Main, The",435 East Main Street,Mesa,AZ,85203,275,MANAGE
Greystar Management,Aukum Group,Phoenix,24 - Mesa - West,"Joshua, The",1711 South Extension Road,Mesa,AZ,85210,276,MANAGE
Greystar Management,ZMR Capital,Phoenix,24 - Mesa - West,"Julia, The",546 South Country Club Drive,Mesa,AZ,85210,320,MANAGE
Greystar Management,Western Wealth Capital,Phoenix,24 - Mesa - West,Station 21,2121 West Main Street,Mesa,AZ,85201,472,MANAGE
Greystar Management,Westmount Realty Capital,Phoenix,24 - Mesa - West,Westmount at the District,949 South Longmore Street,Mesa,AZ,85202,154,MANAGE
Greystar Management,Westmount Realty Capital,Phoenix,24 - Mesa - West,Westmount at Urban Trails,1620 West Southern Avenue,Mesa,AZ,85202,156,MANAGE
Greystar Management,D.R. Horton,Phoenix,25 - Mesa - East,Ascend at Longbow Highpoint,2950 North Recker Road,Mesa,AZ,85215,339,MANAGE
Greystar Management,Benedict Canyon Equities,Phoenix,25 - Mesa - East,Envision,1361 South Greenfield Road,Mesa,AZ,85206,248,MANAGE
Greystar Management,ColRich Multifamily,Phoenix,25 - Mesa - East,Genoa Lakes,3320 East University Drive,Mesa,AZ,85213,361,MANAGE
Greystar Management,ColRich Multifamily,Phoenix,25 - Mesa - East,HUE97,9736 East Balsam Avenue,Mesa,AZ,85208,184,MANAGE
Greystar Management,"Menne, John D.",Phoenix,25 - Mesa - East,Vista Grove,1320 South Val Vista Drive,Mesa,AZ,85204,224,MANAGE
Greystar Management,Toll Brothers Apartment Living,Phoenix,26 - Mesa - Airport,Navona,10141 East Williams Field Road,Mesa,AZ,85212,400,MANAGE
Greystar Management,Seaview Capital,Phoenix,26 - Mesa - Airport,"Premiere at Eastmark, The",9410 East Ray Road,Mesa,AZ,85212,216,MANAGE
Greystar Management,Wood Partners,Phoenix,27 - Chandler,Alta Uptown,123 East Corporate Place,Chandler,AZ,85225,415,MANAGE
Greystar Management,Greystar,Phoenix,27 - Chandler,Avana Chandler,3800 West Chandler Blvd,Chandler,AZ,85226,316,MANAGE
Greystar Management,Greystar,Phoenix,27 - Chandler,Avana Coronado,700 North Coronado Street,Chandler,AZ,85224,321,MANAGE
Greystar Management,Greystar,Phoenix,27 - Chandler,Avana River Ranch,6152 West Oakland Street,Chandler,AZ,85226,188,MANAGE
Greystar Management,Belkorp Holdings,Phoenix,27 - Chandler,Caldera,3939 West Windmills Blvd,Chandler,AZ,85226,284,MANAGE
Greystar Management,Aukum Group,Phoenix,27 - Chandler,Cantera,2475 West Pecos Road,Chandler,AZ,85224,288,MANAGE
Greystar Management,NextGen Apartments,Phoenix,27 - Chandler,"Cooper 202, The",1450 South Cooper Road,Chandler,AZ,85286,332,MANAGE
Greystar Management,"Williams, Norman",Phoenix,27 - Chandler,Cornerstone Ranch,3999 South Dobson Road,Chandler,AZ,85248,224,MANAGE
Greystar Management,Encore Enterprises,Phoenix,27 - Chandler,Encore NoVo,333 East Commonwealth Avenue,Chandler,AZ,85225,208,MANAGE
Greystar Management,Eaton Vance Real Estate Investment Group,Phoenix,27 - Chandler,"Met at Fashion Center, The",1 North Hearthstone Way,Chandler,AZ,85226,303,MANAGE
Greystar Management,Eaton Vance Real Estate Investment Group,Phoenix,27 - Chandler,Pinnacle Terrace,801 North Federal Street,Chandler,AZ,85226,300,MANAGE
Greystar Management,Belkorp Holdings,Phoenix,27 - Chandler,San Cierra,2400 North Arizona Avenue,Chandler,AZ,85225,332,MANAGE
Greystar Management,"Hess, Lawrence E.",Phoenix,27 - Chandler,Stonebridge Ranch,575 West Pecos Road,Chandler,AZ,85225,392,MANAGE
Greystar Management,LaSalle Investment Management,Phoenix,27 - Chandler,Summit at San Marcos,445 West Chandler Blvd,Chandler,AZ,85225,273,MANAGE
Greystar Management,Artemis Real Estate Partners,Phoenix,27 - Chandler,Town Germann,4111 South Silverado Court,Gilbert,AZ,85297,209,MANAGE
Greystar Management,Ares Management,Phoenix,27 - Chandler,Zaterra,200 West Germann Road,Chandler,AZ,85286,392,MANAGE
Greystar Management,Greystar,Phoenix,28 - Gilbert,Album Cooley Station,2660 South Recker Road,Gilbert,AZ,85295,204,MANAGE
Greystar Management,Wood Partners,Phoenix,28 - Gilbert,Alta 87,1225 North Arizona Avenue,Gilbert,AZ,85233,259,MANAGE
Greystar Management,Wood Partners,Phoenix,28 - Gilbert,Alta Rise,80 North McQueen Road,Gilbert,AZ,85233,278,MANAGE
Greystar Management,Greystar,Phoenix,28 - Gilbert,Avana Gilbert,3225 East Baseline Road,Gilbert,AZ,85234,341,MANAGE
Greystar Management,ColRich Multifamily,Phoenix,28 - Gilbert,Espiral,125 East Guadalupe Road,Gilbert,AZ,85234,224,MANAGE
Greystar Management,"Palmo, Luke",Phoenix,28 - Gilbert,"Sterling, The",1303 West Juniper Avenue,Gilbert,AZ,85233,107,MANAGE
Greystar Management,StreetLights Residential,Phoenix,28 - Gilbert,"Tyler, The",3150 East Ray Road,Gilbert,AZ,85296,320,MANAGE
Greystar Management,Van Trust Real Estate,Phoenix,29 - Queen Creek,VLUX at Queen Creek,920 West Combs Road,Queen Creek,AZ,85140,240,MANAGE
Greystar Management,Alliance Residential Company,Phoenix,31 - Glendale - South,Broadstone Westgate,6851 North 93rd Avenue,Glendale,AZ,85305,314,MANAGE
Greystar Management,Quarry Capital,Phoenix,31 - Glendale - South,Cardinal 95,9600 West Georgia Avenue,Glendale,AZ,85305,198,MANAGE
Greystar Management,Alliance Residential Company,Phoenix,31 - Glendale - South,Prose Desert River,7430 North 100th Avenue,Glendale,AZ,85305,384,MANAGE
Greystar Management,RedHill Realty Investors,Phoenix,31 - Glendale - South,Solas Glendale,8150 North 61st Avenue,Glendale,AZ,85302,420,MANAGE
Greystar Management,TruAmerica Multifamily,Phoenix,31 - Glendale - South,Verve,5020 West Peoria Avenue,Glendale,AZ,85302,164,MANAGE
Greystar Management,Fairfield Residential,Phoenix,31 - Glendale - South,Zone,7455 North 95th Avenue,Glendale,AZ,85305,308,MANAGE
Greystar Management,Fairfield Residential,Phoenix,31 - Glendale - South,Zone Luxe,9450 West Cabela Drive,Glendale,AZ,85305,253,MANAGE
Greystar Management,Sunroad Enterprises,Phoenix,31 - Glendale - South,Zone Westgate,6610 North 93rd Avenue,Glendale,AZ,85305,253,MANAGE
Greystar Management,MetLife Real Estate Investment,Phoenix,32 - Glendale - North,Artessa,7100 West Grandview Road,Peoria,AZ,85382,298,MANAGE
Greystar Management,WhiteHaven,Phoenix,32 - Glendale - North,Haven at Arrowhead Ranch,20707 North 67th Avenue,Glendale,AZ,85308,136,MANAGE
Greystar Management,WhiteHaven,Phoenix,32 - Glendale - North,Haven at Towne Center,17600 North 79th Avenue,Glendale,AZ,85308,240,MANAGE
Greystar Management,Rivendell Global Real Estate,Phoenix,32 - Glendale - North,Laguna at Arrowhead Ranch,20251 North 75th Avenue,Glendale,AZ,85308,160,MANAGE
Greystar Management,TruAmerica Multifamily,Phoenix,33 - Peoria,Fountain Palms,8820 West Bell Road,Peoria,AZ,85382,192,MANAGE
Greystar Management,WhiteHaven,Phoenix,33 - Peoria,Haven Townhomes at P83,7677 West Paradise Lane,Peoria,AZ,85382,163,MANAGE
Greystar Management,Greystar,Phoenix,33 - Peoria,Marlowe,8165 West Whitney Drive,Peoria,AZ,85345,370,MANAGE
Greystar Management,Aukum Group,Phoenix,33 - Peoria,Ora,8203 West Oraibi Drive,Peoria,AZ,85382,336,MANAGE
Greystar Management,Greystar,Phoenix,33 - Peoria,Summerwell Peoria Place,7951 West Whitney Drive,Peoria,AZ,85345,255,MANAGE
Greystar Management,Van Trust Real Estate,Phoenix,33 - Peoria,VLux at Peoria Heights,9190 North 83rd Avenue,Peoria,AZ,85345,189,MANAGE
Greystar Management,Greystar,Phoenix,34 - Surprise,Album Surprise,16431 North Parkview Place,Surprise,AZ,85374,161,MANAGE
Greystar Management,Wood Partners,Phoenix,34 - Surprise,Alta Surprise,16230 North Litchfield Road,Surprise,AZ,85374,312,MANAGE
Greystar Management,Artemis Real Estate Partners,Phoenix,34 - Surprise,Town Surprise,16830 North 141st Avenue,Surprise,AZ,85374,114,MANAGE
Greystar Management,Heitman,Phoenix,35 - Litchfield,Abode at Litchfield Park,5110 North 129th Avenue,Litchfield Park,AZ,85340,135,MANAGE
Greystar Management,Blue Vista Capital Management,Phoenix,35 - Litchfield,Villas Litchfield Park,12730 West Camelback Road,Litchfield Park,AZ,85340,150,MANAGE
Greystar Management,Wood Partners,Phoenix,36 - Avondale,Alta Avondale,11330 West Van Buren Street,Avondale,AZ,85323,360,MANAGE
Greystar Management,NextGen Apartments,Phoenix,36 - Avondale,Amiya,1830 North 145th Avenue,Goodyear,AZ,85395,188,MANAGE
Greystar Management,"Wells, Robert S.",Phoenix,36 - Avondale,Ashton Pointe,12175 West McDowell Road,Avondale,AZ,85392,314,MANAGE
Greystar Management,"Milestone Group, The",Phoenix,36 - Avondale,Bella Mirage,3800 North El Mirage Road,Avondale,AZ,85392,715,MANAGE
Greystar Management,Western Wealth Capital,Phoenix,36 - Avondale,Newport Apartment Homes,1333 North Dysart Road,Avondale,AZ,85323,204,MANAGE
Greystar Management,Alliance Residential Company,Phoenix,36 - Avondale,Prose Ascend,12905 West Indian School Road,Avondale,AZ,85392,432,MANAGE
Greystar Management,Wood Partners,Phoenix,37 - Goodyear,Alta Goodyear,14965 West Encanto Blvd,Goodyear,AZ,85395,342,MANAGE
Greystar Management,Alliance Residential Company,Phoenix,37 - Goodyear,Prose at Ballpark Village,2999 Estrella Pkwy,Goodyear,AZ,85338,360,MANAGE
Greystar Management,Family Development,Phoenix,37 - Goodyear,Villas Goodyear,870 South Sarival Avenue,Goodyear,AZ,85338,150,MANAGE
Greystar Management,Taylor Morrison,Phoenix,38 - Buckeye,Yardly at Verrado,20807 West Indian School Road,Buckeye,AZ,85396,211,MANAGE
Greystar Management,Zekelman Industries,Phoenix,40 - Maricopa - West,Flatz 520,45760 West Village Pkwy,Maricopa,AZ,85139,348,MANAGE
Greystar Management,"Friedman, Vanene K.",Phoenix,42 - Casa Grande,"Colony, The",351 North Peart Road,Casa Grande,AZ,85122,240,MANAGE
Greystar Management,Camp Eight Capital,Pittsburgh,1 - Pittsburgh_Downtown,"District, The",1759 Waterfront Place,Pittsburgh,PA,15222,442,MANAGE
Greystar Management,RDC,Pittsburgh,2 - Hill District,Brewer's Block,3234 Liberty Avenue,Pittsburgh,PA,15201,377,MANAGE
Greystar Management,Greystar,Pittsburgh,3 - Oakland,One on Centre,4500 Centre Avenue,Pittsburgh,PA,15213,329,MANAGE
Greystar Management,TWG Development,Pittsburgh,4 - Southside,Connection @ South Side,2984 Sidney Street,Pittsburgh,PA,15203,280,MANAGE
Greystar Management,SomeraRoad,Pittsburgh,4 - Southside,"Park, The",2695 South Water Street,Pittsburgh,PA,15203,247,MANAGE
Greystar Management,Alterra Property Group,Pittsburgh,5 - Northshore,Heinz Lofts,300 Heinz Street,Pittsburgh,PA,15212,266,MANAGE
Greystar Management,RDC,Pittsburgh,7 - West View,"Foundmore, The",300 Hillview Drive,Pittsburgh,PA,15237,289,MANAGE
Greystar Management,Albion Residential,Pittsburgh,8 - Bloomfield,Albion at Morrow Park,5250 Liberty Avenue,Pittsburgh,PA,15224,213,MANAGE
Greystar Management,Albion Residential,Pittsburgh,8 - Bloomfield,Albion Lawrenceville,5262 Butler Street,Pittsburgh,PA,15201,267,MANAGE
Greystar Management,Greystar,Pittsburgh,9 - Shadyside,Ophelia,141 Shady Avenue,Pittsburgh,PA,15206,231,MANAGE
Greystar Management,Bentall Kennedy,Pittsburgh,14 - Robinson Township,"Ridge at Robinson, The",1501 Meredith Drive,Pittsburgh,PA,15205,342,MANAGE
Greystar Management,Albion Residential,Pittsburgh,17 - Highland Park,Highland House Tower by Albion,5700 Bunkerhill Street,Pittsburgh,PA,15206,164,MANAGE
Greystar Management,Broadshore Capital Partners,Pittsburgh,23 - Bethel Park,Liberty Pointe Apartment Homes on Highland,35 Highland Road,Bethel Park,PA,15102,338,MANAGE
Greystar Management,Alpha Residential,Pittsburgh,25 - Oakdale,Apex Newbury,2200 Alpha Drive,Bridgeville,PA,15017,277,MANAGE
Greystar Management,Alpha Residential,Pittsburgh,25 - Oakdale,Apex Newbury Phase II,2200 Alpha Drive,Bridgeville,PA,15017,139,MANAGE
Greystar Management,Greystar,Pittsburgh,26 - Coraopolis,Ltd. Findlay,1001 Birdie Drive,Coraopolis,PA,15108,312,MANAGE
Greystar Management,PASSCO Real Estate,Pittsburgh,26 - Coraopolis,Prism at Diamond Ridge,1100 Prism Place,Moon Township,PA,15108,336,MANAGE
Greystar Management,Grand Peaks Properties,Port St. Lucie,1 - Port St. Lucie - West,Village at Tradition,11750 SW Village Pkwy,Port St. Lucie,FL,34987,372,MANAGE
Greystar Management,Grand Peaks Properties,Port St. Lucie,3 - Jensen Beach,River North,1001 NE Baker Road,Stuart,FL,34994,280,MANAGE
Greystar Management,Grand Peaks Properties,Port St. Lucie,4 - Stuart,Harbor Grove,3250 SE Commerce Avenue,Stuart,FL,34997,324,MANAGE
Greystar Management,Greystar,Portland,1 - Downtown Portland,Indigo,430 SW 13th Avenue,Portland,OR,97205,273,MANAGE
Greystar Management,Grand Peaks Properties,Portland,2 - PSU/Lovejoy,"Cameron, The",1500 SW 12th Avenue,Portland,OR,97201,83,MANAGE
Greystar Management,Nuveen Real Estate,Portland,2 - PSU/Lovejoy,Cyan/PDX,1720 SW 4th Avenue,Portland,OR,97201,352,MANAGE
Greystar Management,Zurich Alternative Asset Management,Portland,2 - PSU/Lovejoy,Museum Place,1030 SW Jefferson Street,Portland,OR,97201,140,MANAGE
Greystar Management,ColRich Multifamily,Portland,2 - PSU/Lovejoy,Park Plaza,1969 SW Park Avenue,Portland,OR,97201,150,MANAGE
Greystar Management,"Green Cities Company, The",Portland,3 - Kerns/Buckman,5 MLK,5 SE Martin Luther King Jr Blvd,Portland,OR,97214,220,MANAGE
Greystar Management,Kennedy Wilson,Portland,3 - Kerns/Buckman,Denizen,2050 NE Hoyt Street,Portland,OR,97232,212,MANAGE
Greystar Management,NBP Capital,Portland,3 - Kerns/Buckman,Holloway,2050 NE Pacific Street,Portland,OR,97232,271,MANAGE
Greystar Management,Grand Peaks Properties,Portland,3 - Kerns/Buckman,Linden,1250 East Burnside Street,Portland,OR,97214,132,MANAGE
Greystar Management,ColRich Multifamily,Portland,4 - Lloyd/Irvington,"Payton, The",2020 NE Multnomah Street,Portland,OR,97232,163,MANAGE
Greystar Management,Grand Peaks Properties,Portland,4 - Lloyd/Irvington,Sullivan's Ridge,1710 NE Multnomah Street,Portland,OR,97232,168,MANAGE
Greystar Management,New York Life Insurance Company,Portland,5 - Pearl District,Dianne,535 NW 11th Avenue,Portland,OR,97209,102,MANAGE
Greystar Management,Multi-Employer Property Trust (MEPT),Portland,5 - Pearl District,Enso,1400 NW Marshall Street,Portland,OR,97209,160,MANAGE
Greystar Management,Oakwood Worldwide,Portland,5 - Pearl District,mResidences Portland Pearl District,1155 NW Everett Street,Portland,OR,97209,112,MANAGE
Greystar Management,"Sobrato Organization, The",Portland,5 - Pearl District,"Wyatt, The",1221 NW Marshall Street,Portland,OR,97209,245,MANAGE
Greystar Management,Zurich Alternative Asset Management,Portland,6 - Hillside/Northwest,"Addy, The",1222 NW 18th Avenue,Portland,OR,97209,104,MANAGE
Greystar Management,Sound Point Capital Management - REO,Portland,6 - Hillside/Northwest,"Fitz, The",1905 NW 23rd Avenue,Portland,OR,97210,64,MANAGE
Greystar Management,LaSalle Investment Management,Portland,6 - Hillside/Northwest,Franklin Ide,2240 NW Lovejoy Street,Portland,OR,97210,92,MANAGE
Greystar Management,Greystar,Portland,6 - Hillside/Northwest,Millhouse,1988 NW Savier Street,Portland,OR,97209,364,MANAGE
Greystar Management,Greystar,Portland,6 - Hillside/Northwest,Park 19,550 NW 19th Avenue,Portland,OR,97209,101,MANAGE
Greystar Management,Greystar,Portland,6 - Hillside/Northwest,Waterline,2080 NW Front Avenue,Portland,OR,97209,243,MANAGE
Greystar Management,New York Life Insurance Company,Portland,7 - Goose Hollow,Alta Art Tower,1510 SW Alder Street,Portland,OR,97205,314,MANAGE
Greystar Management,Wood Partners,Portland,7 - Goose Hollow,Alta Peak,1625 SW Alder Street,Portland,OR,97205,138,MANAGE
Greystar Management,Greystar,Portland,7 - Goose Hollow,Sawbuck,1725 SW Salmon Street,Portland,OR,97205,182,MANAGE
Greystar Management,Alamo Manhattan,Portland,8 - Southwest Hills,"Dylan, The",3883 South Moody Avenue,Portland,OR,97239,232,MANAGE
Greystar Management,ZRZ Realty,Portland,8 - Southwest Hills,"Emery, The",3155 SW Moody Avenue,Portland,OR,97239,118,MANAGE
Greystar Management,Alamo Manhattan,Portland,8 - Southwest Hills,"Olivia, The",3850 South Bond Avenue,Portland,OR,97239,232,MANAGE
Greystar Management,Alamo Manhattan,Portland,8 - Southwest Hills,Willamette Tower,3820 South River Pkwy,Portland,OR,97239,340,MANAGE
Greystar Management,Trammell Crow Residential,Portland,9 - Brooklyn/Moreland,"Frankie, The",3260 SE Milwaukie Avenue,Portland,OR,97202,120,MANAGE
Greystar Management,"Simmons, Brad",Portland,9 - Brooklyn/Moreland,Garden Park,5104 SE 30th Avenue,Portland,OR,97202,143,MANAGE
Greystar Management,Alliance Residential Company,Portland,13 - St Johns/University Park,Prose Hayden Island,110 North Tomahawk Island Drive,Portland,OR,97217,284,MANAGE
Greystar Management,"Simmons, Brad",Portland,15 - Raleigh Hills,Canyon Park,4200 SW 107th Avenue,Beaverton,OR,97005,236,MANAGE
Greystar Management,Abacus Capital Group,Portland,15 - Raleigh Hills,Oak Street Lofts,8900 SW Oak Street,Tigard,OR,97223,187,MANAGE
Greystar Management,High Street Residential,Portland,16 - Westlake,Mercato Grove,4055 Mercantile Drive,Lake Oswego,OR,97035,206,MANAGE
Greystar Management,Abacus Capital Group,Portland,16 - Westlake,One Jefferson Parkway,1 Jefferson Pkwy,Lake Oswego,OR,97035,347,MANAGE
Greystar Management,"Simmons, Brad",Portland,16 - Westlake,Parkridge,200 Greenridge Drive,Lake Oswego,OR,97035,243,MANAGE
Greystar Management,Shorenstein,Portland,16 - Westlake,Willow,5600 Meadows Road,Lake Oswego,OR,97035,158,MANAGE
Greystar Management,Greystar,Portland,18 - Milwaukie/Gladstone,Avana at Happy Valley,8800 SE Causey Loop,Happy Valley,OR,97086,372,MANAGE
Greystar Management,Greystar,Portland,18 - Milwaukie/Gladstone,Heatherbrae Apartment Homes,10303 SE Bell Avenue,Milwaukie,OR,97222,174,MANAGE
Greystar Management,ColRich Multifamily,Portland,18 - Milwaukie/Gladstone,Lake Crest,8106 SE Lake Road,Milwaukie,OR,97267,229,MANAGE
Greystar Management,RedHill Realty Investors,Portland,22 - Mill Plain,Aspenridge,13719 SE 18th Street,Vancouver,WA,98683,240,MANAGE
Greystar Management,Greystar,Portland,22 - Mill Plain,Avana Evergreen,12901 NE 28th Street,Vancouver,WA,98682,336,MANAGE
Greystar Management,Belkorp Holdings,Portland,22 - Mill Plain,Eight Towncenter,16900 SE 26th Drive,Vancouver,WA,98683,200,MANAGE
Greystar Management,Kennedy Wilson,Portland,22 - Mill Plain,"Farmstead, The",711 NE 112th Avenue,Vancouver,WA,98684,176,MANAGE
Greystar Management,ColRich Multifamily,Portland,22 - Mill Plain,"Meadows at Cascade Park, The",13314 SE 19th Street,Vancouver,WA,98683,198,MANAGE
Greystar Management,Belkorp Holdings,Portland,22 - Mill Plain,Village at Cascade Park,501 SE 123rd Avenue,Vancouver,WA,98683,192,MANAGE
Greystar Management,Kennedy Wilson,Portland,22 - Mill Plain,Villas at 28th Street,12101 NE 28th Street,Vancouver,WA,98682,174,MANAGE
Greystar Management,ColRich Multifamily,Portland,23 - McLoughlin,Sedona at Bridgecreek,2220 NE Bridgecreek Avenue,Vancouver,WA,98664,200,MANAGE
Greystar Management,Cascadia Development Partners,Portland,25 - Downtown Vancouver,"Aria, The",636 West 6th Street,Vancouver,WA,98660,127,MANAGE
Greystar Management,Alliance Residential Company,Portland,25 - Downtown Vancouver,Broadstone Riva,1110 West Columbia Way,Vancouver,WA,98660,180,MANAGE
Greystar Management,Alliance Residential Company,Portland,25 - Downtown Vancouver,Claro at the Waterfront,1000 West Columbia Way,Vancouver,WA,98660,178,MANAGE
Greystar Management,ColRich Multifamily,Portland,25 - Downtown Vancouver,"Felix @ Our Heroes Place, The",300 East 13th Street,Vancouver,WA,98660,150,MANAGE
Greystar Management,Cascadia Development Partners,Portland,25 - Downtown Vancouver,Hudson West,2411 Broadway Street,Vancouver,WA,98663,50,MANAGE
Greystar Management,Greystar,Portland,28 - Greenway,Seven West at the Trails,14790 SW Scholls Ferry Road,Beaverton,OR,97007,423,MANAGE
Greystar Management,"Simmons, Brad",Portland,28 - Greenway,Sorrento Bluff,8635 SW Maverick Terrace,Beaverton,OR,97008,127,MANAGE
Greystar Management,Kennedy Wilson,Portland,29 - Tigard,Arbor Heights,15199 SW Royalty Pkwy,Tigard,OR,97224,348,MANAGE
Greystar Management,Grand Peaks Properties,Portland,29 - Tigard,Attwell Off Main,12850 SW Ash Avenue,Tigard,OR,97223,165,MANAGE
Greystar Management,Canyon Partners,Portland,29 - Tigard,"Overland, The",11974 SW 72nd Avenue,Tigard,OR,97223,219,MANAGE
Greystar Management,ColRich Multifamily,Portland,29 - Tigard,Rivercrest Meadows,11865 SW Tualatin Road,Tualatin,OR,97062,338,MANAGE
Greystar Management,"Simmons, Brad",Portland,29 - Tigard,Summerfield,11175 SW Meadowbrook Drive,Tigard,OR,97224,175,MANAGE
Greystar Management,ColRich Multifamily,Portland,30 - Tualatin,"Alden, The",7800 SW Sagert Street,Tualatin,OR,97062,210,MANAGE
Greystar Management,Kennedy Wilson,Portland,30 - Tualatin,Arya at Hedges Creek,8900 SW Sweek Drive,Tualatin,OR,97062,408,MANAGE
Greystar Management,LaSalle Investment Management,Portland,30 - Tualatin,Creekview Crossing,21759 SW Cedar Brook Way,Sherwood,OR,97140,183,MANAGE
Greystar Management,Aukum Group,Portland,31 - Wilsonville,Canyon Creek,26310 SW Canyon Creek Road,Wilsonville,OR,97070,372,MANAGE
Greystar Management,LaSalle Investment Management,Portland,31 - Wilsonville,Jory Trail at the Grove,8750 SW Ash Meadows Road,Wilsonville,OR,97070,324,MANAGE
Greystar Management,Hurley Development,Portland,37 - Orchards,"Arvon, The",11603 NE 71st Street,Vancouver,WA,98662,274,MANAGE
Greystar Management,Greystar,Portland,37 - Orchards,Avana One Zero Nine,3708 NE 109th Avenue,Vancouver,WA,98682,388,MANAGE
Greystar Management,Aukum Group,Portland,37 - Orchards,Brookside 112,4619 NE 112th Avenue,Vancouver,WA,98682,369,MANAGE
Greystar Management,Aukum Group,Portland,37 - Orchards,Cedar House,6811 NE 121st Avenue,Vancouver,WA,98682,334,MANAGE
Greystar Management,ColRich Multifamily,Portland,38 - Walnut Grove,Larkspur Place,7609 NE Vancouver Mall Drive,Vancouver,WA,98662,100,MANAGE
Greystar Management,ColRich Multifamily,Portland,38 - Walnut Grove,Silver Oak,8701 NE 54th Street,Vancouver,WA,98662,204,MANAGE
Greystar Management,Aukum Group,Portland,38 - Walnut Grove,"Woodlands, The",7700 NE 72nd Avenue,Vancouver,WA,98661,141,MANAGE
Greystar Management,Belkorp Holdings,Portland,40 - Rock Creek,North Bethany Ridge,15921 NW Brugger Road,Portland,OR,97229,208,MANAGE
Greystar Management,Wood Partners,Portland,41 - Tanasbourne,Arcadia by Alta,9950 NE Gibbs Drive,Hillsboro,OR,97006,326,MANAGE
Greystar Management,Wood Partners,Portland,41 - Tanasbourne,Astral and Revel by Alta,1390 NE Compton Drive,Hillsboro,OR,97006,594,MANAGE
Greystar Management,Greystar,Portland,41 - Tanasbourne,Avana Birch Pointe,17520 NW Cornell Road,Beaverton,OR,97006,248,MANAGE
Greystar Management,Belkorp Holdings,Portland,41 - Tanasbourne,Landmark at Tanasbourne,3120 NW John Olsen Avenue,Hillsboro,OR,97124,285,MANAGE
Greystar Management,Grand Peaks Properties,Portland,41 - Tanasbourne,LARK,8775 NE Wilkins Street,Hillsboro,OR,97006,104,MANAGE
Greystar Management,Grecu Capital Management,Portland,41 - Tanasbourne,Lineage at Willow Creek,18380 NW Heritage Pkwy,Beaverton,OR,97006,121,MANAGE
Greystar Management,"Sobrato Organization, The",Portland,41 - Tanasbourne,LionsGate South,2470 NW Inverness Drive,Hillsboro,OR,97124,355,MANAGE
Greystar Management,Belkorp Holdings,Portland,42 - Hillsboro,Jackson School Village,300 NE Autumn Rose Way,Hillsboro,OR,97124,200,MANAGE
Greystar Management,Simpson Housing,Portland,42 - Hillsboro,Nexus,1299 NE Orenco Station Pkwy,Hillsboro,OR,97124,422,MANAGE
Greystar Management,Greystar,Portland,43 - Hollybrook,Avana Powell Valley,1500 SW Pleasant View Drive,Gresham,OR,97080,228,MANAGE
Greystar Management,Wood Partners,Portland,44 - Gresham,Alta Civic Station,1699 NW Civic Drive,Gresham,OR,97030,318,MANAGE
Greystar Management,"Stone, Catherine A.",Portland,45 - Salmon Creek,Highland Hills,2406 NE 139th Street,Vancouver,WA,98686,400,MANAGE
Greystar Management,DRA Advisors,Portland,46 - Kelly Creek,"Arden, The",765 SE Mount Hood Hwy,Gresham,OR,97080,264,MANAGE
Greystar Management,Romano Capital,Portland,59 - Creswell Heights,"Oliveen, The",19814 SE 1st Street,Camas,WA,98607,266,MANAGE
Greystar Management,Goldman Sachs & Company,Portland,59 - Creswell Heights,Trio Pointe,19600 NE 3rd Street,Camas,WA,98607,240,MANAGE
Greystar Management,Vista Residential Partners,Portland,60 - Battle Ground,One26 Vista,6914 NE 126th Street,Vancouver,WA,98686,238,MANAGE
Greystar Management,Alliance Residential Company,Portland,60 - Battle Ground,Prose Battle Ground,917 SW 31st Street,Battle Ground,WA,98604,180,MANAGE
Greystar Management,"Green Cities Company, The",Portland,63 - Piedmont,"Prescott, The",1450 North Prescott Street,Portland,OR,97217,155,MANAGE
Greystar Management,Schiavo Enterprises,Providence,16 - Warwick,Alta Altitude,2119 Post Road,Warwick,RI,2886,214,MANAGE
Greystar Management,Greystar,Providence,20 - Mansfield,Avana East Main,274 East Main Street,Norton,MA,2766,188,MANAGE
Greystar Management,Greystar,Providence,20 - Mansfield,West Village,792 West Street,Mansfield,MA,2048,200,MANAGE
Greystar Management,Silverstein Properties,Queens,1 - Astoria,Hearthstone Astoria,34-35 44th Street,Astoria,NY,11103,354,MANAGE
Greystar Management,Carmel Partners,Queens,2 - Long Island City,Lumen LIC,23-15 44th Road,Long Island City,NY,11101,938,MANAGE
Greystar Management,Twining Properties,Queens,2 - Long Island City,Watermark LIC,27-19 44th Drive,Long Island City,NY,11101,168,MANAGE
Greystar Management,High Street Residential,Raleigh - Durham,1 - Raleigh - Downtown,400H,9 North Harrington Street,Raleigh,NC,27603,242,MANAGE
Greystar Management,Trammell Crow Residential,Raleigh - Durham,1 - Raleigh - Downtown,Alexan Moto,222 North West Street,Raleigh,NC,27603,186,MANAGE
Greystar Management,J.P. Morgan Asset Management,Raleigh - Durham,1 - Raleigh - Downtown,"Devon Four25, The",425 North Boylan Avenue,Raleigh,NC,27603,261,MANAGE
Greystar Management,MetLife Real Estate Investment,Raleigh - Durham,1 - Raleigh - Downtown,"Dillon, The",401 West Hargett Street,Raleigh,NC,27603,271,MANAGE
Greystar Management,Principal Real Estate Investors,Raleigh - Durham,1 - Raleigh - Downtown,Elan City Center,510 North Wilmington Street,Raleigh,NC,27604,213,MANAGE
Greystar Management,Blue Ridge Realty,Raleigh - Durham,1 - Raleigh - Downtown,"Gramercy, The",650 West North Street,Raleigh,NC,27603,203,MANAGE
Greystar Management,Capital Square,Raleigh - Durham,1 - Raleigh - Downtown,Maeve,319 West Lenoir Street,Raleigh,NC,27601,298,MANAGE
Greystar Management,Hoffman & Associates,Raleigh - Durham,1 - Raleigh - Downtown,"Miles, The",10 West Franklin Street,Raleigh,NC,27604,204,MANAGE
Greystar Management,Spandrel Development,Raleigh - Durham,1 - Raleigh - Downtown,Mira,121 Kindley Street,Raleigh,NC,27601,288,MANAGE
Greystar Management,Hoffman & Associates,Raleigh - Durham,1 - Raleigh - Downtown,"Point, The",605 Halifax Street,Raleigh,NC,27604,75,MANAGE
Greystar Management,Hoffman & Associates,Raleigh - Durham,1 - Raleigh - Downtown,"Signal, The",721 Halifax Street,Raleigh,NC,27604,298,MANAGE
Greystar Management,World Wide Group,Raleigh - Durham,1 - Raleigh - Downtown,SkyHouse Raleigh,308 South Blount Street,Raleigh,NC,27601,320,MANAGE
Greystar Management,TA Realty,Raleigh - Durham,2 - Raleigh - Central West,"Maggie at 401 Oberlin, The",401 Oberlin Road,Raleigh,NC,27605,244,MANAGE
Greystar Management,PGIM Real Estate,Raleigh - Durham,2 - Raleigh - Central West,Oberlin Court,1009 Wade Avenue,Raleigh,NC,27605,370,MANAGE
Greystar Management,"Carlyle Group, The",Raleigh - Durham,2 - Raleigh - Central West,Overture Centennial,600 Bilyeu Street,Raleigh,NC,27606,188,MANAGE
Greystar Management,Trammell Crow Residential,Raleigh - Durham,4 - Raleigh - South,Allora Pines,2720 Bristlecone Trail,Raleigh,NC,27603,224,MANAGE
Greystar Management,DivcoWest,Raleigh - Durham,6 - Raleigh - West,403 West,403 Wolf Creek Circle,Raleigh,NC,27606,384,MANAGE
Greystar Management,Eaton Vance Real Estate Investment Group,Raleigh - Durham,6 - Raleigh - West,Arlow at Blue Ridge,601 McCaw Bridge Street,Raleigh,NC,27606,280,MANAGE
Greystar Management,Eaton Vance Real Estate Investment Group,Raleigh - Durham,6 - Raleigh - West,"Dakota, The",1201 Pine Haven Drive,Raleigh,NC,27607,314,MANAGE
Greystar Management,Greystar,Raleigh - Durham,6 - Raleigh - West,Milo,821 Hanbury Way,Raleigh,NC,27607,252,MANAGE
Greystar Management,Edgewater Ventures,Raleigh - Durham,7 - Raleigh - Northwest,ABODE at Kerr Ridge,3709 Nova Star Lane,Raleigh,NC,27612,89,MANAGE
Greystar Management,Greystar,Raleigh - Durham,7 - Raleigh - Northwest,Avana Lake Lynn,3230 Stream Side Road,Raleigh,NC,27613,344,MANAGE
Greystar Management,TruAmerica Multifamily,Raleigh - Durham,7 - Raleigh - Northwest,Bridgeport,4101 Lake Lynn Drive,Raleigh,NC,27613,276,MANAGE
Greystar Management,TruAmerica Multifamily,Raleigh - Durham,7 - Raleigh - Northwest,Concord,3920 Knickerbocker Pkwy,Raleigh,NC,27612,228,MANAGE
Greystar Management,TruAmerica Multifamily,Raleigh - Durham,7 - Raleigh - Northwest,Duraleigh Woods,5600 Briar Oaks Lane,Raleigh,NC,27612,362,MANAGE
Greystar Management,Eaton Vance Real Estate Investment Group,Raleigh - Durham,7 - Raleigh - Northwest,Leigh House,2421 Landmark Drive,Raleigh,NC,27607,245,MANAGE
Greystar Management,Related Companies,Raleigh - Durham,7 - Raleigh - Northwest,Mariners Crossing,5723 Magellan Way,Raleigh,NC,27612,306,MANAGE
Greystar Management,Braddock & Logan,Raleigh - Durham,7 - Raleigh - Northwest,"Riley, The",4800 Waterford Point Drive,Raleigh,NC,27612,336,MANAGE
Greystar Management,TruAmerica Multifamily,Raleigh - Durham,7 - Raleigh - Northwest,Sailboat Bay,3221 Lynn Ridge Drive,Raleigh,NC,27613,192,MANAGE
Greystar Management,Related Companies,Raleigh - Durham,7 - Raleigh - Northwest,View at Lake Lynn,3110 Hidden Pond Drive,Raleigh,NC,27613,552,MANAGE
Greystar Management,Chaucer Creek Capital,Raleigh - Durham,8 - Raleigh - North,Anderson Flats,2841 Manorcrest Court,Raleigh,NC,27609,182,MANAGE
Greystar Management,Related Companies,Raleigh - Durham,8 - Raleigh - North,Hamilton Ridge,4901 Tall Timber Drive,Raleigh,NC,27612,178,MANAGE
Greystar Management,AVR Realty,Raleigh - Durham,8 - Raleigh - North,Jones Grant,1040 Wake Towne Drive,Raleigh,NC,27609,243,MANAGE
Greystar Management,AEW Capital Management,Raleigh - Durham,8 - Raleigh - North,Junction Six Forks,110 Talisman Way,Raleigh,NC,27615,266,MANAGE
Greystar Management,Multi-Employer Property Trust (MEPT),Raleigh - Durham,8 - Raleigh - North,"Marlowe Lake Boone, The",1731 Tupelo Hill Lane,Raleigh,NC,27607,283,MANAGE
Greystar Management,J.P. Morgan Asset Management,Raleigh - Durham,8 - Raleigh - North,Midtown Green,201 Park at North Hills Street,Raleigh,NC,27609,214,MANAGE
Greystar Management,Greystar,Raleigh - Durham,8 - Raleigh - North,Overture Crabtree,4408 Marriott Drive,Raleigh,NC,27612,203,MANAGE
Greystar Management,Wood Partners,Raleigh - Durham,9 - Raleigh - Northeast,Alta Town Center,6601 Roxboro Street,Raleigh,NC,27616,336,MANAGE
Greystar Management,Dominion Realty Partners,Raleigh - Durham,9 - Raleigh - Northeast,Atlantic Springs,5540 Atlantic Springs Crossing,Raleigh,NC,27616,264,MANAGE
Greystar Management,Westbrook Partners,Raleigh - Durham,9 - Raleigh - Northeast,Broadstone Oak City,2911 Mid-Century Drive,Raleigh,NC,27604,335,MANAGE
Greystar Management,Dominion Realty Partners,Raleigh - Durham,9 - Raleigh - Northeast,Everly on 401,7010 Fox Carriage Drive,Raleigh,NC,27616,240,MANAGE
Greystar Management,NorthRock Companies,Raleigh - Durham,9 - Raleigh - Northeast,Level at 401,5721 Goodstone Drive,Raleigh,NC,27616,300,MANAGE
Greystar Management,Greystar,Raleigh - Durham,9 - Raleigh - Northeast,Marlowe Capital Hills,3901 Capital Hills Drive,Raleigh,NC,27616,404,MANAGE
Greystar Management,Alliance Residential Company,Raleigh - Durham,9 - Raleigh - Northeast,Prose New Hope,3520 Pinetree Grove Lane,Raleigh,NC,27604,344,MANAGE
Greystar Management,Terwilliger Pappas,Raleigh - Durham,10 - Raleigh - East,Solis Buffaloe,2500 Red Barlett Way,Raleigh,NC,27616,322,MANAGE
Greystar Management,Braddock & Logan,Raleigh - Durham,13 - Raleigh - Brier Creek,Braxton at Brier Creek,11010 East Lake Club Way,Raleigh,NC,27617,270,MANAGE
Greystar Management,Woodfield Development,Raleigh - Durham,13 - Raleigh - Brier Creek,"Keaton at Brier Creek, The",3930 Macaw Street,Raleigh,NC,27617,264,MANAGE
Greystar Management,Edgewater Ventures,Raleigh - Durham,15 - Fuquay-Varina,ABODE at Geneva,713 Hough Pond Lane,Fuquay-Varina,NC,27526,177,MANAGE
Greystar Management,Capital Square,Raleigh - Durham,15 - Fuquay-Varina,Ashford Townes,604 Oakbrook Pass Way,Fuquay-Varina,NC,27526,74,MANAGE
Greystar Management,Buvermo Investments,Raleigh - Durham,17 - Apex,Album Summit Pines,1000 Sweetbay Lane,Apex,NC,27523,157,MANAGE
Greystar Management,East West Partners,Raleigh - Durham,17 - Apex,"Ballast on Salem, The",1821 Chatham Flats Drive,Apex,NC,27502,295,MANAGE
Greystar Management,Eaton Vance Real Estate Investment Group,Raleigh - Durham,17 - Apex,"Peak at Nichols Plaza, The",900 Doverside Drive,Apex,NC,27523,270,MANAGE
Greystar Management,"Halle Companies, The",Raleigh - Durham,17 - Apex,Villages at Depot,30000 Summer Crop Lane,Apex,NC,27502,270,MANAGE
Greystar Management,Wood Partners,Raleigh - Durham,18 - Clay - Morrisville,Alta Ivy,2000 Olivewood Street,Cary,NC,27519,300,MANAGE
Greystar Management,TA Realty,Raleigh - Durham,18 - Clay - Morrisville,Alta Wren,3000 Orchid Street,Cary,NC,27519,250,MANAGE
Greystar Management,TerraCap Management,Raleigh - Durham,18 - Clay - Morrisville,Amberwood at Lochmere,100 Eclipse Drive,Cary,NC,27518,340,MANAGE
Greystar Management,TA Realty,Raleigh - Durham,18 - Clay - Morrisville,Broadstone Trailside,5860 McCrimmon Pkwy,Morrisville,NC,27560,263,MANAGE
Greystar Management,Rivendell Global Real Estate,Raleigh - Durham,18 - Clay - Morrisville,Cary Greens at Preston,2500 Grove Club Lane,Cary,NC,27513,292,MANAGE
Greystar Management,Casto,Raleigh - Durham,18 - Clay - Morrisville,District Lofts,3001 Village Market Place,Morrisville,NC,27560,118,MANAGE
Greystar Management,Casto,Raleigh - Durham,18 - Clay - Morrisville,District Square,1001 Morrisville Pkwy,Morrisville,NC,27560,114,MANAGE
Greystar Management,Eaton Vance Real Estate Investment Group,Raleigh - Durham,18 - Clay - Morrisville,"Franklin at Crossroads, The",6010 Attleboro Drive,Raleigh,NC,27606,199,MANAGE
Greystar Management,Singh Development,Raleigh - Durham,18 - Clay - Morrisville,Griffin Weston,110 Singh Lane,Cary,NC,27513,212,MANAGE
Greystar Management,Eaton Vance Real Estate Investment Group,Raleigh - Durham,18 - Clay - Morrisville,"Manor at Weston, The",3101 Rise Drive,Cary,NC,27513,302,MANAGE
Greystar Management,TA Realty,Raleigh - Durham,18 - Clay - Morrisville,NOVEL Cary,200 Henry Hill Street,Cary,NC,27519,320,MANAGE
Greystar Management,Crescent Communities,Raleigh - Durham,18 - Clay - Morrisville,NOVEL Morrisville,218 Southport Drive,Morrisville,NC,27560,336,MANAGE
Greystar Management,Principal Asset Management,Raleigh - Durham,18 - Clay - Morrisville,Overture Cary,1055 Hatches Pond Lane,Morrisville,NC,27560,189,MANAGE
Greystar Management,WJFS,Raleigh - Durham,18 - Clay - Morrisville,Parkside Place,200 Dominion Oak Circle,Cary,NC,27519,294,MANAGE
Greystar Management,CBRE Investment Management,Raleigh - Durham,18 - Clay - Morrisville,Residences at Shiloh Crossing,3000 Dominion Ridge Circle,Morrisville,NC,27560,318,MANAGE
Greystar Management,Dominion Realty Partners,Raleigh - Durham,18 - Clay - Morrisville,"Slater, The",1000 Slater Crossing Circle,Morrisville,NC,27560,199,MANAGE
Greystar Management,Goldman Sachs & Company,Raleigh - Durham,18 - Clay - Morrisville,Tradition at Stonewater,12000 Wisdom Drive,Cary,NC,27519,351,MANAGE
Greystar Management,Eaton Vance Real Estate Investment Group,Raleigh - Durham,18 - Clay - Morrisville,Tryon Place,4101 Skye Lane,Cary,NC,27518,205,MANAGE
Greystar Management,Guardian Life Insurance Company,Raleigh - Durham,18 - Clay - Morrisville,Windsor at Tryon Village,2000 Crossroads Manor Court,Cary,NC,27518,393,MANAGE
Greystar Management,Stonebridge Investments,Raleigh - Durham,19 - Wake Forest,"Columns at Wakefield, The",14114 Chriswick House Lane,Raleigh,NC,27614,324,MANAGE
Greystar Management,CBRE Investment Management,Raleigh - Durham,19 - Wake Forest,Legacy at Wakefield,14411 Calloway Gap Road,Raleigh,NC,27614,369,MANAGE
Greystar Management,Stiles Development,Raleigh - Durham,19 - Wake Forest,"Lindley at Grove 98, The",521 Granite Grove Loop,Wake Forest,NC,27587,232,MANAGE
Greystar Management,Braddock & Logan,Raleigh - Durham,19 - Wake Forest,North Forest,835 Stadium Drive,Wake Forest,NC,27587,112,MANAGE
Greystar Management,Nuveen Real Estate,Raleigh - Durham,19 - Wake Forest,"Residences at Wakefield, The",12201 Oakwood View Drive,Raleigh,NC,27614,360,MANAGE
Greystar Management,Eaton Vance Real Estate Investment Group,Raleigh - Durham,19 - Wake Forest,Wakefield Glen,2400 Garden Hill Drive,Raleigh,NC,27614,246,MANAGE
Greystar Management,Crosland Southeast,Raleigh - Durham,19 - Wake Forest,Wallbrook Village,421 Deep Oak Drive,Rolesville,NC,27571,140,MANAGE
Greystar Management,Foulger-Pratt,Raleigh - Durham,21 - Wendell,Affinity at Wendell,900 Eagles Rise Avenue,Wendell,NC,27591,172,MANAGE
Greystar Management,"Spectrum Companies, The",Raleigh - Durham,21 - Wendell,Gladwen Wendell Falls,1440 Yellow Desert Way,Wendell,NC,27591,365,MANAGE
Greystar Management,D.R. Horton,Raleigh - Durham,21 - Wendell,Summerwell Harmony,1121 Duet Drive,Wendell,NC,27591,200,MANAGE
Greystar Management,Greystar,Raleigh - Durham,22 - Durham - Central,Beckon,311 Liggett Street,Durham,NC,27701,263,MANAGE
Greystar Management,CBRE Investment Management,Raleigh - Durham,22 - Durham - Central,Liberty Warehouse,530 Foster Street,Durham,NC,27701,247,MANAGE
Greystar Management,Eaton Vance Real Estate Investment Group,Raleigh - Durham,22 - Durham - Central,Whetstone,501 Willard Street,Durham,NC,27701,204,MANAGE
Greystar Management,SR Real Estate Partners,Raleigh - Durham,23 - Durham - South,Alexander Crossing,3500 Louis Stephens Drive,Durham,NC,27713,176,MANAGE
Greystar Management,Wood Partners,Raleigh - Durham,23 - Durham - South,Alta Davis,615 Corbett Street,Morrisville,NC,27560,403,MANAGE
Greystar Management,Boston Capital,Raleigh - Durham,23 - Durham - South,Aventura RTP,200 Edinborough Drive,Durham,NC,27703,330,MANAGE
Greystar Management,RREEF Property Trust,Raleigh - Durham,23 - Durham - South,Candour House,1050 Slater Road,Durham,NC,27703,276,MANAGE
Greystar Management,ColRich Multifamily,Raleigh - Durham,23 - Durham - South,"Churchill, The",1400 East Cornwallis Road,Durham,NC,27713,204,MANAGE
Greystar Management,Eaton Vance Real Estate Investment Group,Raleigh - Durham,23 - Durham - South,Encore at the Park,2850 Courtney Creek Blvd,Durham,NC,27713,280,MANAGE
Greystar Management,Shenandoad Homes,Raleigh - Durham,23 - Durham - South,Page Oaks,3404 Page Road,Morrisville,NC,27560,188,MANAGE
Greystar Management,Eaton Vance Real Estate Investment Group,Raleigh - Durham,23 - Durham - South,Republic Flats,800 Finsbury Street,Durham,NC,27703,330,MANAGE
Greystar Management,Greystar,Raleigh - Durham,24 - Durham - Southwest,Avana 55Twelve,5512 Sunlight Drive,Durham,NC,27707,268,MANAGE
Greystar Management,Eaton Vance Real Estate Investment Group,Raleigh - Durham,24 - Durham - Southwest,Garrett West,4130 Garrett Road,Durham,NC,27707,308,MANAGE
Greystar Management,Stonebridge Investments,Raleigh - Durham,24 - Durham - Southwest,Haven at Patterson Place,5110 Old Chapel Hill Road,Durham,NC,27707,242,MANAGE
Greystar Management,UBS Realty Investors,Raleigh - Durham,24 - Durham - Southwest,"Morgan at Chapel Hill, The",100 Spring Meadow Drive,Chapel Hill,NC,27517,300,MANAGE
Greystar Management,UBS Realty Investors,Raleigh - Durham,24 - Durham - Southwest,Morgan Reserve,5205 Barbee Chapel Road,Chapel Hill,NC,27517,80,MANAGE
Greystar Management,Principal Asset Management,Raleigh - Durham,24 - Durham - Southwest,Overture Chapel Hill,5910 Farrington Road,Chapel Hill,NC,27517,184,MANAGE
Greystar Management,"Dickson, Darrell G.",Raleigh - Durham,25 - Durham - North,810 Ninth,810 Ninth Street,Durham,NC,27705,229,MANAGE
Greystar Management,Greystar,Raleigh - Durham,25 - Durham - North,Avana on Broad,2335 Broad Street,Durham,NC,27704,320,MANAGE
Greystar Management,AEW Capital Management,Raleigh - Durham,26 - Durham - East,Artisan at Brightleaf,2015 Copper Leaf Pkwy,Durham,NC,27703,328,MANAGE
Greystar Management,D.R. Horton,Raleigh - Durham,26 - Durham - East,Ascend Brightleaf,2400 Sanders Avenue,Durham,NC,27703,336,MANAGE
Greystar Management,D.R. Horton,Raleigh - Durham,26 - Durham - East,Cottages at Brightleaf,2421 Sanders Avenue,Durham,NC,27703,99,MANAGE
Greystar Management,TerraCap Management,Raleigh - Durham,26 - Durham - East,"Lex at Brier Creek, The",200 Wind River Pkwy,Morrisville,NC,27560,346,MANAGE
Greystar Management,Westbrook Partners,Raleigh - Durham,27 - Chapel Hill,"Hartley at Blue Hill, The",625 South Elliott Road,Chapel Hill,NC,27517,415,MANAGE
Greystar Management,Goldman Sachs & Company,Raleigh - Durham,27 - Chapel Hill,Notting Hill,100 Drew Hill Lane,Chapel Hill,NC,27514,200,MANAGE
Greystar Management,Braddock & Logan,Raleigh - Durham,27 - Chapel Hill,Shadowood,110 Piney Mountain Road,Chapel Hill,NC,27514,336,MANAGE
Greystar Management,Braddock & Logan,Raleigh - Durham,27 - Chapel Hill,Sunstone,208 Conner Drive,Chapel Hill,NC,27514,260,MANAGE
Greystar Management,Greystar,Raleigh - Durham,27 - Chapel Hill,Union Chapel Hill,425 Hillsborough Street,Chapel Hill,NC,27514,339,MANAGE
Greystar Management,Braddock & Logan,Raleigh - Durham,28 - Carrboro,Autumn Woods,222 Old Fayetteville Road,Carrboro,NC,27510,236,MANAGE
Greystar Management,Laramar Group,Raleigh - Durham,28 - Carrboro,Collins Crossing,501 Jones Ferry Road,Carrboro,NC,27510,268,MANAGE
Greystar Management,ColRich Multifamily,Raleigh - Durham,29 - Hillsborough,Heritage,405 Thomas Burke Drive,Hillsborough,NC,27278,143,MANAGE
Greystar Management,Braddock & Logan,Raleigh - Durham,29 - Hillsborough,Patriot's Pointe,100 Patriot's Pointe Drive,Hillsborough,NC,27278,240,MANAGE
Greystar Management,Chaucer Creek Capital,Raleigh - Durham,30 - Clayton,River Oaks Landing,68 Shumard Way,Garner,NC,27529,198,MANAGE
Greystar Management,Pacific Development,Reno,1 - Reno - Central,Ballpark,201 Evans Avenue,Reno,NV,89501,369,MANAGE
Greystar Management,"Sobrato Organization, The",Reno,3 - Reno - Southwest,Aspen Ridge,1555 Ridgeview Drive,Reno,NV,89519,260,MANAGE
Greystar Management,Reno Land Development,Reno,5 - Reno - South,Inova,14001 Summit Sierra Blvd,Reno,NV,89511,581,MANAGE
Greystar Management,Capital Square,Richmond - Tidewater,3 - Richmond - Scott's Addition,Chasen,2922 West Marshall Street,Richmond,VA,23230,352,MANAGE
Greystar Management,Capital Square,Richmond - Tidewater,3 - Richmond - Scott's Addition,GEM at Scott's Collection,3001 West Leigh Street,Richmond,VA,23230,71,MANAGE
Greystar Management,Capital Square,Richmond - Tidewater,3 - Richmond - Scott's Addition,INK at Scott's Collection,3000 West Clay Street,Richmond,VA,23230,80,MANAGE
Greystar Management,Capital Square,Richmond - Tidewater,3 - Richmond - Scott's Addition,Otis,1661 Roseneath Road,Richmond,VA,23230,350,MANAGE
Greystar Management,Capital Square,Richmond - Tidewater,3 - Richmond - Scott's Addition,VIV at Scott's Collection,2900 West Clay Street,Richmond,VA,23230,58,MANAGE
Greystar Management,CMB Development,Richmond - Tidewater,7 - Richmond - Church Hill,"Lofts at Shiplock Watch, The",2823 East Main Street,Richmond,VA,23223,51,MANAGE
Greystar Management,Blackfin Real Estate Investors,Richmond - Tidewater,7 - Richmond - Church Hill,"Masonry, The",2010 East Main Street,Richmond,VA,23223,302,MANAGE
Greystar Management,CMB Development,Richmond - Tidewater,7 - Richmond - Church Hill,Shiplock Views,2801 East Main Street,Richmond,VA,23223,180,MANAGE
Greystar Management,Blackwood Development,Richmond - Tidewater,9 - Richmond - Manchester,"Navigator, The",103 East 2nd Street,Richmond,VA,23224,177,MANAGE
Greystar Management,Greystar,Richmond - Tidewater,12 - Richmond - West End,Avana Copper Spring,3301 Copper Mill Trace,Richmond,VA,23294,366,MANAGE
Greystar Management,Commonwealth Properties,Richmond - Tidewater,15 - Three Chopt,Avia,5200 Avia Way,Richmond,VA,23228,320,MANAGE
Greystar Management,Greystar,Richmond - Tidewater,15 - Three Chopt,Everleigh Short Pump,12651 Three Chopt Road,Henrico,VA,23233,165,MANAGE
Greystar Management,Commonwealth Properties,Richmond - Tidewater,16 - Glen Allen,3500 West View,3500 Cox Road,Henrico,VA,23233,282,MANAGE
Greystar Management,Aurelie Capital,Richmond - Tidewater,16 - Glen Allen,Ainsworth,9600 Beekman Lane,Richmond,VA,23228,350,MANAGE
Greystar Management,Dominion Realty Partners,Richmond - Tidewater,16 - Glen Allen,Innsbrook Square,4301 Dominion Forest Circle,Glen Allen,VA,23060,305,MANAGE
Greystar Management,Virginia State University Foundation,Richmond - Tidewater,27 - Petersburg,University Apartments at Ettrick,4010 J Mitchell Jones Drive,Petersburg,VA,23803,126,MANAGE
Greystar Management,Georgetown Partners,Richmond - Tidewater,45 - Virginia Beach - Town Center,Woodshire,149 South Budding Avenue,Virginia Beach,VA,23452,288,MANAGE
Greystar Management,Abacus Capital Group,Richmond - Tidewater,46 - Virginia Beach - Central,Banyan Grove,3816 Banyan Grove Lane,Virginia Beach,VA,23462,288,MANAGE
Greystar Management,Hill Property Partners,Richmond - Tidewater,48 - Virginia Beach - Northeast,North Hill,624 Suhtai Court,Virginia Beach,VA,23451,148,MANAGE
Greystar Management,Foxfield,Richmond - Tidewater,50 - Portsmouth - Central,Nav850 at Olde Towne,850 Crawford Pkwy,Portsmouth,VA,23704,246,MANAGE
Greystar Management,Chartwell Capital Partners,Richmond - Tidewater,53 - Chesapeake - Central,Aspire at Towne Place,745 Eden Way North,Chesapeake,VA,23320,215,MANAGE
Greystar Management,"Accend Companies, The",Richmond - Tidewater,61 - Hampton - South,Ellipse Urban,2001 Commerce Drive,Hampton,VA,23666,287,MANAGE
Greystar Management,Croatan Investments,Richmond - Tidewater,62 - Hampton - North,Luna Pointe,102 Sunrise Cove,Hampton,VA,23666,210,MANAGE
Greystar Management,Prospect Ridge,Richmond - Tidewater,62 - Hampton - North,Trail Creek,2 Abbott Drive,Hampton,VA,23666,300,MANAGE
Greystar Management,Foxfield,Richmond - Tidewater,67 - Newport News - North,Woodscape,581 Calla Court,Newport News,VA,23608,296,MANAGE
Greystar Management,Commonwealth Properties,Richmond - Tidewater,69 - Williamsburg - South,High Street View,150 Kings Manor Drive,Williamsburg,VA,23185,96,MANAGE
Greystar Management,Commonwealth Properties,Richmond - Tidewater,69 - Williamsburg - South,High Street View Phases II & III,150 Kings Manor Drive,Williamsburg,VA,23185,271,MANAGE
Greystar Management,GW Real Estate Partners,Richmond - Tidewater,69 - Williamsburg - South,Montage at Marquis Hills,1200 Marquis Pkwy,Williamsburg,VA,23185,265,MANAGE
Greystar Management,"Penzance Companies, The",Richmond - Tidewater,69 - Williamsburg - South,"Pointe at New Town, The",4375 New Town Avenue,Williamsburg,VA,23188,265,MANAGE
Greystar Management,CBRE Investment Management,Rochester MN,1 - Rochester - Central,"Berkman, The",217 14th Avenue SW,Rochester,MN,55902,270,MANAGE
Greystar Management,TWG Development,Rochester MN,2 - Rochester - College,"Rosewater, The",1155 Felty Avenue SE,Rochester,MN,55904,234,MANAGE
Greystar Management,Trilogy Real Estate Group,Rochester MN,3 - Rochester - North,"Lodge at Overland, The",6635 Lodge View Drive NW,Rochester,MN,55901,237,MANAGE
Greystar Management,AEW Capital Management,Sacramento,2 - Broadway Corridor,LINQ Midtown,3111 S Street,Sacramento,CA,95816,275,MANAGE
Greystar Management,Encore Capital,Sacramento,4 - North Sacramento,"Grove at Woodlake, The",570 Media Place,Sacramento,CA,95815,269,MANAGE
Greystar Management,ColRich Multifamily,Sacramento,5 - Encina/Ethan/Woodside,"Luxe Apartment Homes, The",2501 Hurley Way,Sacramento,CA,95825,220,MANAGE
Greystar Management,Greystar,Sacramento,7 - La Riviera,Hornet Commons,3001 State University Drive,Sacramento,CA,95826,284,MANAGE
Greystar Management,Security Properties,Sacramento,11 - Pocket/West Greenhaven,Broadleaf,40 Park City Court,Sacramento,CA,95831,244,MANAGE
Greystar Management,Greystar,Sacramento,11 - Pocket/West Greenhaven,Monticello at Southport Residence,2150 Valley Oak Lane,West Sacramento,CA,95691,208,MANAGE
Greystar Management,Benedict Canyon Equities,Sacramento,15 - South Woodland,"Fairmont, The",575 Matmor Road,Woodland,CA,95776,192,MANAGE
Greystar Management,Greystar,Sacramento,16 - North West Sacramento,850 on the Avenue,850 Sacramento Avenue,West Sacramento,CA,95605,192,MANAGE
Greystar Management,"Shidler Group, The",Sacramento,17 - Natomas,"Core Natomas, The",2745 Orchard Lane,Sacramento,CA,95833,300,MANAGE
Greystar Management,Carmel Partners,Sacramento,20 - Antelope,Arbors at Antelope,3700 Navaho Drive,Antelope,CA,95843,540,MANAGE
Greystar Management,Greystar,Sacramento,20 - Antelope,Avana Vista Point,7740 Watt Avenue,Antelope,CA,95843,188,MANAGE
Greystar Management,St. Regis Properties,Sacramento,21 - Rocklin/Roseville,Montessa at Whitney Ranch,1150 Whitney Ranch Pkwy,Rocklin,CA,95765,171,MANAGE
Greystar Management,Van Daele Development,Sacramento,24 - Greater Folsom/El Dorado Hills/Shingle Springs,Atwell at Folsom Ranch,14481 Southpointe Drive,Folsom,CA,95630,278,MANAGE
Greystar Management,USA Properties Fund,Sacramento,24 - Greater Folsom/El Dorado Hills/Shingle Springs,Talavera,1550 Broadstone Pkwy,Folsom,CA,95630,293,MANAGE
Greystar Management,Benedict Canyon Equities,Sacramento,25 - Central Folsom/South Orangevale,"Hills, The",9201 Madison Avenue,Orangevale,CA,95662,254,MANAGE
Greystar Management,Klein Financial Corporation,Sacramento,31 - Arcade Village/Mission,Kensington Park,3644 Kings Way,Sacramento,CA,95821,301,MANAGE
Greystar Management,ColRich Multifamily,Sacramento,31 - Arcade Village/Mission,Westwood,4900 Marconi Avenue,Carmichael,CA,95608,182,MANAGE
Greystar Management,Prospect Ridge,Sacramento,33 - Bellview/Howe Edison,"Eisley, The",1567 Bartlett Lane,Sacramento,CA,95815,405,MANAGE
Greystar Management,Benedict Canyon Equities,Sacramento,41 - East Greenhaven/South Land Park,Sixty58 Townhomes,6058 Riverside Blvd,Sacramento,CA,95831,220,MANAGE
Greystar Management,Van Daele Development,Sacramento,47 - Outlying Placer County,Solstice at Fiddyment Ranch,2151 Prairie Town Way,Roseville,CA,95747,189,MANAGE
Greystar Management,Property Reserve,Salt Lake City,1 - Salt Lake City - Downtown,City Creek Landing,30 South Main Street,Salt Lake City,UT,84101,111,MANAGE
Greystar Management,Property Reserve,Salt Lake City,2 - Salt Lake City - East Central,Brigham,201 East South Temple,Salt Lake City,UT,84111,337,MANAGE
Greystar Management,Widewaters,Salt Lake City,2 - Salt Lake City - East Central,"DeWitt, The",352 South 500 East,Salt Lake City,UT,84102,149,MANAGE
Greystar Management,CBRE Investment Management,Salt Lake City,2 - Salt Lake City - East Central,"Essex, The",350 South 600 East,Salt Lake City,UT,84102,180,MANAGE
Greystar Management,Nearon Enterprises,Salt Lake City,2 - Salt Lake City - East Central,"Morton, The",245 South 200 East,Salt Lake City,UT,84111,137,MANAGE
Greystar Management,Woodbury Corporation,Salt Lake City,2 - Salt Lake City - East Central,"Source on South Temple, The",348 South Temple Street,Salt Lake City,UT,84111,182,MANAGE
Greystar Management,Oakmont Properties,Salt Lake City,3 - Salt Lake City - West Central,4th West,255 North 400 West,Salt Lake City,UT,84103,493,MANAGE
Greystar Management,Nearon Enterprises,Salt Lake City,3 - Salt Lake City - West Central,644 City Station,644 West North Temple,Salt Lake City,UT,84116,132,MANAGE
Greystar Management,Wood Partners,Salt Lake City,3 - Salt Lake City - West Central,Alta Stone at the Gateway,565 West 100 South,Salt Lake City,UT,84101,288,MANAGE
Greystar Management,Endeavor Real Estate Group,Salt Lake City,3 - Salt Lake City - West Central,Camber,320 North 490 West,Salt Lake City,UT,84103,422,MANAGE
Greystar Management,"Ritchie Group, The",Salt Lake City,3 - Salt Lake City - West Central,"Charles, The",111 South 300 West,Salt Lake City,UT,84101,240,MANAGE
Greystar Management,dbURBAN Communities,Salt Lake City,3 - Salt Lake City - West Central,CINQ,550 West 200 South,Salt Lake City,UT,84101,202,MANAGE
Greystar Management,Property Reserve,Salt Lake City,3 - Salt Lake City - West Central,Garden,200 North 200 West,Salt Lake City,UT,84103,194,MANAGE
Greystar Management,Oakmont Properties,Salt Lake City,3 - Salt Lake City - West Central,Hardware Village,455 West 200 North,Salt Lake City,UT,84103,453,MANAGE
Greystar Management,Lake Union Partners,Salt Lake City,3 - Salt Lake City - West Central,"Journeyman, The",634 South 400 West,Salt Lake City,UT,84101,184,MANAGE
Greystar Management,McWhinney,Salt Lake City,3 - Salt Lake City - West Central,Lattice,640 South West Temple Street,Salt Lake City,UT,84101,184,MANAGE
Greystar Management,dbURBAN Communities,Salt Lake City,3 - Salt Lake City - West Central,LUMA,205 South 500 West,Salt Lake City,UT,84101,206,MANAGE
Greystar Management,Goldrich & Kest,Salt Lake City,3 - Salt Lake City - West Central,Milagro,241 West 200 South,Salt Lake City,UT,84101,183,MANAGE
Greystar Management,SALT Development,Salt Lake City,3 - Salt Lake City - West Central,Salt Lake Crossing,470 West 200 North,Salt Lake City,UT,84103,300,MANAGE
Greystar Management,Property Reserve,Salt Lake City,3 - Salt Lake City - West Central,West Temple,185 North West Temple,Salt Lake City,UT,84103,94,MANAGE
Greystar Management,Summit Housing Group,Salt Lake City,6 - Salt Lake City - Ballpark,Ball Park,1380 South West Temple,Salt Lake City,UT,84115,62,MANAGE
Greystar Management,ColRich Multifamily,Salt Lake City,6 - Salt Lake City - Ballpark,Park Vue,1450 South West Temple,Salt Lake City,UT,84115,288,MANAGE
Greystar Management,Forum Real Estate Group,Salt Lake City,7 - Salt Lake City - West,"Gauge, The",111 North Cornell Street,Salt Lake City,UT,84116,296,MANAGE
Greystar Management,Lake Union Partners,Salt Lake City,7 - Salt Lake City - West,Meridian,30 North Orange Street,Salt Lake City,UT,84116,263,MANAGE
Greystar Management,Dakota Pacific,Salt Lake City,8 - South Salt Lake,Bowers,55 West Utopia Avenue,South Salt Lake,UT,84115,236,MANAGE
Greystar Management,Baron Equities,Salt Lake City,8 - South Salt Lake,Brixton,660 East Wilmington Avenue,Salt Lake City,UT,84106,166,MANAGE
Greystar Management,Castlewood Development,Salt Lake City,8 - South Salt Lake,Harmony 3900,3839 South West Temple,South Salt Lake City,UT,84115,285,MANAGE
Greystar Management,Mountain West Investment,Salt Lake City,8 - South Salt Lake,Hawthorne Townhomes,2852 South West Temple,Salt Lake City,UT,84115,218,MANAGE
Greystar Management,Bronstein Properties,Salt Lake City,8 - South Salt Lake,One Burton,1 West Burton Avenue,South Salt Lake,UT,84115,180,MANAGE
Greystar Management,Goldman Sachs & Company,Salt Lake City,8 - South Salt Lake,"Zeller, The",2255 South 300 East,South Salt Lake City,UT,84115,293,MANAGE
Greystar Management,Castle Creek Homes,Salt Lake City,9 - North Salt Lake - Bountiful,Mirella at Foxboro,790 North Cutler Drive,North Salt Lake,UT,84054,120,MANAGE
Greystar Management,Brunton Management Company,Salt Lake City,9 - North Salt Lake - Bountiful,"Pointe at Northridge, The",55 West Center Street,North Salt Lake,UT,84054,183,MANAGE
Greystar Management,"Boyer Company, The",Salt Lake City,10 - Millcreek,Millhaus,1350 Miller Avenue,Millcreek,UT,84106,217,MANAGE
Greystar Management,Bridger Development,Salt Lake City,11 - Holladay,Park East,1709 East Murray Holladay Road,Holladay,UT,84117,70,MANAGE
Greystar Management,IMH Companies,Salt Lake City,12 - Murray,"Focal, The",447 West 4800 South,Murray,UT,84123,371,MANAGE
Greystar Management,ColRich Multifamily,Salt Lake City,12 - Murray,Metro at Fireclay,4358 South Main Street,Murray,UT,84107,340,MANAGE
Greystar Management,ColRich Multifamily,Salt Lake City,12 - Murray,Riverbend,845 West 3900 South,Salt Lake City,UT,84123,200,MANAGE
Greystar Management,"Boyer Company, The",Salt Lake City,12 - Murray,"Wheeler, The",821 East Lawson Lane,Murray,UT,84107,109,MANAGE
Greystar Management,DAI,Salt Lake City,14 - West Valley City,H2O Lofts,2882 South Big Wave Drive,West Valley City,UT,84119,286,MANAGE
Greystar Management,Tom Stuart Construction,Salt Lake City,14 - West Valley City,"Opal, The",2600 West 3800 South,West Valley City,UT,84119,261,MANAGE
Greystar Management,Castle Creek Homes,Salt Lake City,14 - West Valley City,Pinnacle Highbury,5301 West White Horse Lane,West Valley City,UT,84120,290,MANAGE
Greystar Management,ColRich Multifamily,Salt Lake City,14 - West Valley City,Sandalwood,2606 South Anna Caroline Drive,West Valley City,UT,84128,278,MANAGE
Greystar Management,ColRich Multifamily,Salt Lake City,15 - West Jordan,Novi at Jordan Valley Station,3354 West Jordan Line Pkwy,West Jordan,UT,84088,270,MANAGE
Greystar Management,IDEAL Capital Group,Salt Lake City,15 - West Jordan,Upper West,3283 West Jordan Line Pkwy,West Jordan,UT,84088,207,MANAGE
Greystar Management,Castlewood Development,Salt Lake City,16 - South Jordan - Herriman,Aspira at Anthem,5341 West Anthem Park Blvd,Herriman,UT,84096,342,MANAGE
Greystar Management,DAI,Salt Lake City,16 - South Jordan - Herriman,Banner Hill,15542 Plentiful Way,Bluffdale,UT,84065,87,MANAGE
Greystar Management,ColRich Multifamily,Salt Lake City,16 - South Jordan - Herriman,Copperwood,5657 West 11840 South,Herriman,UT,84096,496,MANAGE
Greystar Management,ColRich Multifamily,Salt Lake City,16 - South Jordan - Herriman,"Emerson, The",5605 West Roe Deer Lane,Herriman,UT,84096,288,MANAGE
Greystar Management,Wright Homes,Salt Lake City,16 - South Jordan - Herriman,Hamilton Crossing,13545 South Hamilton View Road,Riverton,UT,84065,180,MANAGE
Greystar Management,DAI,Salt Lake City,16 - South Jordan - Herriman,Haven Dell,14997 South Still Harmony Way,Herriman,UT,84096,126,MANAGE
Greystar Management,Ridan,Salt Lake City,16 - South Jordan - Herriman,Incline at Anthem,11901 South Freedom Park Drive,Herriman,UT,84096,298,MANAGE
Greystar Management,Staker Company,Salt Lake City,16 - South Jordan - Herriman,Monarch Meadows,13469 Dragonfly Lane,Riverton,UT,84096,248,MANAGE
Greystar Management,Crescent Communities,Salt Lake City,16 - South Jordan - Herriman,NOVEL Daybreak,10678 South Lake Run Road,South Jordan,UT,84009,400,MANAGE
Greystar Management,DAI,Salt Lake City,16 - South Jordan - Herriman,Rise,936 West River Stone Way,South Jordan,UT,84095,154,MANAGE
Greystar Management,DAI,Salt Lake City,16 - South Jordan - Herriman,Rockwell Village,15236 Marksman Way,Bluffdale,UT,84065,60,MANAGE
Greystar Management,Property Reserve,Salt Lake City,16 - South Jordan - Herriman,Viviano at Riverton,13077 South Kruger Lane,Riverton,UT,84096,364,MANAGE
Greystar Management,Warmington Companies,Salt Lake City,18 - Sandy,Ascent Apartment Homes,1151 East 6720 South,Cottonwood Heights,UT,84121,160,MANAGE
Greystar Management,MetLife Real Estate Investment,Salt Lake City,18 - Sandy,"Calo, The",159 East Midvillage Blvd,Sandy,UT,84070,336,MANAGE
Greystar Management,Sussex Group,Salt Lake City,18 - Sandy,Canyon Centre Heights,7358 Canyon Centre Pkwy,Cottonwood Heights,UT,84121,140,MANAGE
Greystar Management,Ridan,Salt Lake City,18 - Sandy,Cottages on 7th,9206 South 700 East,Sandy,UT,84070,160,MANAGE
Greystar Management,DAI,Salt Lake City,18 - Sandy,"Orchard at Farnsworth Farms, The",11171 South Apple Cider Drive,Sandy,UT,84070,96,MANAGE
Greystar Management,ColRich Multifamily,Salt Lake City,18 - Sandy,Rockledge at Quarry Bend,903 East Cobblegate Drive,Sandy,UT,84094,416,MANAGE
Greystar Management,Wasatch Residential Group,Salt Lake City,19 - Draper,Anthology at Vista Station,277 West 13490 South,Draper,UT,84020,242,MANAGE
Greystar Management,Greystar,Salt Lake City,19 - Draper,"Ivy at Draper, The",14075 South Bangerter Pkwy,Draper,UT,84020,277,MANAGE
Greystar Management,Wasatch Residential Group,Salt Lake City,19 - Draper,Reveal,13601 South 600 West,Draper,UT,84020,174,MANAGE
Greystar Management,Wasatch Residential Group,Salt Lake City,19 - Draper,Reveal Phase II,13601 South 600 West,Draper,UT,84020,70,MANAGE
Greystar Management,DAI,Salt Lake City,21 - Lehi,Calypso,1316 West Calypso Lane,Saratoga Springs,UT,84045,218,MANAGE
Greystar Management,"Boyer Company, The",Salt Lake City,21 - Lehi,Drexler Townhomes at Holbrook,2790 North Segundo Drive,Lehi,UT,84043,117,MANAGE
Greystar Management,"Boyer Company, The",Salt Lake City,21 - Lehi,Embold,2377 North 1200 West,Lehi,UT,84043,232,MANAGE
Greystar Management,Brown Development,Salt Lake City,21 - Lehi,Millpond,79 North 1020 West Street,American Fork,UT,84003,214,MANAGE
Greystar Management,SALT Development,Salt Lake City,21 - Lehi,Sanctuary,2777 West Sandalwood Drive,Lehi,UT,84043,519,MANAGE
Greystar Management,Riverbend Development,Salt Lake City,21 - Lehi,Terra Vista,3851 North Traverse Mountain Blvd,Lehi,UT,84043,317,MANAGE
Greystar Management,"Tillotson, David",Salt Lake City,21 - Lehi,Trailside Townhomes,2256 East Ikon Drive,Draper,UT,84020,149,MANAGE
Greystar Management,Property Reserve,Salt Lake City,21 - Lehi,Viviano at Saratoga Springs,485 Pony Express Pkwy,Saratoga Springs,UT,84045,298,MANAGE
Greystar Management,DAI,Salt Lake City,22 - Pleasant Grove,Fossil Cove,1010 Ice Age Drive,Pleasant Grove,UT,84062,149,MANAGE
Greystar Management,Woodbury Corporation,Salt Lake City,23 - Orem,120 & 220 Bend,800 North Main Street,Vineyard,UT,84059,453,MANAGE
Greystar Management,Wright Development Group,Salt Lake City,30 - Layton,Altitude,1375 East Jaques Drive,Layton,UT,84040,234,MANAGE
Greystar Management,Castle Creek Homes,Salt Lake City,30 - Layton,Avanti at Farmington Station,736 West State Street,Farmington,UT,84025,142,MANAGE
Greystar Management,Covey Regional Management,Salt Lake City,30 - Layton,Park Lane Village,500 North Broadway,Farmington,UT,84025,324,MANAGE
Greystar Management,Castle Creek Homes,Salt Lake City,30 - Layton,Villas on Main,1475 North Main Street,Layton,UT,84041,166,MANAGE
Greystar Management,Castle Creek Homes,Salt Lake City,31 - Ogden,Bravada 193,1902 East 700 South,Clearfield,UT,84015,328,MANAGE
Greystar Management,Castle Creek Homes,Salt Lake City,31 - Ogden,Bria,3330 West 4000 South,West Haven,UT,84401,268,MANAGE
Greystar Management,Warmington Companies,Salt Lake City,31 - Ogden,Cadence,5000 South 1900 West,Roy,UT,84067,100,MANAGE
Greystar Management,Property Reserve,Salt Lake City,31 - Ogden,Colonial Court,2155 Grant Avenue,Ogden,UT,84401,294,MANAGE
Greystar Management,DAI,Salt Lake City,31 - Ogden,Enduro,1800 East Canyon Road,Ogden,UT,84404,160,MANAGE
Greystar Management,Wright Development Group,Salt Lake City,31 - Ogden,"Heights at Legend Hills, The",1300 South 1800 East,Clearfield,UT,84015,228,MANAGE
Greystar Management,Cowley Real Estate Partners,Salt Lake City,31 - Ogden,Lakeside,375 South State Street,Clearfield,UT,84015,299,MANAGE
Greystar Management,Castle Creek Homes,Salt Lake City,31 - Ogden,One West,2112 West 3330 South,West Haven,UT,84401,216,MANAGE
Greystar Management,Castle Lanterra Properties,San Antonio,1 - Southtown/King William,Agave,633 South St Mary's Street,San Antonio,TX,78205,349,MANAGE
Greystar Management,Athena Domain,San Antonio,1 - Southtown/King William,Art House,215 East Cevallos Street,San Antonio,TX,78204,292,MANAGE
Greystar Management,Ares Management,San Antonio,1 - Southtown/King William,Inspire Downtown,100 North Santa Rosa Avenue,San Antonio,TX,78207,247,MANAGE
Greystar Management,Pavilion Construction,San Antonio,3 - Southwest Research Institute,Sunstone,5606 Culebra Road,San Antonio,TX,78228,199,MANAGE
Greystar Management,Intercontinental Real Estate,San Antonio,7 - Terrell Hills,Artessa at Quarry Village,300 East Basse Road,San Antonio,TX,78209,280,MANAGE
Greystar Management,Encore Enterprises,San Antonio,7 - Terrell Hills,Encore Grayson,1203 Austin Street,San Antonio,TX,78208,386,MANAGE
Greystar Management,Pegasus Real Estate,San Antonio,7 - Terrell Hills,NOAH,384 Treeline Park,San Antonio,TX,78209,224,MANAGE
Greystar Management,Related Companies,San Antonio,7 - Terrell Hills,"Quarry Alamo Heights, The",340 Treeline Park,San Antonio,TX,78209,306,MANAGE
Greystar Management,Rosewood Property Company,San Antonio,7 - Terrell Hills,"Tobin Estate Phase II, The",3310 Oakwell Court,San Antonio,TX,78218,311,MANAGE
Greystar Management,Rosewood Property Company,San Antonio,7 - Terrell Hills,"Tobin Estate Phase III, The",3310 Oakwell Court,San Antonio,TX,78218,359,MANAGE
Greystar Management,Rosewood Property Company,San Antonio,7 - Terrell Hills,"Tobin Estate, The",3310 Oakwell Court,San Antonio,TX,78218,286,MANAGE
Greystar Management,Preston Hollow Capital,San Antonio,10 - Southeast Side,Los Cielos at Brooks,7722 Calle Coyote,San Antonio,TX,78235,488,MANAGE
Greystar Management,Harvest Equities,San Antonio,15 - Oak Hills Country Club,Fountainhead,4400 Horizon Hill Blvd,San Antonio,TX,78229,688,MANAGE
Greystar Management,CBRE Investment Management,San Antonio,15 - Oak Hills Country Club,Preston Peak,4114 Medical Drive,San Antonio,TX,78229,596,MANAGE
Greystar Management,AHV Communities,San Antonio,15 - Oak Hills Country Club,"Sterling at Oak Hills, The",7714 Louis Pasteur Drive,San Antonio,TX,78229,330,MANAGE
Greystar Management,Marble Capital,San Antonio,16 - Oakland Estates,Alamo Residences at Spurs Lane,2 Spurs Lane,San Antonio,TX,78240,120,MANAGE
Greystar Management,Harvest Equities,San Antonio,16 - Oakland Estates,Broadstone on Medical,4900 Medical Drive,San Antonio,TX,78229,384,MANAGE
Greystar Management,AHV Communities,San Antonio,16 - Oakland Estates,Frame Med Center,8642 Oakland Road,San Antonio,TX,78240,174,MANAGE
Greystar Management,Latitude Management Real Estate Holdings,San Antonio,18 - Robards,Parc at Wall Street,11700 Wall Street,San Antonio,TX,78230,232,MANAGE
Greystar Management,Harvest Equities,San Antonio,18 - Robards,Woods of Elm Creek,11707 Vance Jackson Road,San Antonio,TX,78230,185,MANAGE
Greystar Management,Casey Development,San Antonio,21 - Longhorn,Tacara at Crosswinds,11411 Crosswinds Way,San Antonio,TX,78233,303,MANAGE
Greystar Management,Tradewind Properties,San Antonio,21 - Longhorn,"Upton at Longhorn Quarry, The",4906 Wurzbach Pkwy,San Antonio,TX,78233,306,MANAGE
Greystar Management,Harvest Equities,San Antonio,22 - Windcrest,Stone Chase,7914 Ray Bon Drive,San Antonio,TX,78218,184,MANAGE
Greystar Management,Cambridge Development,San Antonio,24 - Far West Side,Citadel Urban,503 Richland Hills Drive,San Antonio,TX,78245,181,MANAGE
Greystar Management,Dalian Development,San Antonio,24 - Far West Side,Dalian 151,10018 Ingram Road,San Antonio,TX,78245,360,MANAGE
Greystar Management,Dalian Development,San Antonio,24 - Far West Side,Dalian Monterrey Village,10102 Ingram Road,San Antonio,TX,78245,360,MANAGE
Greystar Management,Alliance Residential Company,San Antonio,24 - Far West Side,Prose Vista West,9311 Vista West Drive,San Antonio,TX,78245,348,MANAGE
Greystar Management,Alliance Residential Company,San Antonio,24 - Far West Side,Prose Westover Hills,9219 Vista West Drive,San Antonio,TX,78245,336,MANAGE
Greystar Management,Wood Partners,San Antonio,25 - Leon Valley - west,Alta Westover Hills,10718 State Highway 151,San Antonio,TX,78251,312,MANAGE
Greystar Management,"Gill, Gary G.",San Antonio,26 - Northwest Side,Boardwalk Research,5503 Research,San Antonio,TX,78240,294,MANAGE
Greystar Management,AHV Communities,San Antonio,26 - Northwest Side,Farm Haus,8150 West Hausman Road,San Antonio,TX,78249,142,MANAGE
Greystar Management,Taylor Morrison,San Antonio,26 - Northwest Side,Vickery Grove,11518 Dakota Sky,San Antonio,TX,78249,82,MANAGE
Greystar Management,Velocis,San Antonio,27 - University of Texas at San Antonio,"Highline, The",5655 UTSA Blvd,San Antonio,TX,78249,208,MANAGE
Greystar Management,Casey Development,San Antonio,27 - University of Texas at San Antonio,Tacara at Steubing Heights,12807 JV Bacon Pkwy,San Antonio,TX,78249,293,MANAGE
Greystar Management,OHT Partners,San Antonio,28 - Shavano Park,Lenox Grandview,15506 Interplace Road,San Antonio,TX,78249,323,MANAGE
Greystar Management,Alliance Residential Company,San Antonio,28 - Shavano Park,Prose North West,15323 Vance Jackson Road,San Antonio,TX,78249,360,MANAGE
Greystar Management,ColRich Multifamily,San Antonio,28 - Shavano Park,San Miguel,5202 Texana Drive,San Antonio,TX,78249,330,MANAGE
Greystar Management,Ares Management,San Antonio,28 - Shavano Park,Savannah Oaks Apartment Homes,14614 Vance Jackson Road,San Antonio,TX,78249,332,MANAGE
Greystar Management,Koontz Corporation,San Antonio,28 - Shavano Park,"Savoy, The",12631 Vance Jackson Road,San Antonio,TX,78230,300,MANAGE
Greystar Management,Rosewood Property Company,San Antonio,28 - Shavano Park,Ventura Ridge,5602 Presidio Pkwy,San Antonio,TX,78249,482,MANAGE
Greystar Management,Harvest Equities,San Antonio,29 - Hill Country Village,Landera,13400 Blanco Road,San Antonio,TX,78216,184,MANAGE
Greystar Management,Harvest Equities,San Antonio,29 - Hill Country Village,Seraphina Castle Hills,11800 Braesview,San Antonio,TX,78213,680,MANAGE
Greystar Management,Benefit Street Partners,San Antonio,29 - Hill Country Village,Summit at Salado Creek,12727 Vista Del Norte,San Antonio,TX,78216,352,MANAGE
Greystar Management,Wood Partners,San Antonio,31 - Hollywood Park/Welmore,Alta Rolling Oaks,6710 North Loop 1604 East,San Antonio,TX,78247,366,MANAGE
Greystar Management,AHV Communities,San Antonio,31 - Hollywood Park/Welmore,Altura,13003 Toepperwein Road,San Antonio,TX,78233,316,MANAGE
Greystar Management,Harvest Equities,San Antonio,31 - Hollywood Park/Welmore,Judson Pointe,5126 North Loop 1604 East,San Antonio,TX,78247,288,MANAGE
Greystar Management,"Zylstra, Paul",San Antonio,31 - Hollywood Park/Welmore,"Roots at O'Connor, The",5002 North Loop 1604 East,San Antonio,TX,78247,288,MANAGE
Greystar Management,Terrence J. Rose,San Antonio,33 - Helotes,Azure City Living,14030 FM 1560,San Antonio,TX,78023,240,MANAGE
Greystar Management,ColRich Multifamily,San Antonio,33 - Helotes,Laurel Canyon,10809 Westwood Loop,San Antonio,TX,78254,356,MANAGE
Greystar Management,Bristol Group,San Antonio,33 - Helotes,Pradera,11631 Culebra Road,San Antonio,TX,78254,250,MANAGE
Greystar Management,Alliance Residential Company,San Antonio,33 - Helotes,Prose on the Range,10835 West Loop 1604 North,San Antonio,TX,78254,384,MANAGE
Greystar Management,Criterion Development,San Antonio,34 - Beckmann,"Cortesin at Eilan, The",18111 La Cantera Terrace,San Antonio,TX,78256,293,MANAGE
Greystar Management,Abacus Capital Group,San Antonio,34 - Beckmann,"Overlook at the Rim, The",19035 Talavera Ridge,San Antonio,TX,78257,298,MANAGE
Greystar Management,PASSCO Real Estate,San Antonio,34 - Beckmann,Tribute at the Rim,5810 Worth Pkwy,San Antonio,TX,78257,380,MANAGE
Greystar Management,"Ehrlich, Lisa",San Antonio,35 - Far North Side,Agora Stone Oak,1207 Agora Palms Drive,San Antonio,TX,78258,312,MANAGE
Greystar Management,"Milestone Group, The",San Antonio,35 - Far North Side,Archer Stone Canyon,21302 Encino Commons,San Antonio,TX,78259,228,MANAGE
Greystar Management,Inland Group,San Antonio,35 - Far North Side,Citadel at Lookout,15453 Lookout Road,Selma,TX,78154,303,MANAGE
Greystar Management,PGIM Real Estate,San Antonio,35 - Far North Side,Overture Stone Oak,18610 Tuscany Stone,San Antonio,TX,78258,143,MANAGE
Greystar Management,GenCap Partners,San Antonio,35 - Far North Side,Park at Stone Oak,20727 Stone Oak Pkwy,San Antonio,TX,78258,332,MANAGE
Greystar Management,Ilan Investments,San Antonio,35 - Far North Side,"Ravinia, The",19500 US Hwy 281 North,San Antonio,TX,78258,258,MANAGE
Greystar Management,Blaze Capital Partners,San Antonio,35 - Far North Side,Sage Stone Oak,21914 Hardy Oak Blvd,San Antonio,TX,78258,150,MANAGE
Greystar Management,Abacus Capital Group,San Antonio,35 - Far North Side,Sendero Ridge,2424 Gold Canyon Drive,San Antonio,TX,78259,384,MANAGE
Greystar Management,PASSCO Real Estate,San Antonio,35 - Far North Side,TruNorth at Bulverde,17715 Overlook Loop,San Antonio,TX,78259,338,MANAGE
Greystar Management,PASSCO Real Estate,San Antonio,35 - Far North Side,Vecina Apartment Villas,20915 Wilderness Oak,San Antonio,TX,78258,297,MANAGE
Greystar Management,Quarry Capital,San Antonio,35 - Far North Side,"View at TPC, The",4092 TPC Pkwy,San Antonio,TX,78261,416,MANAGE
Greystar Management,Ares Management,San Antonio,35 - Far North Side,Wiregrass at Stone Oak,20303 Stone Oak Pkwy,San Antonio,TX,78258,308,MANAGE
Greystar Management,Terrence J. Rose,San Antonio,39 - New Braunfels,Braunfels Place,1231 Huisache Avenue,New Braunfels,TX,78130,120,MANAGE
Greystar Management,MNO Partners,San Antonio,39 - New Braunfels,Gateway to Gruene,2445 East Common Street,New Braunfels,TX,78130,227,MANAGE
Greystar Management,PASSCO Real Estate,San Antonio,39 - New Braunfels,Lakeview Villas,2090 Sundance Pkwy,New Braunfels,TX,78130,313,MANAGE
Greystar Management,Imprint Property Group,San Antonio,39 - New Braunfels,Larkspur at Creekside,2825 Sophie Lane,New Braunfels,TX,78130,184,MANAGE
Greystar Management,Alliance Residential Company,San Antonio,39 - New Braunfels,Prose Evergreen,216 South Kowald Lane,New Braunfels,TX,78130,378,MANAGE
Greystar Management,Casey Development,San Antonio,39 - New Braunfels,Tacara at Gruene,2025 Hunter Road,New Braunfels,TX,78132,300,MANAGE
Greystar Management,"Zylstra, Paul",San Antonio,39 - New Braunfels,Tacara Westpointe Village,2215 Independence Drive,New Braunfels,TX,78132,239,MANAGE
Greystar Management,D.R. Horton,San Antonio,43 - Northwest Bexar County,Ascend on Potranco,14690 Potranco Road,San Antonio,TX,78253,226,MANAGE
Greystar Management,Abacus Capital Group,San Antonio,43 - Northwest Bexar County,Napa Oaks,8965 Napa Landing,Boerne,TX,78015,300,MANAGE
Greystar Management,Western Management,San Antonio,43 - Northwest Bexar County,Rustico at Fair Oaks,27595 Interstate 10W,Boerne,TX,78006,292,MANAGE
Greystar Management,Casey Development,San Antonio,43 - Northwest Bexar County,Tacara at Dove Creek,189 Empresario Drive,San Antonio,TX,78245,321,MANAGE
Greystar Management,Alliance Residential Company,San Antonio,44 - Outlying Comal County,New Braunfels Heights,128 Lonesome Quail,New Braunfels,TX,78130,390,MANAGE
Greystar Management,Rockpoint Group,San Diego,1 - Central San Diego,2911 Adams,2911 Adams Avenue,San Diego,CA,92116,72,MANAGE
Greystar Management,Greystar,San Diego,1 - Central San Diego,525 Olive,525 Olive Street,San Diego,CA,92103,204,MANAGE
Greystar Management,Cain International,San Diego,1 - Central San Diego,625 Broadway,625 Broadway,San Diego,CA,92101,231,MANAGE
Greystar Management,Greystar,San Diego,1 - Central San Diego,Ancora,110 Beech Street,San Diego,CA,92101,220,MANAGE
Greystar Management,R&V Management,San Diego,1 - Central San Diego,AV8,2155 Kettner Blvd,San Diego,CA,92101,129,MANAGE
Greystar Management,Floit Properties,San Diego,1 - Central San Diego,Azul North Park,4499 Ohio Street,San Diego,CA,92116,150,MANAGE
Greystar Management,Ibex Limited,San Diego,1 - Central San Diego,Cielo Little Italy,915 West Grape Street,San Diego,CA,92101,70,MANAGE
Greystar Management,"Hess, Lawrence E.",San Diego,1 - Central San Diego,City View,840 17th Street,San Diego,CA,92101,122,MANAGE
Greystar Management,Carmel Partners,San Diego,1 - Central San Diego,Denizen,3840 6th Avenue,San Diego,CA,92103,151,MANAGE
Greystar Management,Bosa Development,San Diego,1 - Central San Diego,Diega,702 Broadway,San Diego,CA,92101,617,MANAGE
Greystar Management,Boardwalk Investments Group,San Diego,1 - Central San Diego,Eighteen Ten State St.,1810 State Street,San Diego,CA,92101,99,MANAGE
Greystar Management,AHDC,San Diego,1 - Central San Diego,Entrada,453 13th Street,San Diego,CA,92101,172,MANAGE
Greystar Management,"Green Cities Company, The",San Diego,1 - Central San Diego,Gema,1471 8th Avenue,San Diego,CA,92101,230,MANAGE
Greystar Management,"Hanover Company, The",San Diego,1 - Central San Diego,Hanover Little Italy,310 A Street,San Diego,CA,92101,270,MANAGE
Greystar Management,"Richman Group, The",San Diego,1 - Central San Diego,K1,330 13th Street,San Diego,CA,92101,222,MANAGE
Greystar Management,Greystar,San Diego,1 - Central San Diego,Mode Hillcrest,635 Robinson Avenue,San Diego,CA,92103,111,MANAGE
Greystar Management,Floit Properties,San Diego,1 - Central San Diego,Park Summit,6th Avenue & Upas Street,San Diego,CA,92103,241,MANAGE
Greystar Management,Carmel Partners,San Diego,1 - Central San Diego,Rowyn,3775 6th Avenue,San Diego,CA,92103,435,MANAGE
Greystar Management,Foulger-Pratt,San Diego,1 - Central San Diego,Tenney North Park,2260 El Cajon Blvd,San Diego,CA,92104,125,MANAGE
Greystar Management,Lowe Enterprises,San Diego,1 - Central San Diego,Tenth&G,707 10th Avenue,San Diego,CA,92101,207,MANAGE
Greystar Management,TA Realty,San Diego,1 - Central San Diego,Valentina by Alta,1919 Pacific Hwy,San Diego,CA,92101,110,MANAGE
Greystar Management,R&V Management,San Diego,1 - Central San Diego,"Wyatt Makers Quarter, The",1509 Broadway,San Diego,CA,92101,368,MANAGE
Greystar Management,LaSalle Investment Management,San Diego,2 - Peninsula,Dylan Point Loma,2930 Barnard Street,San Diego,CA,92110,180,MANAGE
Greystar Management,Impact Housing,San Diego,6 - Mid-City,64 Forty,6440 El Cajon Blvd,San Diego,CA,92115,324,MANAGE
Greystar Management,Trammell Crow Residential,San Diego,7 - Kearny Mesa,Alexan Camellia,4888 Convoy Street,San Diego,CA,92111,531,MANAGE
Greystar Management,R&V Management,San Diego,7 - Kearny Mesa,Alexan Gallerie,375 Camino De La Reina,San Diego,CA,92108,284,MANAGE
Greystar Management,Sunroad Enterprises,San Diego,7 - Kearny Mesa,Ariva,4855 Ariva Way,San Diego,CA,92123,253,MANAGE
Greystar Management,R&V Management,San Diego,7 - Kearny Mesa,Metro Mission Valley,5080 Camino Del Arroyo,San Diego,CA,92108,305,MANAGE
Greystar Management,R&V Management,San Diego,7 - Kearny Mesa,"Missions at Rio Vista, The",2242 Gill Village Way,San Diego,CA,92108,395,MANAGE
Greystar Management,Sunroad Enterprises,San Diego,7 - Kearny Mesa,Vive Luxe,4890 Sunroad Centrum Lane,San Diego,CA,92123,442,MANAGE
Greystar Management,Sunroad Enterprises,San Diego,7 - Kearny Mesa,Vive on the Park,8725 Ariva Court,San Diego,CA,92123,550,MANAGE
Greystar Management,Raintree Partners,San Diego,9 - University,Axiom La Jolla,3950 Mahaila Avenue,San Diego,CA,92122,302,MANAGE
Greystar Management,Westfield,San Diego,9 - University,Palisade at Westfield UTC,8800 Lombard Place,San Diego,CA,92122,300,MANAGE
Greystar Management,Nuveen Real Estate,San Diego,9 - University,Regents Court,8465 Regents Road,San Diego,CA,92122,251,MANAGE
Greystar Management,Raintree Partners,San Diego,9 - University,Regents La Jolla,9253 Regents Road,La Jolla,CA,92037,333,MANAGE
Greystar Management,R&V Management,San Diego,9 - University,Village Square,8683 Via Mallorca,La Jolla,CA,92037,116,MANAGE
Greystar Management,R&V Management,San Diego,10 - Del Mar,Altura,11921 Carmel Creek Road,San Diego,CA,92130,181,MANAGE
Greystar Management,R&V Management,San Diego,10 - Del Mar,Avino,5040 Camino San Fermin,San Diego,CA,92130,279,MANAGE
Greystar Management,Property Reserve,San Diego,10 - Del Mar,Folia,12520 Camino Del Sur,San Diego,CA,92129,342,MANAGE
Greystar Management,R&V Management,San Diego,10 - Del Mar,Ocean Air,10500 Sea Pearl Cove,San Diego,CA,92130,100,MANAGE
Greystar Management,Kilroy Realty,San Diego,10 - Del Mar,One Paseo Living,3200 Paseo Village Way,San Diego,CA,92130,608,MANAGE
Greystar Management,PGIM Real Estate,San Diego,10 - Del Mar,Signature Point,13006 Signature Point,San Diego,CA,92130,262,MANAGE
Greystar Management,R&V Management,San Diego,10 - Del Mar,Sola at Pacific Highlands Ranch,13385 Highlands Place,San Diego,CA,92130,252,MANAGE
Greystar Management,R&V Management,San Diego,11 - Mira Mesa,"Casas, The",10802 Camino Ruiz,San Diego,CA,92126,388,MANAGE
Greystar Management,R&V Management,San Diego,11 - Mira Mesa,Legacy,9320 Hillery Drive,San Diego,CA,92126,412,MANAGE
Greystar Management,BlackRock,San Diego,12 - North San Diego,Jefferson at Carmel Mountain Ranch,11832 Stoney Peak Drive,San Diego,CA,92128,277,MANAGE
Greystar Management,LaSalle Investment Management,San Diego,12 - North San Diego,Overlook at Bernardo Heights,15909 Avenida Venusto,San Diego,CA,92128,330,MANAGE
Greystar Management,ColRich Multifamily,San Diego,14 - Elliot - Navajo,Ascent at Campus of Life,9889 Graduate Driveway,San Diego,CA,92131,84,MANAGE
Greystar Management,ColRich Multifamily,San Diego,14 - Elliot - Navajo,Ascent at Campus of Life Phase II,9889 Graduate Driveway,San Diego,CA,92131,104,MANAGE
Greystar Management,RedHill Realty Investors,San Diego,14 - Elliot - Navajo,Gravity,4560 Mission Gorge Place,San Diego,CA,92120,325,MANAGE
Greystar Management,R&V Management,San Diego,14 - Elliot - Navajo,Navajo Bluffs,6575 Jaffe Court,San Diego,CA,92119,210,MANAGE
Greystar Management,Greystar,San Diego,14 - Elliot - Navajo,Union Grantville,4520 Alvarado Canyon Road,San Diego,CA,92120,250,MANAGE
Greystar Management,Greystar,San Diego,14 - Elliot - Navajo,Verge,6850 Mission Gorge Road,San Diego,CA,92120,444,MANAGE
Greystar Management,R&V Management,San Diego,14 - Elliot - Navajo,Vora Lux,4360 Twain Avenue,San Diego,CA,92120,100,MANAGE
Greystar Management,R&V Management,San Diego,14 - Elliot - Navajo,Vora Mission Valley East,4440 Twain Avenue,San Diego,CA,92120,374,MANAGE
Greystar Management,R&V Management,San Diego,14 - Elliot - Navajo,Vora Mission Valley West,6161 Fairmount Avenue,San Diego,CA,92120,383,MANAGE
Greystar Management,Homefed Corporation,San Diego,15 - Sweetwater,Artisan at the Village of Escaya,1151 Encanto Loop,Chula Vista,CA,91913,220,MANAGE
Greystar Management,Barings,San Diego,15 - Sweetwater,Boardwalk at Millenia,1660 Metro Avenue,Chula Vista,CA,91915,309,MANAGE
Greystar Management,Homefed Corporation,San Diego,15 - Sweetwater,Luminary at Cota Vera,6000 Luminary Drive,Chula Vista,CA,91913,267,MANAGE
Greystar Management,R&V Management,San Diego,15 - Sweetwater,Missions at Sunbow,825 East Palomar Street,Chula Vista,CA,91911,336,MANAGE
Greystar Management,Homefed Corporation,San Diego,15 - Sweetwater,"Residences at Cota Vera, The",1575 Camino Altezza,Chula Vista,CA,91913,280,MANAGE
Greystar Management,R&V Management,San Diego,15 - Sweetwater,Rivue,1902 Millenia Avenue,Chula Vista,CA,91915,253,MANAGE
Greystar Management,"Markley, John G.",San Diego,15 - Sweetwater,Rolling Hills Gardens,2290 Mackenzie Creek Road,Chula Vista,CA,91914,116,MANAGE
Greystar Management,R&V Management,San Diego,15 - Sweetwater,Rosina Vista,1551 Summerland Street,Chula Vista,CA,91913,278,MANAGE
Greystar Management,R&V Management,San Diego,15 - Sweetwater,Salerno,1630 Paseo Monti,Chula Vista,CA,91913,97,MANAGE
Greystar Management,Homefed Corporation,San Diego,15 - Sweetwater,Stirling at Cota Vera,2045 Paseo Belluno,Chula Vista,CA,91913,272,MANAGE
Greystar Management,R&V Management,San Diego,15 - Sweetwater,Sunbow Villas,750 Paso De Luz,Chula Vista,CA,91911,156,MANAGE
Greystar Management,R&V Management,San Diego,15 - Sweetwater,Tavera,1465 Santa Victoria Road,Chula Vista,CA,91913,187,MANAGE
Greystar Management,Nuveen Real Estate,San Diego,15 - Sweetwater,Teresina,1250 Santa Cora Avenue,Chula Vista,CA,91913,440,MANAGE
Greystar Management,R&V Management,San Diego,15 - Sweetwater,Terra Vista at Otay Ranch,1441 Santa Lucia Road,Chula Vista,CA,91913,153,MANAGE
Greystar Management,Floit Properties,San Diego,16 - Chula Vista,Palmera,1225 Broadway,Chula Vista,CA,91911,154,MANAGE
Greystar Management,AAA Management,San Diego,16 - Chula Vista,Sereno,930 3rd Avenue,Chula Vista,CA,91911,120,MANAGE
Greystar Management,R&V Management,San Diego,17 - South Bay,Casoleil,1100 Dennery Road,San Diego,CA,92154,346,MANAGE
Greystar Management,R&V Management,San Diego,17 - South Bay,Greenfield Village,5540 Ocean Gate Lane,San Diego,CA,92154,644,MANAGE
Greystar Management,ColRich Multifamily,San Diego,17 - South Bay,Ironwood Epoca,2240 Ironwood Circle,San Diego,CA,92154,160,MANAGE
Greystar Management,R&V Management,San Diego,17 - South Bay,"Landing at Ocean View Hills, The",455 Dennery Road,San Diego,CA,92154,216,MANAGE
Greystar Management,ColRich Multifamily,San Diego,17 - South Bay,Mason Epoca,2451 Mason Drive,San Diego,CA,92154,130,MANAGE
Greystar Management,"Hess, Lawrence E.",San Diego,17 - South Bay,Ocean Breeze,561 West San Ysidro Blvd,San Ysidro,CA,92173,223,MANAGE
Greystar Management,R&V Management,San Diego,17 - South Bay,RiverEdge Terrace,4805 Wind Surf Way,San Diego,CA,92154,414,MANAGE
Greystar Management,ColRich Multifamily,San Diego,17 - South Bay,Silo at Epoca,7231 Colchester Court,San Diego,CA,92154,160,MANAGE
Greystar Management,ColRich Multifamily,San Diego,17 - South Bay,Silo at Epoca Phase II,7231 Colchester Court,San Diego,CA,92154,192,MANAGE
Greystar Management,Floit Properties,San Diego,18 - Spring Valley,Jackson Pointe 111,2493 Pointe Pkwy,Spring Valley,CA,91977,111,MANAGE
Greystar Management,Floit Properties,San Diego,18 - Spring Valley,Lakeview 88,2758 Lake Pointe Drive,Spring Valley,CA,91977,88,MANAGE
Greystar Management,R&V Management,San Diego,18 - Spring Valley,Park Pointe,2450 Hilton Head Place,El Cajon,CA,92019,676,MANAGE
Greystar Management,R&V Management,San Diego,20 - La Mesa,Adagio,5427 Lake Murray Blvd,La Mesa,CA,91942,165,MANAGE
Greystar Management,R&V Management,San Diego,20 - La Mesa,Array La Mesa,4949 Baltimore Drive,La Mesa,CA,91942,230,MANAGE
Greystar Management,R&V Management,San Diego,20 - La Mesa,Central Park,5636 Amaya Drive,La Mesa,CA,91942,139,MANAGE
Greystar Management,TruAmerica Multifamily,San Diego,20 - La Mesa,"District, The",8727 Fletcher Pkwy,La Mesa,CA,91942,527,MANAGE
Greystar Management,R&V Management,San Diego,20 - La Mesa,Seta,7346 Parkway Drive,La Mesa,CA,91942,198,MANAGE
Greystar Management,R&V Management,San Diego,22 - Santee,Parc One,320 Town Center Pkwy,Santee,CA,92071,172,MANAGE
Greystar Management,R&V Management,San Diego,22 - Santee,Santee Villas,10445 Mast Blvd,Santee,CA,92071,256,MANAGE
Greystar Management,Wermers Properties,San Diego,26 - San Dieguito,Triton Encinitas,1967 North Vulcan Avenue,Encinitas,CA,92024,72,MANAGE
Greystar Management,R&V Management,San Diego,27 - Carlsbad,Ascend2300,2300 Rising Glen Way,Carlsbad,CA,92008,195,MANAGE
Greystar Management,Raintree Partners,San Diego,27 - Carlsbad,Flower Fields,2666 Flower Fields Way,Carlsbad,CA,92010,132,MANAGE
Greystar Management,Wermers Properties,San Diego,27 - Carlsbad,"Lofts at Carlsbad Village, The",1040 Carlsbad Village Drive,Carlsbad,CA,92008,106,MANAGE
Greystar Management,R&V Management,San Diego,27 - Carlsbad,Lucia at Aviara,1205 Aviara Pkwy,Carlsbad,CA,92011,259,MANAGE
Greystar Management,Wood Partners,San Diego,28 - Oceanside,Alta O'side,1001 North Coast Hwy,Oceanside,CA,92054,309,MANAGE
Greystar Management,R&V Management,San Diego,28 - Oceanside,Bella Terra,365 Pomelo Drive,Vista,CA,92081,460,MANAGE
Greystar Management,GF Properties Group,San Diego,28 - Oceanside,Pierside North,250 Mission Avenue,Oceanside,CA,92054,66,MANAGE
Greystar Management,GF Properties Group,San Diego,28 - Oceanside,Pierside South,115 North Cleveland Street,Oceanside,CA,92054,110,MANAGE
Greystar Management,TruAmerica Multifamily,San Diego,28 - Oceanside,Presidio at Rancho Del Oro,4401 Mission Avenue,Oceanside,CA,92057,264,MANAGE
Greystar Management,R&V Management,San Diego,28 - Oceanside,Softwind Point,881 Soft Wind Road,Vista,CA,92081,260,MANAGE
Greystar Management,MIG Real Estate,San Diego,28 - Oceanside,Stone Arbor,612 Los Arbolitos Blvd,Oceanside,CA,92058,88,MANAGE
Greystar Management,Sea Breeze Properties,San Diego,29 - Escondido,222 North City,222 North City Drive,San Marcos,CA,92078,458,MANAGE
Greystar Management,Waterford Property Company,San Diego,29 - Escondido,Alcove,650 North Centre City Pkwy,Escondido,CA,92025,112,MANAGE
Greystar Management,R&V Management,San Diego,29 - Escondido,Altair,1361 West 9th Avenue,Escondido,CA,92029,264,MANAGE
Greystar Management,Waterford Property Company,San Diego,29 - Escondido,Haven76,2414 South Escondido Blvd,Escondido,CA,92025,76,MANAGE
Greystar Management,California Municipal Finance Authority,San Diego,29 - Escondido,Latitude33,515 Meander Glen,Escondido,CA,92025,198,MANAGE
Greystar Management,Greystar,San Diego,29 - Escondido,Marlowe Palomar Heights,101 Chamomile Glen,Escondido,CA,92025,420,MANAGE
Greystar Management,Waterford Property Company,San Diego,29 - Escondido,Rowan,700 West Grand Avenue,Escondido,CA,92025,126,MANAGE
Greystar Management,California Municipal Finance Authority,San Diego,29 - Escondido,Solana at Grand,1501 East Grand Avenue,Escondido,CA,92027,519,MANAGE
Greystar Management,ColRich Multifamily,San Diego,30 - San Marcos,Anden,152 North Twin Oaks Valley Road,San Marcos,CA,92069,118,MANAGE
Greystar Management,ColRich Multifamily,San Diego,30 - San Marcos,Madera Ridge,1051 West El Norte Pkwy,Escondido,CA,92026,236,MANAGE
Greystar Management,Greystar,San Diego,30 - San Marcos,Overture San Marcos,852 Avenida Ricardo,San Marcos,CA,92069,255,MANAGE
Greystar Management,R&V Management,San Diego,30 - San Marcos,Palomar Station,1257 Armorlite Drive,San Marcos,CA,92069,353,MANAGE
Greystar Management,"Hess, Lawrence E.",San Diego,30 - San Marcos,Whispering Oaks,468 North Twin Oaks Valley Road,San Marcos,CA,92069,92,MANAGE
Greystar Management,LLJ Ventures,San Diego,31 - Vista,Persea,1333 North Santa Fe Avenue,Vista,CA,92084,305,MANAGE
Greystar Management,R&V Management,San Diego,31 - Vista,Shadowridge Woodbend,1500 Shadowridge Drive,Vista,CA,92081,240,MANAGE
Greystar Management,"Sobrato Organization, The",San Fernando Valley - Ventura County,1 - Glendale,"Adeline, The",600 North Central Avenue,Glendale,CA,91203,235,MANAGE
Greystar Management,Waterford Property Company,San Fernando Valley - Ventura County,1 - Glendale,Altana,540 North Central Avenue,Glendale,CA,91203,507,MANAGE
Greystar Management,Octane Realty & Development,San Fernando Valley - Ventura County,1 - Glendale,Arista Glendale,520 North Central Avenue,Glendale,CA,91203,98,MANAGE
Greystar Management,Catalyst Housing Group,San Fernando Valley - Ventura County,1 - Glendale,Brio,546 West Colorado Street,Glendale,CA,91204,200,MANAGE
Greystar Management,CGMT Construction Company,San Fernando Valley - Ventura County,1 - Glendale,CC Tan Center,521 West Colorado Street,Glendale,CA,91204,90,MANAGE
Greystar Management,Greystar,San Fernando Valley - Ventura County,1 - Glendale,"Griffith, The",435 West Los Feliz Road,Glendale,CA,91204,220,MANAGE
Greystar Management,Catalyst Housing Group,San Fernando Valley - Ventura County,1 - Glendale,Next on Lex,275 West Lexington Drive,Glendale,CA,91203,494,MANAGE
Greystar Management,Amidi Group,San Fernando Valley - Ventura County,1 - Glendale,TENTEN Campus,414 North Orange Street,Glendale,CA,91203,219,MANAGE
Greystar Management,Octane Realty & Development,San Fernando Valley - Ventura County,1 - Glendale,Vestalia,515 West Broadway,Glendale,CA,91204,180,MANAGE
Greystar Management,California Statewide Communities Development Authority,San Fernando Valley - Ventura County,2 - La Crescenta,Towne at Glendale,1717 North Verdugo Road,Glendale,CA,91208,126,MANAGE
Greystar Management,Raintree Partners,San Fernando Valley - Ventura County,3 - Burbank,1200 Riverside,1200 West Riverside Drive,Burbank,CA,91506,270,MANAGE
Greystar Management,LaTerra Development,San Fernando Valley - Ventura County,3 - Burbank,Intro Burbank,800 North Front Street,Burbank,CA,91502,573,MANAGE
Greystar Management,Bur-Cal Management,San Fernando Valley - Ventura County,3 - Burbank,Talaria Burbank,3425 West Olive Avenue,Burbank,CA,91505,242,MANAGE
Greystar Management,R&V Management,San Fernando Valley - Ventura County,4 - North Hollywood,Alexan NoHo West,11950 West Erwin Street,North Hollywood,CA,91606,644,MANAGE
Greystar Management,Goldrich & Kest,San Fernando Valley - Ventura County,4 - North Hollywood,Beck Park,6235 Beck Avenue,North Hollywood,CA,91606,120,MANAGE
Greystar Management,Greystar,San Fernando Valley - Ventura County,4 - North Hollywood,"Gallery at NoHo Commons, The",5416 Fair Avenue,North Hollywood,CA,91601,438,MANAGE
Greystar Management,PGIM Real Estate,San Fernando Valley - Ventura County,4 - North Hollywood,Living at NoHo,11059 McCormick Street,North Hollywood,CA,91601,402,MANAGE
Greystar Management,GPI Companies,San Fernando Valley - Ventura County,4 - North Hollywood,Lofts at NoHo Commons,11179 Weddington Street,North Hollywood,CA,91601,292,MANAGE
Greystar Management,UBS Realty Investors,San Fernando Valley - Ventura County,4 - North Hollywood,NoHo 14,5440 Tujunga Avenue,North Hollywood,CA,91601,180,MANAGE
Greystar Management,Global Asset Capital,San Fernando Valley - Ventura County,4 - North Hollywood,"Weddington, The",11058 Chandler Blvd,Los Angeles,CA,91601,329,MANAGE
Greystar Management,Abacus Capital Group,San Fernando Valley - Ventura County,6 - Sherman Oaks,VEDA,4735 Sepulveda Blvd,Sherman Oaks,CA,91403,236,MANAGE
Greystar Management,HACLA,San Fernando Valley - Ventura County,14 - Woodland Hills,Clarendon,22121 Clarendon Street,Los Angeles,CA,91367,335,MANAGE
Greystar Management,Abacus Capital Group,San Fernando Valley - Ventura County,14 - Woodland Hills,Eton Warner Center,6701 Eton Avenue,Woodland Hills,CA,91303,298,MANAGE
Greystar Management,Goldrich & Kest,San Fernando Valley - Ventura County,14 - Woodland Hills,Independence Park,6630 Independence Avenue,Canoga Park,CA,91303,78,MANAGE
Greystar Management,"Green Cities Company, The",San Fernando Valley - Ventura County,14 - Woodland Hills,VERT,6606 Variel Avenue,Woodland Hills,CA,91303,277,MANAGE
Greystar Management,H & R Investments,San Fernando Valley - Ventura County,14 - Woodland Hills,Warner Pointe,22044 Clarendon Street,Woodland Hills,CA,91367,85,MANAGE
Greystar Management,Virtu Investments,San Fernando Valley - Ventura County,15 - Canoga Park,Mira,21425 Vanowen Street,Canoga Park,CA,91301,174,MANAGE
Greystar Management,LivCor,San Fernando Valley - Ventura County,20 - Santa Clarita,Canyon Crest,23639 Newhall Avenue,Santa Clarita,CA,91321,158,MANAGE
Greystar Management,LivCor,San Fernando Valley - Ventura County,20 - Santa Clarita,Canyon Ridge,23645 Meadowridge Drive,Santa Clarita,CA,91321,176,MANAGE
Greystar Management,BlackRock,San Fernando Valley - Ventura County,20 - Santa Clarita,Parc Chateaux at Stevenson Ranch,24979 Constitution Avenue,Stevenson Ranch,CA,91381,295,MANAGE
Greystar Management,AEW Capital Management,San Fernando Valley - Ventura County,20 - Santa Clarita,"Paseo at Town Center, The",24807 Magic Mountain Pkwy,Valencia,CA,91355,267,MANAGE
Greystar Management,Greystar,San Fernando Valley - Ventura County,20 - Santa Clarita,Sand Canyon Plaza,NEC Sand Canyon Road & Soledad Canyon Road,Santa Clarita,CA,91387,580,MANAGE
Greystar Management,Kennedy Wilson,San Fernando Valley - Ventura County,20 - Santa Clarita,"Townhomes at Lost Canyon, The",18179 West Terra Verde Place,Santa Clarita,CA,91387,157,MANAGE
Greystar Management,Foremost Pacific Group,San Fernando Valley - Ventura County,23 - Lancaster,Sagewind Ranch,43501 Oleander Street,Lancaster,CA,93535,172,MANAGE
Greystar Management,Ravello Holdings,San Fernando Valley - Ventura County,23 - Lancaster,Vello Crossings,43738 Buena Vista Way,Lancaster,CA,93536,229,MANAGE
Greystar Management,Ravello Holdings,San Fernando Valley - Ventura County,23 - Lancaster,Vello Valley,43808 Vintage Street,Lancaster,CA,93536,172,MANAGE
Greystar Management,MBK Real Estate,San Fernando Valley - Ventura County,27 - Thousand Oaks,"Sanctuary at Thousand Oaks, The",1872 Newbury Road,Thousand Oaks,CA,91320,218,MANAGE
Greystar Management,Nuveen Real Estate,San Fernando Valley - Ventura County,27 - Thousand Oaks,Westcreek,973 Westcreek Lane,Westlake Village,CA,91362,126,MANAGE
Greystar Management,AEW Capital Management,San Fernando Valley - Ventura County,28 - Moorpark,"Ranch at Moorpark, The",51 Majestic Court,Moorpark,CA,93021,370,MANAGE
Greystar Management,Johnson Development Associates,San Fernando Valley - Ventura County,31 - Ventura,Coastline Ventura,997 Vista Del Mar Place,Ventura,CA,93001,231,MANAGE
Greystar Management,Raintree Partners,San Fernando Valley - Ventura County,31 - Ventura,Colony Parc,848 Weber Circle,Ventura,CA,93003,272,MANAGE
Greystar Management,Greystar,San Fernando Valley - Ventura County,31 - Ventura,Cora,160 South Ventura Avenue,Ventura,CA,93001,140,MANAGE
Greystar Management,TruAmerica Multifamily,San Fernando Valley - Ventura County,31 - Ventura,Portside Ventura Harbor,1196 Portside Drive,Ventura,CA,93001,300,MANAGE
Greystar Management,Danmour & Associates,San Fernando Valley - Ventura County,31 - Ventura,Ventura Terrace,6600 Telephone Road,Ventura,CA,93003,130,MANAGE
Greystar Management,Trinity Properties,San Francisco - Peninsula,1 - NE San Francisco,1000 Chestnut,1000 Chestnut Street,San Francisco,CA,94109,84,MANAGE
Greystar Management,"Petri, Faramarz P.",San Francisco - Peninsula,1 - NE San Francisco,1000 Green Street,1000 Green Street,San Francisco,CA,94133,62,MANAGE
Greystar Management,Trinity Properties,San Francisco - Peninsula,1 - NE San Francisco,350 Union,350 Union Street,San Francisco,CA,94133,90,MANAGE
Greystar Management,Trinity Properties,San Francisco - Peninsula,1 - NE San Francisco,"Bay, The",2133 Stockton Street,San Francisco,CA,94133,105,MANAGE
Greystar Management,Trinity Properties,San Francisco - Peninsula,1 - NE San Francisco,Crystal Tower,2140 Taylor Street,San Francisco,CA,94133,84,MANAGE
Greystar Management,Stockbridge Capital Group,San Francisco - Peninsula,1 - NE San Francisco,Isle House,39 Bruton Street,San Francisco,CA,94130,250,MANAGE
Greystar Management,Felson Companies,San Francisco - Peninsula,1 - NE San Francisco,Nob Hill Tower,1221 Jones Street,San Francisco,CA,94109,72,MANAGE
Greystar Management,Trinity Properties,San Francisco - Peninsula,2 - NW San Francisco,Marina Cove,1550 Bay Street,San Francisco,CA,94123,241,MANAGE
Greystar Management,Trinity Properties,San Francisco - Peninsula,3 - Golden Gate Park,2000 Broadway,2000 Broadway Street,San Francisco,CA,94115,222,MANAGE
Greystar Management,Carmel Partners,San Francisco - Peninsula,3 - Golden Gate Park,Alchemy,200 Buchanan Street,San Francisco,CA,94102,330,MANAGE
Greystar Management,ADCO,San Francisco - Peninsula,3 - Golden Gate Park,Cathedral Hill Plaza,1333 Gough Street,San Francisco,CA,94109,169,MANAGE
Greystar Management,Trinity Properties,San Francisco - Peninsula,3 - Golden Gate Park,Clay Park Towers,1890 Clay Street,San Francisco,CA,94109,74,MANAGE
Greystar Management,PGIM Real Estate,San Francisco - Peninsula,3 - Golden Gate Park,"Fillmore Center, The",1475 Fillmore Street,San Francisco,CA,94115,1114,MANAGE
Greystar Management,Greystar,San Francisco - Peninsula,4 - Market Street,Argenta,1 Polk Street,San Francisco,CA,94102,179,MANAGE
Greystar Management,Prado Group,San Francisco - Peninsula,4 - Market Street,Geary Courtyard,639 Geary Street,San Francisco,CA,94102,164,MANAGE
Greystar Management,Trinity Properties,San Francisco - Peninsula,4 - Market Street,Trinity Towers,888 O'Farrell Street,San Francisco,CA,94109,262,MANAGE
Greystar Management,Northwestern Mutual Real Estate,San Francisco - Peninsula,5 - China Basin,Jasper,45 Lansing Street,San Francisco,CA,94105,320,MANAGE
Greystar Management,Golub & Company,San Francisco - Peninsula,5 - China Basin,Solaire,299 Fremont Street,San Francisco,CA,94105,409,MANAGE
Greystar Management,Carmel Partners,San Francisco - Peninsula,5 - China Basin,"Towers at Rincon, The",88 Howard Street,San Francisco,CA,94105,320,MANAGE
Greystar Management,Trinity Properties,San Francisco - Peninsula,6 - Eastern San Francisco,1177 Market at Trinity Place,1177 Market Street,San Francisco,CA,94103,502,MANAGE
Greystar Management,Trinity Properties,San Francisco - Peninsula,6 - Eastern San Francisco,1188 Mission at Trinity Place,1188 Mission Street,San Francisco,CA,94103,440,MANAGE
Greystar Management,Trinity Properties,San Francisco - Peninsula,6 - Eastern San Francisco,1190 Mission at Trinity Place,1190 Mission Street,San Francisco,CA,94103,418,MANAGE
Greystar Management,Trinity Properties,San Francisco - Peninsula,6 - Eastern San Francisco,33 8th Street at Trinity Place,33 8th Street,San Francisco,CA,94103,540,MANAGE
Greystar Management,Prado Group,San Francisco - Peninsula,6 - Eastern San Francisco,777 Tenn,777 Tennessee Street,San Francisco,CA,94107,59,MANAGE
Greystar Management,Wood Partners,San Francisco - Peninsula,6 - Eastern San Francisco,Alta Potrero,1301 16th Street,San Francisco,CA,94103,172,MANAGE
Greystar Management,Strada Investment Group,San Francisco - Peninsula,6 - Eastern San Francisco,"Brady, The",1 Brady Street,San Francisco,CA,94103,444,MANAGE
Greystar Management,Tishman Speyer,San Francisco - Peninsula,6 - Eastern San Francisco,"Canyon at Mission Rock, The",1023 3rd Street,San Francisco,CA,94158,283,MANAGE
Greystar Management,Raintree Partners,San Francisco - Peninsula,6 - Eastern San Francisco,"Martin, The",2051 3rd Street,San Francisco,CA,94107,92,MANAGE
Greystar Management,Greystar,San Francisco - Peninsula,6 - Eastern San Francisco,Vara,1600 15th Street,San Francisco,CA,94103,202,MANAGE
Greystar Management,Tishman Speyer,San Francisco - Peninsula,6 - Eastern San Francisco,Verde at Mission Rock,1070 Bridgeview Way,San Francisco,CA,94158,254,MANAGE
Greystar Management,Raintree Partners,San Francisco - Peninsula,6 - Eastern San Francisco,"Wilson Building, The",973 Market Street,San Francisco,CA,94103,67,MANAGE
Greystar Management,Prado Group,San Francisco - Peninsula,7 - Central San Francisco,38 Dolores,38 Dolores Street,San Francisco,CA,94103,82,MANAGE
Greystar Management,Trinity Properties,San Francisco - Peninsula,7 - Central San Francisco,"Mission, The",240 Dolores Street,San Francisco,CA,94103,120,MANAGE
Greystar Management,Presidio Bay Ventures,San Francisco - Peninsula,8 - SW San Francisco,Ventana Residences,99 Ocean Avenue,San Francisco,CA,94112,193,MANAGE
Greystar Management,UDR,San Francisco - Peninsula,9 - SE San Francisco,Ashton,301 Executive Park Blvd,San Francisco,CA,94134,110,MANAGE
Greystar Management,TruAmerica Multifamily,San Francisco - Peninsula,9 - SE San Francisco,Waterbend,5880 3rd Street,San Francisco,CA,94124,136,MANAGE
Greystar Management,Carmel Partners,San Francisco - Peninsula,10 - Broadmoor / Daly City,Westlake,331 Park Plaza Drive,Daly City,CA,94015,2983,MANAGE
Greystar Management,Goldrich & Kest,San Francisco - Peninsula,11 - Colma / Brisbane,Villa Fontana,50 East Market Street,Daly City,CA,94014,120,MANAGE
Greystar Management,Greystar,San Francisco - Peninsula,12 - South San Francisco,Acappella,1001 National Avenue,San Bruno,CA,94066,163,MANAGE
Greystar Management,Goldrich & Kest,San Francisco - Peninsula,12 - South San Francisco,Bay View Terrace,3470 Carter Drive,South San Francisco,CA,94080,56,MANAGE
Greystar Management,Goldrich & Kest,San Francisco - Peninsula,12 - South San Francisco,Fairway,77 Westborough Blvd,South San Francisco,CA,94080,74,MANAGE
Greystar Management,Goldrich & Kest,San Francisco - Peninsula,12 - South San Francisco,Skyline View,3880 Callan Blvd,South San Francisco,CA,94080,104,MANAGE
Greystar Management,Carmel Partners,San Francisco - Peninsula,14 - Burlingame,One Adrian,1 Adrian Court,Burlingame,CA,94010,265,MANAGE
Greystar Management,Carmel Partners,San Francisco - Peninsula,14 - Burlingame,Revery,1766 El Camino Real,Burlingame,CA,94010,311,MANAGE
Greystar Management,Goldrich & Kest,San Francisco - Peninsula,16 - San Mateo,Flores Gardens,2604 Flores Street,San Mateo,CA,94403,72,MANAGE
Greystar Management,Ethos Real Estate,San Francisco - Peninsula,16 - San Mateo,Hillsdale Garden,3500 Edison Street,San Mateo,CA,94403,697,MANAGE
Greystar Management,"Sobrato Organization, The",San Francisco - Peninsula,17 - Foster City,Bridgepointe,1987 Bridgepointe Circle,San Mateo,CA,94404,396,MANAGE
Greystar Management,Carmel Partners,San Francisco - Peninsula,17 - Foster City,"Hayden, The",815 Old County Road,Belmont,CA,94002,177,MANAGE
Greystar Management,Raintree Partners,San Francisco - Peninsula,19 - Redwood City,201 Marshall,201 Marshall Street,Redwood City,CA,94063,116,MANAGE
Greystar Management,Greystar,San Francisco - Peninsula,19 - Redwood City,Highwater,1405 El Camino Real,Redwood City,CA,94063,350,MANAGE
Greystar Management,Greystar,San Francisco - Peninsula,19 - Redwood City,Lume,172 Constitution Drive,Menlo Park,CA,94025,441,MANAGE
Greystar Management,Greystar,San Francisco - Peninsula,19 - Redwood City,Menlo Flats,165 Jefferson Drive,Menlo Park,CA,94025,158,MANAGE
Greystar Management,Oakwood Worldwide,San Francisco - Peninsula,19 - Redwood City,mResidences Redwood City,2580 El Camino Real,Redwood City,CA,94061,141,MANAGE
Greystar Management,Greystar,San Francisco - Peninsula,19 - Redwood City,Vasara,110 Constitution Drive,Menlo Park,CA,94025,335,MANAGE
Greystar Management,Sand Hill Property Company,San Francisco - Peninsula,20 - Menlo Park/East Palo Alto,Woodland Park,45 Newell Road,East Palo Alto,CA,94303,1809,MANAGE
Greystar Management,Carmel Partners,San Francisco - Peninsula,23 - Tiburon / Sausalito,Larkspur Courts,100 Old Quarry Road South,Larkspur,CA,94939,248,MANAGE
Greystar Management,Catalyst Housing Group,San Francisco - Peninsula,23 - Tiburon / Sausalito,Serenity at Larkspur,700 Lincoln Village Circle,Larkspur,CA,94939,342,MANAGE
Greystar Management,Catalyst Housing Group,San Francisco - Peninsula,23 - Tiburon / Sausalito,Summit at Sausalito,401 Sherwood Drive,Sausalito,CA,94965,198,MANAGE
Greystar Management,Johnson Development Associates,San Francisco - Peninsula,27 - Petaluma,"Artisan at Petaluma, The",55 Maria Drive,Petaluma,CA,94954,144,MANAGE
Greystar Management,MBK Real Estate,San Francisco - Peninsula,27 - Petaluma,"Haven at Deer Creek, The",495 North McDowell Blvd,Petaluma,CA,94954,134,MANAGE
Greystar Management,Goldrich & Kest,San Francisco - Peninsula,27 - Petaluma,Petaluma Senior,149 Wyndham Way,Petaluma,CA,94954,57,MANAGE
Greystar Management,USA Properties Fund,San Francisco - Peninsula,29 - Rohnert Park,Adega,541 Carlson Avenue,Rohnert Park,CA,94928,209,MANAGE
Greystar Management,Goldrich & Kest,San Francisco - Peninsula,29 - Rohnert Park,Country Club Village,6351 Country Club Drive,Rohnert Park,CA,94928,63,MANAGE
Greystar Management,St. Regis Properties,San Francisco - Peninsula,29 - Rohnert Park,Fiori Estates,5102 Dowdell Avenue,Rohnert Park,CA,94928,244,MANAGE
Greystar Management,Interstate Equities Corporation,San Francisco - Peninsula,30 - Santa Rosa,888 Fourth,888 4th Street,Santa Rosa,CA,95404,108,MANAGE
Greystar Management,Opportunity Housing Group,San Francisco - Peninsula,30 - Santa Rosa,Acacia on Santa Rosa Creek,4656 Quigg Drive,Santa Rosa,CA,95409,277,MANAGE
Greystar Management,Related Companies,San Francisco - Peninsula,30 - Santa Rosa,Felix,420 Mendocino Avenue,Santa Rosa,CA,95401,168,MANAGE
Greystar Management,Opportunity Housing Group,San Francisco - Peninsula,30 - Santa Rosa,Vineyard Gardens,240 Burt Street,Santa Rosa,CA,95407,180,MANAGE
Greystar Management,Catalyst Housing Group,San Francisco - Peninsula,31 - Roseland,Annadel,1020 Jennings Avenue,Santa Rosa,CA,95401,390,MANAGE
Greystar Management,Benchmark Real Estate Group,Savannah - Hilton Head,1 - Savannah - Historic District,Drayton Tower Apartment Homes,102 East Liberty Street,Savannah,GA,31401,99,MANAGE
Greystar Management,Chaucer Creek Capital,Savannah - Hilton Head,1 - Savannah - Historic District,"Felicity on Perry, The",1150 East Perry Lane,Savannah,GA,31401,290,MANAGE
Greystar Management,Mariner Group Real Estate Services,Savannah - Hilton Head,1 - Savannah - Historic District,Pilot & Park,201 Pilot Street,Savannah,GA,31401,278,MANAGE
Greystar Management,Tidal Real Estate Partners,Savannah - Hilton Head,5 - Yamacraw Village,Ann Street Lofts,111 Ann Street,Savannah,GA,31401,389,MANAGE
Greystar Management,L&B Realty Advisors,Savannah - Hilton Head,6 - Garden City,Riverchase Vista,1000 Chatham Center South Drive,Savannah,GA,31405,300,MANAGE
Greystar Management,Daniel Corporation,Savannah - Hilton Head,7 - Hutchinson Island,Silas Park Savannah Harbor,100 Channel Street,Savannah,GA,31421,288,MANAGE
Greystar Management,Graycliff Capital,Savannah - Hilton Head,13 - Georgetown,Waterleaf at Salt Creek,5670 Ogeechee Road,Savannah,GA,31405,252,MANAGE
Greystar Management,Trion Properties,Savannah - Hilton Head,14 - Bloomingdale-Pooler,Pooler Station,100 Oglethorpe Drive,Pooler,GA,31322,159,MANAGE
Greystar Management,"Orden Company, The",Savannah - Hilton Head,14 - Bloomingdale-Pooler,Populus Pooler,5000 Populus Drive,Pooler,GA,31322,316,MANAGE
Greystar Management,Third Lake Partners,Savannah - Hilton Head,15 - Port Wentworth,Abrazo at Rice Hope,3164 Mulberry Blvd,Port Wentworth,GA,31407,359,MANAGE
Greystar Management,Fairfield Residential,Savannah - Hilton Head,15 - Port Wentworth,Adara Godley Station,101 Spring Lakes Drive,Savannah,GA,31407,256,MANAGE
Greystar Management,Meridian Group,Savannah - Hilton Head,15 - Port Wentworth,Arbor View Townhomes,300 Highway 30,Port Wentworth,GA,31407,162,MANAGE
Greystar Management,Novare Group,Savannah - Hilton Head,15 - Port Wentworth,Maret Cove,126 Sapphire Creek Lane,Port Wentworth,GA,31407,106,MANAGE
Greystar Management,Mariner Group Real Estate Services,Savannah - Hilton Head,15 - Port Wentworth,Marion Lake,1850 Benton Blvd,Savannah,GA,31407,340,MANAGE
Greystar Management,One Real Estate Investment,Savannah - Hilton Head,15 - Port Wentworth,Pointe Grand Savannah,50 Newport Blvd,Port Wentworth,GA,31407,288,MANAGE
Greystar Management,Novare Group,Savannah - Hilton Head,15 - Port Wentworth,Wentworth Park,7450 Highway 21,Port Wentworth,GA,31407,328,MANAGE
Greystar Management,Homes Urban Development,Savannah - Hilton Head,31 - Beaufort,4000 Margaret,4000 Margaret Street,Beaufort,SC,29906,312,MANAGE
Greystar Management,Johnson Development Associates,Savannah - Hilton Head,34 - Port Royal,Eventide,10 Shell Creek Drive,Beaufort,SC,29906,212,MANAGE
Greystar Management,Material Capital Partners,Savannah - Hilton Head,36 - Bluffton,Indigo Cove,65 Blue Point Blvd,Bluffton,SC,29910,82,MANAGE
Greystar Management,PASSCO Real Estate,Savannah - Hilton Head,36 - Bluffton,One Hampton Lake,11 Parklands Drive,Bluffton,SC,29910,300,MANAGE
Greystar Management,Spandrel Development,Savannah - Hilton Head,37 - Hilton Head Island,Aquatera,55 Gardner Drive,Hilton Head Island,SC,29926,260,MANAGE
Greystar Management,Southeastern Development Associates,Savannah - Hilton Head,37 - Hilton Head Island,WaterWalk at Shelter Cove Towne Centre,47 Shelter Cove Lane,Hilton Head Island,SC,29928,240,MANAGE
Greystar Management,ColRich Multifamily,Seattle,2 - Paine Field,Arterra,711 West Casino Road,Everett,WA,98204,120,MANAGE
Greystar Management,RREEF Property Trust,Seattle,2 - Paine Field,"Bay Court at Harbour Pointe, The",11108 Chennault Beach Road,Mukilteo,WA,98275,420,MANAGE
Greystar Management,ColRich Multifamily,Seattle,2 - Paine Field,Park 120,120 West Casino Road,Everett,WA,98204,249,MANAGE
Greystar Management,MIG Real Estate,Seattle,3 - Silver Lake,BluWater,11311 19th Avenue SE,Everett,WA,98208,152,MANAGE
Greystar Management,Everett Housing Authority,Seattle,3 - Silver Lake,Huntington Park,9009 West Mall Drive,Everett,WA,98208,381,MANAGE
Greystar Management,Greystar,Seattle,4 - Lynnwood,Avana One Six Four,3333 164th Street SW,Lynnwood,WA,98087,506,MANAGE
Greystar Management,"Carlyle Group, The",Seattle,4 - Lynnwood,Destinations Lynnwood,19501 40th Avenue West,Lynnwood,WA,98036,308,MANAGE
Greystar Management,Grand Peaks Properties,Seattle,4 - Lynnwood,Knox,16200 Admiralty Way,Lynnwood,WA,98087,326,MANAGE
Greystar Management,Guardian Life Insurance Company,Seattle,4 - Lynnwood,"Seasons, The",3711 164th Street SW,Lynnwood,WA,98087,228,MANAGE
Greystar Management,"Shidler Group, The",Seattle,9 - Marysville/Monroe,Park on 20th,10227 20th Street SE,Lake Stevens,WA,98258,195,MANAGE
Greystar Management,"Horn, Charles",Seattle,10 - Shoreline,Linden Highlands,17520 Linden Avenue North,Shoreline,WA,98133,82,MANAGE
Greystar Management,Belkorp Holdings,Seattle,11 - Bothell,Six Oaks,18333 Bothell Way NE,Bothell,WA,98011,203,MANAGE
Greystar Management,Greystar,Seattle,11 - Bothell,"Spencer 68, The",6711 NE 182nd Street,Kenmore,WA,98028,223,MANAGE
Greystar Management,Belkorp Holdings,Seattle,12 - Juanita,Hidden River Townhomes,10013 NE 130th Lane,Kirkland,WA,98034,105,MANAGE
Greystar Management,Belkorp Holdings,Seattle,12 - Juanita,Hubbard's Crossing,12520 101st Way NE,Kirkland,WA,98034,101,MANAGE
Greystar Management,Belkorp Holdings,Seattle,12 - Juanita,Scout,10211 NE 134th Lane,Kirkland,WA,98034,103,MANAGE
Greystar Management,MIG Real Estate,Seattle,13 - North Seattle,Solara,12736 Lake City Way NE,Seattle,WA,98125,238,MANAGE
Greystar Management,Stellar Holdings,Seattle,13 - North Seattle,Thornton Place,337 NE 103rd Street,Seattle,WA,98125,388,MANAGE
Greystar Management,Security Properties,Seattle,14 - Ballard,Ballard on the Park,2233 NW 58th Street,Seattle,WA,98107,268,MANAGE
Greystar Management,TA Realty,Seattle,14 - Ballard,Ballard Public Lofts & Market,6450 24th Avenue NW,Seattle,WA,98107,99,MANAGE
Greystar Management,Carmel Partners,Seattle,14 - Ballard,Ballard Yards,2421 NW Market Street,Seattle,WA,98107,171,MANAGE
Greystar Management,GT Capital,Seattle,14 - Ballard,Lock Vista,3025 NW Market Street,Seattle,WA,98107,192,MANAGE
Greystar Management,Carmel Partners,Seattle,14 - Ballard,Urbana,1501 NW 56th Street,Seattle,WA,98107,287,MANAGE
Greystar Management,Alliance Residential Company,Seattle,15 - Greenlake/Wallingford,Broadstone Vin,4106 Stone Way North,Seattle,WA,98103,118,MANAGE
Greystar Management,Carmel Partners,Seattle,15 - Greenlake/Wallingford,"Cline, The",3665 Stone Way North,Seattle,WA,98103,243,MANAGE
Greystar Management,Nuveen Real Estate,Seattle,15 - Greenlake/Wallingford,Prescott Wallingford,3920 Stone Way North,Seattle,WA,98103,154,MANAGE
Greystar Management,Goldman Sachs & Company,Seattle,16 - University,"Accolade, The",4126 12th Avenue NE,Seattle,WA,98105,226,MANAGE
Greystar Management,Greystar,Seattle,16 - University,Arista Residences,4715 25th Avenue NE,Seattle,WA,98105,236,MANAGE
Greystar Management,Alliance Residential Company,Seattle,16 - University,Broadstone Strata,4906 25th Avenue NE,Seattle,WA,98105,294,MANAGE
Greystar Management,Roosevelt Development Group,Seattle,16 - University,Centerline,1420 NE 65th Street,Seattle,WA,98115,235,MANAGE
Greystar Management,Greystar,Seattle,16 - University,"M Seattle, The",4700 Brooklyn Avenue NE,Seattle,WA,98105,230,MANAGE
Greystar Management,Barrientos,Seattle,16 - University,"Parsonage, The",4138 Brooklyn Avenue NE,Seattle,WA,98105,84,MANAGE
Greystar Management,Pine Forest Properties,Seattle,18 - Redmond,Allez,8397 158th Avenue NE,Redmond,WA,98052,148,MANAGE
Greystar Management,TruAmerica Multifamily,Seattle,18 - Redmond,Archstone Redmond Lakeview,4250 West Lake Sammamish Pkwy NE,Redmond,WA,98052,166,MANAGE
Greystar Management,Clarion Partners,Seattle,18 - Redmond,Avignon Townhomes,15850 NE 98th Way,Redmond,WA,98052,272,MANAGE
Greystar Management,Ares Management,Seattle,18 - Redmond,Everlight,8709 161st Avenue NE,Redmond,WA,98052,300,MANAGE
Greystar Management,"Sobrato Organization, The",Seattle,18 - Redmond,LionsGate North,15900 NE 83rd Street,Redmond,WA,98052,200,MANAGE
Greystar Management,Benedict Canyon Equities,Seattle,18 - Redmond,"Luke, The",8280 164th Avenue NE,Redmond,WA,98052,208,MANAGE
Greystar Management,Kennedy Wilson,Seattle,18 - Redmond,"Onyx, The",4850 156th Avenue NE,Redmond,WA,98052,400,MANAGE
Greystar Management,Lakevision Capital,Seattle,18 - Redmond,Parkside,15551 NE Turing Street,Redmond,WA,98052,664,MANAGE
Greystar Management,PGIM Real Estate,Seattle,18 - Redmond,Verde Esterra Park,2808 Calder Avenue NE,Redmond,WA,98052,634,MANAGE
Greystar Management,Trammell Crow Residential,Seattle,19 - Woodinville/Totem Lake,Alexan Woodinville,14311 Woodinville Redmond Road NE,Woodinville,WA,98072,250,MANAGE
Greystar Management,Kennedy Wilson,Seattle,20 - Magnolia,Axle,3230 16th Avenue West,Seattle,WA,98119,226,MANAGE
Greystar Management,LaSalle Investment Management,Seattle,20 - Magnolia,Slate,3040 17th Avenue West,Seattle,WA,98119,242,MANAGE
Greystar Management,"Connell Company, The",Seattle,21 - Queen Anne,1611 on Lake Union,1611 8th Avenue North,Seattle,WA,98109,55,MANAGE
Greystar Management,Nuveen Real Estate,Seattle,21 - Queen Anne,708 Uptown,708 6th Avenue North,Seattle,WA,98109,118,MANAGE
Greystar Management,"Sobrato Organization, The",Seattle,21 - Queen Anne,Axis,123 2nd Avenue North,Seattle,WA,98109,116,MANAGE
Greystar Management,"Sobrato Organization, The",Seattle,21 - Queen Anne,Dexter Lake Union,1215 Dexter Avenue North,Seattle,WA,98109,201,MANAGE
Greystar Management,Belkorp Holdings,Seattle,21 - Queen Anne,"Eden, The",602 Galer Street,Seattle,WA,98109,144,MANAGE
Greystar Management,Oakwood Worldwide,Seattle,21 - Queen Anne,mResidences South Lake Union,717 Dexter Avenue North,Seattle,WA,98109,100,MANAGE
Greystar Management,ColRich Multifamily,Seattle,21 - Queen Anne,Novi at Queen Anne,312 2nd Avenue West,Seattle,WA,98119,166,MANAGE
Greystar Management,Citymark Capital,Seattle,21 - Queen Anne,Roystone,5 West Roy Street,Seattle,WA,98119,93,MANAGE
Greystar Management,Greystar,Seattle,22 - Capitol Hill/Eastlake,1410 East John Street,1410 East John Street,Seattle,WA,98112,336,MANAGE
Greystar Management,BentallGreenOak,Seattle,22 - Capitol Hill/Eastlake,Connection on Broadway,118 Broadway East,Seattle,WA,98102,318,MANAGE
Greystar Management,Kennedy Wilson,Seattle,22 - Capitol Hill/Eastlake,Equinox,1524 Eastlake Avenue East,Seattle,WA,98102,204,MANAGE
Greystar Management,Alliance Residential Company,Seattle,24 - Bellevue-West,Broadstone Savoie,35 112th Avenue NE,Bellevue,WA,98004,190,MANAGE
Greystar Management,"Sobrato Organization, The",Seattle,24 - Bellevue-West,Park Metro Apartment Homes,11101 NE 12th Street,Bellevue,WA,98004,78,MANAGE
Greystar Management,"Sobrato Organization, The",Seattle,24 - Bellevue-West,Soma Towers,288 106th Avenue NE,Bellevue,WA,98004,273,MANAGE
Greystar Management,Lakevision Capital,Seattle,25 - Bellevue-East,Arras,12282 NE 12th Lane,Bellevue,WA,98005,279,MANAGE
Greystar Management,King County Housing Authority,Seattle,25 - Bellevue-East,Bellepark East,16241 NE 13th Place,Bellevue,WA,98008,118,MANAGE
Greystar Management,"Brotherton, Joseph L.",Seattle,25 - Bellevue-East,Central Park East,15207 NE 16th Place,Bellevue,WA,98007,446,MANAGE
Greystar Management,King County Housing Authority,Seattle,25 - Bellevue-East,Hampton Greens,4747 148th Avenue NE,Bellevue,WA,98007,326,MANAGE
Greystar Management,RREEF Property Trust,Seattle,25 - Bellevue-East,Hyde Square,2030 155th Place NE,Bellevue,WA,98007,618,MANAGE
Greystar Management,King County Housing Authority,Seattle,25 - Bellevue-East,Kendall Ridge,15301 NE 20th Street,Bellevue,WA,98007,240,MANAGE
Greystar Management,King County Housing Authority,Seattle,25 - Bellevue-East,Landmark,16330 NE 11th Street,Bellevue,WA,98008,191,MANAGE
Greystar Management,King County Housing Authority,Seattle,25 - Bellevue-East,Woodside East,16240 NE 14th Street,Bellevue,WA,98008,244,MANAGE
Greystar Management,LivCor,Seattle,26 - Belltown,Ascent South Lake Union,1145 Republican Street,Seattle,WA,98109,251,MANAGE
Greystar Management,Nuveen Real Estate,Seattle,26 - Belltown,Aspira,1823 Terry Avenue,Seattle,WA,98101,325,MANAGE
Greystar Management,Carmel Partners,Seattle,26 - Belltown,CHROMA,1212 Harrison Street,Seattle,WA,98109,275,MANAGE
Greystar Management,Johnson Development Associates,Seattle,26 - Belltown,Elara at the Market,2134 Western Avenue,Seattle,WA,98121,150,MANAGE
Greystar Management,Vulcan,Seattle,26 - Belltown,Helm,602 Terry Avenue North,Seattle,WA,98109,79,MANAGE
Greystar Management,Skanska USA,Seattle,26 - Belltown,Kaye,2208 4th Avenue,Seattle,WA,98121,324,MANAGE
Greystar Management,LivCor,Seattle,26 - Belltown,Marlowe,1146 Harrison Street,Seattle,WA,98109,181,MANAGE
Greystar Management,Clise Properties,Seattle,26 - Belltown,McKenzie,2202 8th Avenue,Seattle,WA,98121,450,MANAGE
Greystar Management,Deka Imobilien,Seattle,26 - Belltown,Mera,630 Boren Avenue North,Seattle,WA,98109,70,MANAGE
Greystar Management,Belkorp Holdings,Seattle,26 - Belltown,Orion,910 John Street,Seattle,WA,98109,129,MANAGE
Greystar Management,"Simmons, Brad",Seattle,26 - Belltown,Post Alley Court,1408 Western Avenue,Seattle,WA,98101,59,MANAGE
Greystar Management,Kennedy Wilson,Seattle,26 - Belltown,Radius,400 Boren Avenue North,Seattle,WA,98109,282,MANAGE
Greystar Management,Bosa Development,Seattle,26 - Belltown,REN,2014 Fairview Avenue,Seattle,WA,98121,457,MANAGE
Greystar Management,Wright Runstad & Company,Seattle,26 - Belltown,"Residences at Rainier Square, The",1340 4th Avenue,Seattle,WA,98101,188,MANAGE
Greystar Management,Touchstone,Seattle,26 - Belltown,Sequel,1900 1st Avenue,Seattle,WA,98101,93,MANAGE
Greystar Management,Vulcan,Seattle,26 - Belltown,Sitka,1255 Harrison Street,Seattle,WA,98109,384,MANAGE
Greystar Management,Goldman Sachs & Company,Seattle,26 - Belltown,Skyglass,757 Thomas Street,Seattle,WA,98109,338,MANAGE
Greystar Management,Bentall Kennedy,Seattle,26 - Belltown,Via6,2121 6th Avenue,Seattle,WA,98121,654,MANAGE
Greystar Management,Benedict Canyon Equities,Seattle,26 - Belltown,Viktoria,1915 2nd Avenue,Seattle,WA,98101,249,MANAGE
Greystar Management,Greystar,Seattle,26 - Belltown,"Waverly, The",210 8th Avenue North,Seattle,WA,98109,374,MANAGE
Greystar Management,PGIM Real Estate,Seattle,26 - Belltown,West Edge,1430 2nd Avenue,Seattle,WA,98101,340,MANAGE
Greystar Management,Vulcan,Seattle,27 - First Hill,Batik,123 Broadway,Seattle,WA,98122,196,MANAGE
Greystar Management,Goldman Sachs & Company,Seattle,27 - First Hill,Coppins Well,1000 Minor Avenue,Seattle,WA,98104,236,MANAGE
Greystar Management,Nuveen Real Estate,Seattle,27 - First Hill,Cue,1525 Harvard Avenue,Seattle,WA,98122,90,MANAGE
Greystar Management,Kennedy Wilson,Seattle,27 - First Hill,"Danforth, The",1425 Spring Street,Seattle,WA,98104,265,MANAGE
Greystar Management,MetLife Real Estate Investment,Seattle,27 - First Hill,"Olivian, The",809 Olive Way,Seattle,WA,98101,224,MANAGE
Greystar Management,TA Realty,Seattle,27 - First Hill,Pike Motorworks Bldg,715 East Pine Street,Seattle,WA,98122,243,MANAGE
Greystar Management,Carmel Partners,Seattle,27 - First Hill,"Victor, The",1100 Boylston Avenue,Seattle,WA,98101,227,MANAGE
Greystar Management,Vulcan,Seattle,28 - Central,Cypress,120 Broadway,Seattle,WA,98122,238,MANAGE
Greystar Management,Vulcan,Seattle,28 - Central,Jackson,2401 South Jackson Street,Seattle,WA,98144,532,MANAGE
Greystar Management,Lowe Enterprises,Seattle,28 - Central,Mason & Main,209 12th Avenue South,Seattle,WA,98144,550,MANAGE
Greystar Management,Kennedy Wilson,Seattle,28 - Central,Pratt Park,1800 South Jackson Street,Seattle,WA,98144,248,MANAGE
Greystar Management,Greystar,Seattle,28 - Central,Zig,550 Broadway,Seattle,WA,98122,170,MANAGE
Greystar Management,Greystar,Seattle,29 - Mercer Island,Shorewood,3209 Shorewood Drive,Mercer Island,WA,98040,645,MANAGE
Greystar Management,MIG Real Estate,Seattle,30 - Factoria,Lakeview at Newcastle,7920 110th Avenue SE,Newcastle,WA,98056,104,MANAGE
Greystar Management,Greystar,Seattle,31 - Issaquah,Traverse North Bend,1835 SE 136th Street,North Bend,WA,98045,128,MANAGE
Greystar Management,Belkorp Holdings,Seattle,31 - Issaquah,Vista Ridge,201 Mount Park Blvd SW,Issaquah,WA,98027,91,MANAGE
Greystar Management,Banner Oak Capital Partners,Seattle,32 - West Seattle,Forge West Seattle,4435 35th Avenue SW,Seattle,WA,98126,159,MANAGE
Greystar Management,Carmel Partners,Seattle,34 - Rainier Valley,Alta Arlo,4720 Rainier Avenue South,Seattle,WA,98118,243,MANAGE
Greystar Management,CBRE Investment Management,Seattle,34 - Rainier Valley,"Station at Othello Park, The",4219 South Othello Street,Seattle,WA,98118,351,MANAGE
Greystar Management,Greystar,Seattle,36 - Riverton/Tukwila,Avana at South Station,4708 Southcenter Blvd,Tukwila,WA,98188,210,MANAGE
Greystar Management,PGIM Real Estate,Seattle,36 - Riverton/Tukwila,Mariblu Southcenter,411 Baker Blvd,Tukwila,WA,98188,166,MANAGE
Greystar Management,Alliance Residential Company,Seattle,36 - Riverton/Tukwila,Prose Southcenter,500 Baker Blvd,Tukwila,WA,98188,285,MANAGE
Greystar Management,Greystar,Seattle,37 - Renton,Alaire,510 Stevens Avenue SW,Renton,WA,98057,357,MANAGE
Greystar Management,MIG Real Estate,Seattle,37 - Renton,"Becket, The",17333 121st Lane SE,Renton,WA,98058,260,MANAGE
Greystar Management,"Sobrato Organization, The",Seattle,37 - Renton,Bella Vista,2100 Lake Washington Blvd North,Renton,WA,98056,182,MANAGE
Greystar Management,MIG Real Estate,Seattle,37 - Renton,"Berkshire, The",1300 Eagle Ridge Drive South,Renton,WA,98055,274,MANAGE
Greystar Management,Kennedy Wilson,Seattle,37 - Renton,"Bristol at Southport, The",1133 Lake Washington Blvd North,Renton,WA,98056,383,MANAGE
Greystar Management,Kennedy Wilson,Seattle,37 - Renton,Harrington Square,950 Harrington Avenue NE,Renton,WA,98056,217,MANAGE
Greystar Management,Greystar,Seattle,39 - Seatac,Birchway Angle Lake,19825 International Blvd,SeaTac,WA,98188,289,MANAGE
Greystar Management,Greystar,Seattle,40 - Des Moines,Avana Star Lake,2211 South Star Lake Road,Federal Way,WA,98003,750,MANAGE
Greystar Management,King County Housing Authority,Seattle,40 - Des Moines,Riverstone,27314 24th Avenue South,Federal Way,WA,98003,308,MANAGE
Greystar Management,Phoenix Realty Group,Seattle,41 - Kent,Alvista 240,24028 110th Place SE,Kent,WA,98030,186,MANAGE
Greystar Management,Greystar,Seattle,41 - Kent,Avana West Hill,24849 46th Avenue South,Kent,WA,98032,216,MANAGE
Greystar Management,"Shidler Group, The",Seattle,41 - Kent,Ethos,2200 West Meeker Street,Kent,WA,98032,288,MANAGE
Greystar Management,ColRich Multifamily,Seattle,41 - Kent,Irwin Park,10925 SE 259th Street,Kent,WA,98030,177,MANAGE
Greystar Management,Alliance Residential Company,Seattle,41 - Kent,Prose Kent,419 Novak Lane,Kent,WA,98032,204,MANAGE
Greystar Management,ColRich Multifamily,Seattle,41 - Kent,Skyview 3322,3322 South 222nd Place,Kent,WA,98032,192,MANAGE
Greystar Management,Wood Partners,Southwest Florida Coast,1 - Palmetto - Parrish,Palm View,5901 16th Avenue East,Palmetto,FL,34221,264,MANAGE
Greystar Management,Taylor Morrison,Southwest Florida Coast,1 - Palmetto - Parrish,Yardly Artisan Lakes,5020 Cedar Leaf Circle,Palmetto,FL,34221,192,MANAGE
Greystar Management,Taylor Morrison,Southwest Florida Coast,1 - Palmetto - Parrish,Yardly Ellenton,4180 Yardly Drive,Palmetto,FL,34221,268,MANAGE
Greystar Management,Greystar,Southwest Florida Coast,5 - Bradenton - East,Marlowe Lake Manatee,14370 State Road 64 East,Bradenton,FL,34212,232,MANAGE
Greystar Management,LRE Management,Southwest Florida Coast,5 - Bradenton - East,"Pointe at Lakewood Ranch, The",8925 77th Terrace East,Lakewood Ranch,FL,34202,160,MANAGE
Greystar Management,LaSalle Investment Management,Southwest Florida Coast,5 - Bradenton - East,Summerhouse Lakewood Ranch,11716 18th Place East,Lakewood Ranch,FL,34211,257,MANAGE
Greystar Management,Greystar,Southwest Florida Coast,7 - Sarasota - University,Birchway Sarasota,2400 Tallevast Road,Sarasota,FL,34243,336,MANAGE
Greystar Management,"Carlyle Group, The",Southwest Florida Coast,9 - Sarasota - Central,Arietta,4 Maggie Lane,Sarasota,FL,34232,108,MANAGE
Greystar Management,Belpointe,Southwest Florida Coast,9 - Sarasota - Central,Aster & Links,1991 Main Street,Sarasota,FL,34236,424,MANAGE
Greystar Management,LaSalle Investment Management,Southwest Florida Coast,9 - Sarasota - Central,"Ensley, The",310 North Cattlemen Road,Sarasota,FL,34232,336,MANAGE
Greystar Management,Wood Partners,Southwest Florida Coast,13 - Venice,Altera Jacaranda,2305 Frederick Drive,Venice,FL,34292,280,MANAGE
Greystar Management,Greystar,Southwest Florida Coast,13 - Venice,Marlowe Jacaranda,9720 Beaming Road,Venice,FL,34292,240,MANAGE
Greystar Management,LaSalle Investment Management,Southwest Florida Coast,13 - Venice,"Reserve at Venice, The",2300 Laurel Road East,North Venice,FL,34275,276,MANAGE
Greystar Management,"Latigo Group, The",Southwest Florida Coast,19 - Cape Coral,"Hadley, The",376 Penley Lake Circle,Cape Coral,FL,33991,444,MANAGE
Greystar Management,Young Development,Southwest Florida Coast,19 - Cape Coral,"Palms at Cape Coral, The",701 SW Pine Island Road,Cape Coral,FL,33991,280,MANAGE
Greystar Management,RD Management,Southwest Florida Coast,20 - North Fort Myers,"Alary at Merchant's Crossing, The",3260 Stockton Street,North Fort Myers,FL,33903,283,MANAGE
Greystar Management,Encore Enterprises,Southwest Florida Coast,21 - Fort Myers - East,Encore Echo,3065 Champion Ring Road,Fort Myers,FL,33905,179,MANAGE
Greystar Management,"Marcus Organization, The",Southwest Florida Coast,21 - Fort Myers - East,Taverna at the Forum,3246 Champion Ring Road,Fort Myers,FL,33905,250,MANAGE
Greystar Management,Manhattan Five Partners,Southwest Florida Coast,22 - Fort Myers - Central,"Laurels, The",2346 Winkler Avenue,Fort Myers,FL,33901,240,MANAGE
Greystar Management,Alliance Companies,Southwest Florida Coast,22 - Fort Myers - Central,Montego Reserve,4051 Winkler Avenue,Fort Myers,FL,33916,280,MANAGE
Greystar Management,Crow Holdings,Southwest Florida Coast,22 - Fort Myers - Central,"Retreat at Vista Lake, The",3701 Winkler Avenue,Fort Myers,FL,33916,640,MANAGE
Greystar Management,Knott Realty,Southwest Florida Coast,24 - Fort Myers - South,Decorum,9851 6 Mile Cypress Pkwy,Fort Myers,FL,33966,435,MANAGE
Greystar Management,Global City Development,Southwest Florida Coast,24 - Fort Myers - South,Reva,7301 Lake Bank Loop,Fort Myers,FL,33966,255,MANAGE
Greystar Management,SITE Centers,Southwest Florida Coast,26 - Estero,Corsa at Estero Crossing,21301 South Branch Blvd,Estero,FL,33928,306,MANAGE
Greystar Management,Royal Properties,Southwest Florida Coast,26 - Estero,Estero Vista,19600 Veduro Circle,Fort Myers,FL,33908,144,MANAGE
Greystar Management,Stock Development,Southwest Florida Coast,29 - North Naples,Allura,16210 Allura Circle,Naples,FL,34110,304,MANAGE
Greystar Management,Johnson Development Associates,Southwest Florida Coast,30 - Naples - Central,Lago,10200 Sweetgrass Circle,Naples,FL,34104,320,MANAGE
Greystar Management,Johnson Development Associates,Southwest Florida Coast,30 - Naples - Central,Marea,3350 Putney Court,Naples,FL,34112,300,MANAGE
Greystar Management,"Latigo Group, The",Southwest Florida Coast,31 - Naples - East,Fiori,8552 Collier Blvd,Naples,FL,34114,303,MANAGE
Greystar Management,FL Star,Southwest Florida Coast,31 - Naples - East,Hammock Park,8150 Rattlesnake Hammock Road,Naples,FL,34114,265,MANAGE
Greystar Management,Greystar,Southwest Florida Coast,31 - Naples - East,Marlowe,6026 Whitaker Road,Naples,FL,34112,216,MANAGE
Greystar Management,"Koerner, Jeb",Spokane,7 - Cliff-Cannon,Cooper George,707 West 5th Avenue,Spokane,WA,99204,144,MANAGE
Greystar Management,Diamond Rock Construction,Spokane,9 - Spokane - Northwest,Jake at Indian Trail,8808 North Indian Trail Road,Spokane,WA,99208,96,MANAGE
Greystar Management,Diamond Rock Construction,Spokane,9 - Spokane - Northwest,Residences at Indian Trail,8489 North Farmdale Court,Spokane,WA,99208,100,MANAGE
Greystar Management,Stellar Living,Spokane,13 - Logan,"Academy, The",1216 North Superior Street,Spokane,WA,99202,100,MANAGE
Greystar Management,Benedict Canyon Equities,Spokane,14 - Spokane Valley - North,Trillium,12925 East Mansfield Avenue,Spokane Valley,WA,99216,559,MANAGE
Greystar Management,Diamond Rock Construction,Spokane,15 - Spokane Valley - South,Broadway 190,11813 East Broadway Avenue,Spokane Valley,WA,99206,190,MANAGE
Greystar Management,Diamond Rock Construction,Spokane,15 - Spokane Valley - South,Tori's Place,2804 South Marcus Lane,Spokane Valley,WA,99037,75,MANAGE
Greystar Management,Diamond Rock Construction,Spokane,16 - Greenacres,Bella Tess,17016 East Indiana Pkwy,Spokane Valley,WA,99016,396,MANAGE
Greystar Management,Diamond Rock Construction,Spokane,16 - Greenacres,Bella Tess Phase III,17016 East Indiana Pkwy,Spokane Valley,WA,99016,156,MANAGE
Greystar Management,Diamond Rock Construction,Spokane,16 - Greenacres,"Homestead, The",15720 East 4th Avenue,Spokane Valley,WA,99037,248,MANAGE
Greystar Management,Corsa Development Group,Spokane,29 - Rathdrum,Skymeadow Villas,12531 Kenosha Lane,Rathdrum,ID,83858,276,MANAGE
Greystar Management,"Anderl, Thomas G.",Spokane,32 - Coeur d'Alene,Carrington Place,4010 West Trafford Drive,Coeur d'Alene,ID,83815,132,MANAGE
Greystar Management,"Anderl, Thomas G.",Spokane,32 - Coeur d'Alene,"Northern at Coeur d'Alene Place, The",1681 Pampas Lane,Coeur d'Alene,ID,83815,294,MANAGE
Greystar Management,"Anderl, Thomas G.",Spokane,33 - Post Falls,"Villas at Tullamore, The",3011 North Charleville Road,Post Falls,ID,83854,84,MANAGE
Greystar Management,TMR Investments,Spokane,34 - Liberty Lake,Big Trout Lodge,22809 East Country Vista Drive,Liberty Lake,WA,99019,297,MANAGE
Greystar Management,CTI Housing,Springfield MO,1 - Springfield - Central,"505, The",505 East St. Louis Street,Springfield,MO,65806,207,MANAGE
Greystar Management,Mapletree Investments,St Louis,2 - St. Louis - Central West End,Coronado Place & Towers,3701 Lindell Blvd,St. Louis,MO,63108,406,MANAGE
Greystar Management,High Street Residential,St Louis,12 - Kirkwood,"James, The",416 North Kirkwood Road,Kirkwood,MO,63122,152,MANAGE
Greystar Management,Cozad Commercial Real Estate,St Louis,13 - University City/Maplewood,Sunnen Station,31 Sunnen Drive,Maplewood,MO,63143,174,MANAGE
Greystar Management,Tradewind Properties,St Louis,18 - Fenton/Eureka,Sugar Creek,301 Clay Creek Trail,Fenton,MO,63026,200,MANAGE
Greystar Management,MLG Capital,St Louis,25 - St. Peters,Sun River Village,100 Broadridge Lane,St. Peters,MO,63376,388,MANAGE
Greystar Management,Avenue Development,St Louis,25 - St. Peters,Viva Bene St. Peters,101 Viva Bene Circle,St. Peters,MO,63376,161,MANAGE
Greystar Management,Sunstone Two Tree,St Louis,34 - Illinois - Edwardsville,Parc at 720,720 Puma Blvd,Edwardsville,IL,62025,168,MANAGE
Greystar Management,Douglas Development,Syracuse,1 - Downtown Syracuse,"Treasury, The",101 South Salina Street,Syracuse,NY,13202,121,MANAGE
Greystar Management,Greystar,Syracuse,4 - Eastside,Campus West,150 Henry Street,Syracuse,NY,13244,194,MANAGE
Greystar Management,TJM Properties,Syracuse,4 - Eastside,Tower 701,701 East Genesee Street,Syracuse,NY,13210,287,MANAGE
Greystar Management,Greystar,Syracuse,4 - Eastside,University Village on Colvin,315 Small Road,Syracuse,NY,13210,120,MANAGE
Greystar Management,TruAmerica Multifamily,Tacoma,1 - North Tacoma,1202 Pearl,1202 North Pearl Street,Tacoma,WA,98406,330,MANAGE
Greystar Management,ColRich Multifamily,Tacoma,2 - Downtown Tacoma,Chelsea Heights,603 South J Street,Tacoma,WA,98405,78,MANAGE
Greystar Management,Benedict Canyon Equities,Tacoma,2 - Downtown Tacoma,"Fairways, The",4901 Fairwood Blvd NE,Tacoma,WA,98422,545,MANAGE
Greystar Management,ColRich Multifamily,Tacoma,2 - Downtown Tacoma,Hanna Heights,415 6th Avenue,Tacoma,WA,98402,86,MANAGE
Greystar Management,Wood Partners,Tacoma,3 - Fircrest/University Place,Alta University Place,2211 68th Avenue Court West,University Place,WA,98466,274,MANAGE
Greystar Management,ColRich Multifamily,Tacoma,4 - Mid Tacoma,Vue 25,2368 Yakima Avenue,Tacoma,WA,98405,163,MANAGE
Greystar Management,Kennedy Wilson,Tacoma,5 - South Tacoma,Apex,2424 South 41st Street,Tacoma,WA,98409,203,MANAGE
Greystar Management,Benedict Canyon Equities,Tacoma,5 - South Tacoma,"Lodge at Madrona, The",3202 South Mason Avenue,Tacoma,WA,98409,465,MANAGE
Greystar Management,Kennedy Wilson,Tacoma,5 - South Tacoma,"Pacifica, The",4275 South Pine Street,Tacoma,WA,98409,177,MANAGE
Greystar Management,ColRich Multifamily,Tacoma,5 - South Tacoma,"Woodmark, The",2425 South 96th Street,Tacoma,WA,98444,288,MANAGE
Greystar Management,Greystar,Tacoma,7 - Puyallup/Sumner,Avana Chestnut Hills,209 21st Avenue SW,Puyallup,WA,98371,157,MANAGE
Greystar Management,Greystar,Tacoma,7 - Puyallup/Sumner,Avana Hamptons,2519 South Meridian Street,Puyallup,WA,98373,230,MANAGE
Greystar Management,MIG Real Estate,Tacoma,7 - Puyallup/Sumner,Bradley Park,2323 7th Street SE,Puyallup,WA,98374,155,MANAGE
Greystar Management,"Accend Companies, The",Tacoma,8 - Lakewood,Wellstone Bridgeport,12535 Bridgeport Way SW,Lakewood,WA,98499,208,MANAGE
Greystar Management,Kennedy Wilson,Tacoma,10 - Pierce County-Other,Belara at Lakeland,6170 Terrace View Lane,Auburn,WA,98092,430,MANAGE
Greystar Management,J.P. Morgan Asset Management,Tacoma,11 - Lacey,Britton Place,6655 Britton Pkwy NE,Lacey,WA,98516,192,MANAGE
Greystar Management,TMR Investments,Tacoma,11 - Lacey,Callen,1404 Brittany Lane NE,Lacey,WA,98516,189,MANAGE
Greystar Management,TruAmerica Multifamily,Tacoma,11 - Lacey,"Dakota, The",6205 Pacific Avenue SE,Lacey,WA,98503,156,MANAGE
Greystar Management,LivCor,Tacoma,14 - Tumwater,Montair at Somerset Hill,1704 Barnes Blvd SW,Tumwater,WA,98512,396,MANAGE
Greystar Management,TMR Investments,Tacoma,14 - Tumwater,Overlander,1221 Mottman Road,Tumwater,WA,98512,115,MANAGE
Greystar Management,TMR Investments,Tacoma,14 - Tumwater,Smyth,3425 Polo Club Lane SE,Olympia,WA,98501,127,MANAGE
Greystar Management,"Simmons, Brad",Tacoma,19 - Bainbridge Island,Island Homestead,541 Homestead Lane NE,Bainbridge Island,WA,98110,75,MANAGE
Greystar Management,Inman Equities,Tallahassee,1 - Central Tallahassee,Canyon Park,1325 West Tharpe Street,Tallahassee,FL,32303,252,MANAGE
Greystar Management,Seminole Boosters,Tallahassee,1 - Central Tallahassee,Champions Hall,232 Hayden Road,Tallahassee,FL,32304,60,MANAGE
Greystar Management,Middle Street Partners,Tallahassee,6 - Lafayette,Capital Place at Southwood,2300 Bluff Oak Way,Tallahassee,FL,32311,216,MANAGE
Greystar Management,TA Realty,Tampa - St Petersburg - Clearwater,1 - Tampa - Downtown,Anchor Riverwalk,109 West Fortune Street,Tampa,FL,33602,394,MANAGE
Greystar Management,Daniel Corporation,Tampa - St Petersburg - Clearwater,1 - Tampa - Downtown,"Mav, The",601 North 12th Street,Tampa,FL,33602,324,MANAGE
Greystar Management,Goldman Sachs & Company,Tampa - St Petersburg - Clearwater,1 - Tampa - Downtown,Nine15,915 North Franklin Street,Tampa,FL,33602,362,MANAGE
Greystar Management,Blaze Capital Partners,Tampa - St Petersburg - Clearwater,2 - Tampa - Historic,Lector 85,2409 East 2nd Avenue,Tampa,FL,33605,254,MANAGE
Greystar Management,Griffin Capital,Tampa - St Petersburg - Clearwater,2 - Tampa - Historic,Legacy Encore,1251 Ray Charles Blvd,Tampa,FL,33602,228,MANAGE
Greystar Management,UBS Realty Investors,Tampa - St Petersburg - Clearwater,3 - Tampa - West,2 Bayshore,101 West Beach Place,Tampa,FL,33606,367,MANAGE
Greystar Management,Ares Management,Tampa - St Petersburg - Clearwater,3 - Tampa - West,Arabelle Riverwalk,202 South Parker Street,Tampa,FL,33606,400,MANAGE
Greystar Management,CBRE Investment Management,Tampa - St Petersburg - Clearwater,3 - Tampa - West,Novel,3730 Midtown Drive,Tampa,FL,33607,390,MANAGE
Greystar Management,SoHo Capital,Tampa - St Petersburg - Clearwater,4 - Tampa - Tampa Heights,"Pearl, The",2110 North Ola Avenue,Tampa,FL,33602,314,MANAGE
Greystar Management,Alliance Residential Company,Tampa - St Petersburg - Clearwater,7 - Tampa - Sun Bay South,Broadstone Marina Bay,5127 West Tyson Avenue,Tampa,FL,33611,325,MANAGE
Greystar Management,"Accend Companies, The",Tampa - St Petersburg - Clearwater,7 - Tampa - Sun Bay South,M South,5110 South Manhattan Avenue,Tampa,FL,33611,288,MANAGE
Greystar Management,Greystar,Tampa - St Petersburg - Clearwater,7 - Tampa - Sun Bay South,Marlowe South Tampa,7210 Interbay Blvd,Tampa,FL,33616,350,MANAGE
Greystar Management,Johnson Development Associates,Tampa - St Petersburg - Clearwater,11 - Tampa Palms - Pebble Creek,"Trails at Hunter's Lake, The",8500 Hunters Village Road,Tampa,FL,33647,241,MANAGE
Greystar Management,Sembler Investments,Tampa - St Petersburg - Clearwater,12 - University,Lantana at Cypress Cay,14854 Alcorine Place,Lutz,FL,33559,252,MANAGE
Greystar Management,Sembler Investments,Tampa - St Petersburg - Clearwater,12 - University,Sage at Cypress Cay,14976 Osprey Nest Loop,Lutz,FL,33559,324,MANAGE
Greystar Management,Greystar,Tampa - St Petersburg - Clearwater,12 - University,Union on Fletcher,3600 East Fletcher Avenue,Tampa,FL,33613,217,MANAGE
Greystar Management,Ladera Capital Partners,Tampa - St Petersburg - Clearwater,19 - Lake Magdalene - Northdale,Residences at Lake Park,18402 Tapestry Lake Circle,Lutz,FL,33548,177,MANAGE
Greystar Management,TruAmerica Multifamily,Tampa - St Petersburg - Clearwater,21 - Brandon,Edge at Brandon,902 Delaney Circle,Brandon,FL,33511,372,MANAGE
Greystar Management,Alliance Residential Company,Tampa - St Petersburg - Clearwater,21 - Brandon,Prose Park View,10881 Caladesi Avenue,Tampa,FL,33610,336,MANAGE
Greystar Management,2nd Wave Development,Tampa - St Petersburg - Clearwater,21 - Brandon,Summerall,5701 Summerall Vista Circle,Riverview,FL,33578,352,MANAGE
Greystar Management,2nd Wave Development,Tampa - St Petersburg - Clearwater,23 - Palm River-Clair Mel,Asbury,4530 Leeward Ridge Drive,Tampa,FL,33619,360,MANAGE
Greystar Management,Trilogy Real Estate Group,Tampa - St Petersburg - Clearwater,23 - Palm River-Clair Mel,Azalea Luxury,2633 Azalea Garden Place,Tampa,FL,33619,289,MANAGE
Greystar Management,Balcara Group,Tampa - St Petersburg - Clearwater,26 - Sun City Center,SkyMor Southshore Bay,17212 Auburn Arch Loop,Wimauma,FL,33598,196,MANAGE
Greystar Management,Greystar,Tampa - St Petersburg - Clearwater,27 - St Petersburg - Downtown,Ascent St. Petersburg,225 1st Avenue North,St. Petersburg,FL,33701,357,MANAGE
Greystar Management,Greystar,Tampa - St Petersburg - Clearwater,31 - St Petersburg - North,Marlowe Gateway,2790 Grand Avenue,St. Petersburg,FL,33716,412,MANAGE
Greystar Management,Cherishome Living,Tampa - St Petersburg - Clearwater,33 - Pinellas Park,Villas at Gateway,2901 Gandy Blvd,Pinellas Park,FL,33782,300,MANAGE
Greystar Management,TruAmerica Multifamily,Tampa - St Petersburg - Clearwater,35 - Largo,Four Lakes at Clearwater,6465 142nd Avenue North,Clearwater,FL,33760,461,MANAGE
Greystar Management,Clarion Partners,Tampa - St Petersburg - Clearwater,36 - Clearwater - East,Bluestone on the Bay,19135 US Hwy 19 North,Clearwater,FL,33764,336,MANAGE
Greystar Management,Castle Lanterra Properties,Tampa - St Petersburg - Clearwater,36 - Clearwater - East,Vue at Belleair,1551 Flournoy Circle West,Clearwater,FL,33764,339,MANAGE
Greystar Management,Ares Management,Tampa - St Petersburg - Clearwater,37 - Clearwater - West,Arabelle Clearwater,1320 Sands Terrace East,Clearwater,FL,33764,314,MANAGE
Greystar Management,Greystar,Tampa - St Petersburg - Clearwater,37 - Clearwater - West,Avana City Park,101 South Old Coachman Road,Clearwater,FL,33765,228,MANAGE
Greystar Management,Greystar,Tampa - St Petersburg - Clearwater,37 - Clearwater - West,Avana Coachman,2481 NE Coachman Road,Clearwater,FL,33765,218,MANAGE
Greystar Management,Greystar,Tampa - St Petersburg - Clearwater,37 - Clearwater - West,Avana Lakeview,2550 Stag Run Blvd,Clearwater,FL,33765,207,MANAGE
Greystar Management,Greystar,Tampa - St Petersburg - Clearwater,37 - Clearwater - West,"Sands at Clearwater, The",2168 Druid Road,Clearwater,FL,33764,240,MANAGE
Greystar Management,Johnson Development Associates,Tampa - St Petersburg - Clearwater,38 - Palm Harbor,Upshore,35820 US Highway 19 North,Palm Harbor,FL,34684,264,MANAGE
Greystar Management,LaSalle Investment Management,Tampa - St Petersburg - Clearwater,41 - New Port Richey,Pier 8 at the Preserve,2130 Leather Fern Drive,Odessa,FL,33556,350,MANAGE
Greystar Management,Jireh Development,Tampa - St Petersburg - Clearwater,41 - New Port Richey,"Retreat at Trinity, The",11405 Billfish Circle,Trinity,FL,34655,120,MANAGE
Greystar Management,Jireh Development,Tampa - St Petersburg - Clearwater,41 - New Port Richey,Trinity Club,10800 Torino Drive,New Port Richey,FL,34655,300,MANAGE
Greystar Management,Jireh Development,Tampa - St Petersburg - Clearwater,41 - New Port Richey,Trinity Exchange,1920 Spade Fish Blvd,Trinity,FL,34655,228,MANAGE
Greystar Management,Wood Partners,Tampa - St Petersburg - Clearwater,43 - Land O' Lakes,Altera Conner Park,18722 Grand Live Oak Blvd,Land O' Lakes,FL,34638,305,MANAGE
Greystar Management,Johnson Development Associates,Tampa - St Petersburg - Clearwater,43 - Land O' Lakes,"Elliott, The",20191 Sabal Palm Court,Land O' Lakes,FL,34638,320,MANAGE
Greystar Management,PCCP,Tampa - St Petersburg - Clearwater,44 - Wesley Chapel,Skymor Wesley Chapel,6274 Caroline Drive,Wesley Chapel,FL,33545,150,MANAGE
Greystar Management,DeBartolo Development,Tampa - St Petersburg - Clearwater,49 - Lakeland,Arbor Glen,4950 Deep Forest Court,Lakeland,FL,33805,324,MANAGE
Greystar Management,Alliance Residential Company,Tampa - St Petersburg - Clearwater,49 - Lakeland,Prose Lakeside,1320 Caprice Drive,Lakeland,FL,33811,391,MANAGE
Greystar Management,Cherishome Living,Tampa - St Petersburg - Clearwater,49 - Lakeland,Town Center at Lakeside Village,1555 Village Center Drive,Lakeland,FL,33803,312,MANAGE
Greystar Management,Wood Partners,Tampa - St Petersburg - Clearwater,52 - Davenport,Alta Citron,3020 Base Blvd,Davenport,FL,33837,324,MANAGE
Greystar Management,Greystar,Tampa - St Petersburg - Clearwater,52 - Davenport,LTD Champions Ridge,1311 Elan Drive,Davenport,FL,33896,330,MANAGE
Greystar Management,"Latigo Group, The",Tampa - St Petersburg - Clearwater,52 - Davenport,Lynwind,2110 Lynwind Blvd,Davenport,FL,33896,384,MANAGE
Greystar Management,Greystar,Tampa - St Petersburg - Clearwater,52 - Davenport,Marlowe Ridgeview,1310 Ridgeview Circle,Davenport,FL,33896,288,MANAGE
Greystar Management,Virtus Real Estate Capital,Tampa - St Petersburg - Clearwater,52 - Davenport,"Pointe at Siena Ridge, The",7035 Broad Way,Davenport,FL,33837,163,MANAGE
Greystar Management,TMR Investments,Tucson,3 - Northwest,Desert Shadows,7425 North Mona Lisa Road,Tucson,AZ,85741,338,MANAGE
Greystar Management,TMR Investments,Tucson,4 - Catalina Foothills,ENVii,4545 North Via Entrada,Tucson,AZ,85718,424,MANAGE
Greystar Management,"Warthen, Paul",Tucson,7 - North Central,Fountain Plaza,2345 North Craycroft Road,Tucson,AZ,85712,196,MANAGE
Greystar Management,Greystar,Tucson,9 - Tucson Mountain Foothills,Album Marana,7760 North Silverbell Road,Tucson,AZ,85743,141,MANAGE
Greystar Management,"Menne, John D.",Tucson,9 - Tucson Mountain Foothills,"Springs at Continental Ranch, The",7901 North Cortaro Road,Tucson,AZ,85743,196,MANAGE
Greystar Management,Greystar,Tucson,10 - University,Union on 6th,316 East 6th Street,Tucson,AZ,85705,255,MANAGE
Greystar Management,"Ellison, Chris",Tulsa,1 - Tulsa_Downtown,Noma,2219 East 11th Street,Tulsa,OK,74104,256,MANAGE
Greystar Management,Tradewind Properties,Tulsa,4 - Tulsa_South,Cascades at Southern Hills,1818 East 71st Street,Tulsa,OK,74136,424,MANAGE
Greystar Management,Tradewind Properties,Tulsa,6 - Union,Coventry Park,8120 East 63rd Place South,Tulsa,OK,74133,256,MANAGE
Greystar Management,Tradewind Properties,Tulsa,6 - Union,Eagle Point,5808 East 71st Street South,Tulsa,OK,74136,344,MANAGE
Greystar Management,Berkshire Lane Development Partners,Tulsa,10 - Broken Arrow,Heritage Grove,4610 South Aspen Avenue,Broken Arrow,OK,74011,182,MANAGE
Greystar Management,Juniper Investment Group,Tulsa,11 - Bixby,"Residences at Boardwalk Phase III, The",8300 East 123rd Street South,Bixby,OK,74008,96,MANAGE
Greystar Management,Trident Development,Twin Cities - Suburban,2 - Shakopee,Arasan,1620 Lusitano Street,Shakopee,MN,55379,138,MANAGE
Greystar Management,Greystar,Twin Cities - Suburban,2 - Shakopee,Avana Addison,935 Alysheba Road,Shakopee,MN,55379,290,MANAGE
Greystar Management,Greystar,Twin Cities - Suburban,5 - Burnsville,Avana West Park,429 East Travelers Trail,Burnsville,MN,55337,240,MANAGE
Greystar Management,Abacus Capital Group,Twin Cities - Suburban,5 - Burnsville,Meridian Pointe Apartment Homes,251 McAndrews Road West,Burnsville,MN,55337,339,MANAGE
Greystar Management,Trilogy Real Estate Group,Twin Cities - Suburban,9 - Woodbury/Cottage Grove,"Aurilla, The",7689 Hardwood Avenue South,Cottage Grove,MN,55016,171,MANAGE
Greystar Management,MLG Capital,Twin Cities - Suburban,9 - Woodbury/Cottage Grove,Beyond Woodbury,455 Karen Drive,Woodbury,MN,55129,255,MANAGE
Greystar Management,Goldman Sachs & Company,Twin Cities - Suburban,9 - Woodbury/Cottage Grove,"Grand Reserve, The",10285 Grand Forest Lane,Woodbury,MN,55129,394,MANAGE
Greystar Management,CenterSquare Investment Management,Twin Cities - Suburban,10 - Stillwater,Bentley Village,9485 4th Street North,Lake Elmo,MN,55042,102,MANAGE
Greystar Management,Spyglass Capital Partners,Twin Cities - Suburban,15 - Brooklyn Park,610 West,6717 Oak Grove Pkwy,Brooklyn Park,MN,55445,480,MANAGE
Greystar Management,Greystar,Twin Cities - Suburban,18 - Maple Grove,Summerwell Maple Grove,10339 Orchid Lane North,Maple Grove,MN,55369,220,MANAGE
Greystar Management,High Street Residential,Twin Cities - Suburban,20 - Minnetonka,"Island Residences at Carlson Center, The",501 Carlson Pkwy,Minnetonka,MN,55305,174,MANAGE
Greystar Management,LaSalle Investment Management,Twin Cities - Urban,1 - Minneapolis - Central,"Paxon, The",360 North 1st Street,Minneapolis,MN,55401,140,MANAGE
Greystar Management,Solaris Real Estate,Twin Cities - Urban,1 - Minneapolis - Central,Second + Second,120 2nd Street North,Minneapolis,MN,55401,158,MANAGE
Greystar Management,LaSalle Investment Management,Twin Cities - Urban,1 - Minneapolis - Central,VÉLO,115 North 2nd Street,Minneapolis,MN,55401,101,MANAGE
Greystar Management,Trilogy Real Estate Group,Twin Cities - Urban,4 - Minneapolis - Calhoun Isle,"Bohen, The",2851 Hennepin Avenue,Minneapolis,MN,55408,143,MANAGE
Greystar Management,Jones Lang LaSalle,Twin Cities - Urban,6 - Minneapolis - Northeast,"Grain Belt, The",1215 Marshall Street NE,Minneapolis,MN,55413,151,MANAGE
Greystar Management,Greystar,Twin Cities - Urban,7 - Minneapolis - University,Accolade Minneapolis,2630 University Avenue SE,Minneapolis,MN,55414,605,MANAGE
Greystar Management,Greystar,Twin Cities - Urban,7 - Minneapolis - University,Hub Minneapolis,311 Harvard Street SE,Minneapolis,MN,55414,407,MANAGE
Greystar Management,Greystar,Twin Cities - Urban,7 - Minneapolis - University,"Marshall, The",515 14th Avenue SE,Minneapolis,MN,55414,316,MANAGE
Greystar Management,Trammell Crow Company,Twin Cities - Urban,14 - Edina/Eden Prairie,Avidor Edina,5220 Eden Avenue,Edina,MN,55436,165,MANAGE
Greystar Management,Greystar,Twin Cities - Urban,14 - Edina/Eden Prairie,"Bower Edina, The",3650 Hazelton Road,Edina,MN,55435,185,MANAGE
Greystar Management,Rise Modular,Twin Cities - Urban,14 - Edina/Eden Prairie,"Eddi, The",4911 West 77th Street,Edina,MN,55435,202,MANAGE
Greystar Management,Greystar,Twin Cities - Urban,15 - Minnetonka,Avana Minnetonka,12300 Marion Lane West,Minnetonka,MN,55305,456,MANAGE
Greystar Management,Trammell Crow Company,Twin Cities - Urban,15 - Minnetonka,Avidor Minnetonka,12610 Ridgedale Drive,Minnetonka,MN,55305,168,MANAGE
Greystar Management,Trilogy Real Estate Group,Twin Cities - Urban,16 - Hopkins,"Hallon I, The",8594 Excelsior Blvd,Hopkins,MN,55343,219,MANAGE
Greystar Management,Trilogy Real Estate Group,Twin Cities - Urban,16 - Hopkins,"Hallon II, The",8490 Excelsior Blvd,Hopkins,MN,55343,250,MANAGE
Greystar Management,Greystar,Twin Cities - Urban,17 - St. Louis Park,Caraway West End,5235 Wayzata Blvd,St. Louis Park,MN,55416,207,MANAGE
Greystar Management,Mesirow Financial,Twin Cities - Urban,17 - St. Louis Park,"Ellipse on Excelsior, The",3920 Excelsior Blvd,St. Louis Park,MN,55416,190,MANAGE
Greystar Management,Schafer Richardson,Twin Cities - Urban,21 - St. Paul - Downtown,Irvine Exchange,200 Exchange Street,St. Paul,MN,55102,176,MANAGE
Greystar Management,Waterford Residential,Twin Cities - Urban,22 - St. Paul - West Seventh,Waterford Bay,380 Randolph Avenue,St. Paul,MN,55102,243,MANAGE
Greystar Management,Greystar,Twin Cities - Urban,37 - West St. Paul,Avana Southview,4930 Ashley Lane,Inver Grove Heights,MN,55077,424,MANAGE
Greystar Management,Trilogy Real Estate Group,Twin Cities - Urban,37 - West St. Paul,"Westlyn, The",240 Thompson Avenue East,West St. Paul,MN,55118,153,MANAGE
Greystar Management,Elm Street Development,Washington DC - Suburban Maryland,,Brookestone Townhomes,12111 Fielding Place,Waldorf,MD,20601,88,MANAGE
Greystar Management,D.R. Horton,Washington DC - Suburban Maryland,3 - St. Charles/Waldorf,Ascend Pinegrove,10263 Pine Hill Place,La Plata,MD,20646,288,MANAGE
Greystar Management,"Penzance Companies, The",Washington DC - Suburban Maryland,3 - St. Charles/Waldorf,Brandywine Green,15135 Mattawoman Drive,Brandywine,MD,20613,243,MANAGE
Greystar Management,MCB Real Estate,Washington DC - Suburban Maryland,3 - St. Charles/Waldorf,"Ironwood at Waldorf Station, The",2320 Clubhouse Station Place,Waldorf,MD,20601,302,MANAGE
Greystar Management,Elm Street Development,Washington DC - Suburban Maryland,3 - St. Charles/Waldorf,Sunstone Grove,2555 Avesta Place,Waldorf,MD,20603,73,MANAGE
Greystar Management,Peterson Companies,Washington DC - Suburban Maryland,4 - Camp Springs/Fort Washington,"Esplanade at National Harbor, The",250 American Way,Oxon Hill,MD,20745,262,MANAGE
Greystar Management,Croatan Investments,Washington DC - Suburban Maryland,4 - Camp Springs/Fort Washington,Midtown at Camp Springs,4400 Telfair Blvd,Camp Springs,MD,20746,291,MANAGE
Greystar Management,Greystar,Washington DC - Suburban Maryland,5 - Bowie/Lake Arbor/Largo,Avana Heather Ridge,16021 English Oaks Avenue,Bowie,MD,20716,324,MANAGE
Greystar Management,Blackfin Real Estate Investors,Washington DC - Suburban Maryland,5 - Bowie/Lake Arbor/Largo,Mosaic at Largo Station,8831 Lottsford Road,Largo,MD,20774,242,MANAGE
Greystar Management,Hasta Capital,Washington DC - Suburban Maryland,5 - Bowie/Lake Arbor/Largo,Tapestry Largo Station,9300 Lottsford Road,Largo,MD,20774,318,MANAGE
Greystar Management,J.P. Morgan Asset Management,Washington DC - Suburban Maryland,9 - Barry Farms/Saint Elizabeths,100 Capitol Yards,100 I Street SE,Washington,DC,20003,246,MANAGE
Greystar Management,J.P. Morgan Asset Management,Washington DC - Suburban Maryland,9 - Barry Farms/Saint Elizabeths,70 Capitol Yards,70 I Street SE,Washington,DC,20003,448,MANAGE
Greystar Management,Carmel Partners,Washington DC - Suburban Maryland,9 - Barry Farms/Saint Elizabeths,Annex on 12th,300 12th Street SW,Washington,DC,20024,562,MANAGE
Greystar Management,Akridge Real Estate Services,Washington DC - Suburban Maryland,9 - Barry Farms/Saint Elizabeths,"Byron, The",101 V Street SW,Washington,DC,20024,384,MANAGE
Greystar Management,Akridge Real Estate Services,Washington DC - Suburban Maryland,9 - Barry Farms/Saint Elizabeths,Colette,2099 1st Street SW,Washington,DC,20024,316,MANAGE
Greystar Management,Tishman Speyer,Washington DC - Suburban Maryland,9 - Barry Farms/Saint Elizabeths,Crossing DC,949 1st Street SE,Washington,DC,20003,818,MANAGE
Greystar Management,Akridge Real Estate Services,Washington DC - Suburban Maryland,9 - Barry Farms/Saint Elizabeths,Everly,2000 2nd Street SW,Washington,DC,20024,413,MANAGE
Greystar Management,Lowe Enterprises,Washington DC - Suburban Maryland,9 - Barry Farms/Saint Elizabeths,Gallery 64,64 H Street SW,Washington,DC,20024,492,MANAGE
Greystar Management,Greystar,Washington DC - Suburban Maryland,9 - Barry Farms/Saint Elizabeths,ORE 82,82 I Street SE,Washington,DC,20003,227,MANAGE
Greystar Management,Akridge Real Estate Services,Washington DC - Suburban Maryland,9 - Barry Farms/Saint Elizabeths,"Stacks Phase II, The",1st Street SW & V Street SW,Washington,DC,20593,100,MANAGE
Greystar Management,Toll Brothers Apartment Living,Washington DC - Suburban Maryland,9 - Barry Farms/Saint Elizabeths,"Vermeer, The",113 Potomac Avenue SW,Washington,DC,20024,501,MANAGE
Greystar Management,Douglas Development,Washington DC - Suburban Maryland,9 - Barry Farms/Saint Elizabeths,Watermark Buzzard Point,1900 Half Street SW,Washington,DC,20024,453,MANAGE
Greystar Management,Douglas Development,Washington DC - Suburban Maryland,13 - Seat Pleasant/Walker Mill,Addison Row,4800 Addison Road,Capitol Heights,MD,20743,648,MANAGE
Greystar Management,Wood Partners,Washington DC - Suburban Maryland,14 - Cheverly/Glenarden/Landover Hills,Alta New Carrollton,4851 Ellin Road,Hyattsville,MD,20784,319,MANAGE
Greystar Management,Gilbane Development Company,Washington DC - Suburban Maryland,16 - West Greenbelt/East Riverdale,Atworth,4201 River Road,Riverdale,MD,20737,451,MANAGE
Greystar Management,Kettler,Washington DC - Suburban Maryland,18 - Brentwood/Trinidad/Woodridge,"Gantry, The",300 Morse Street NE,Washington,DC,20002,551,MANAGE
Greystar Management,Carmel Partners,Washington DC - Suburban Maryland,18 - Brentwood/Trinidad/Woodridge,"Hale, The",1150 1st Street NE,Washington,DC,20002,500,MANAGE
Greystar Management,MRP Realty,Washington DC - Suburban Maryland,18 - Brentwood/Trinidad/Woodridge,"Iris, The",7 M Street NE,Washington,DC,20002,430,MANAGE
Greystar Management,High Street Residential,Washington DC - Suburban Maryland,18 - Brentwood/Trinidad/Woodridge,Market House,1240 3rd Street NE,Washington,DC,20002,468,MANAGE
Greystar Management,High Street Residential,Washington DC - Suburban Maryland,18 - Brentwood/Trinidad/Woodridge,Rigby,1220 3rd Street NE,Washington,DC,20002,172,MANAGE
Greystar Management,LaSalle Investment Management,Washington DC - Suburban Maryland,18 - Brentwood/Trinidad/Woodridge,Senate Square,201 I Street NE,Washington,DC,20002,432,MANAGE
Greystar Management,Monument Realty,Washington DC - Suburban Maryland,18 - Brentwood/Trinidad/Woodridge,SoNYa,40 Patterson Street NE,Washington,DC,20002,321,MANAGE
Greystar Management,Carmel Partners,Washington DC - Suburban Maryland,18 - Brentwood/Trinidad/Woodridge,Theory,300 Neal Place NE,Washington,DC,20002,159,MANAGE
Greystar Management,Kettler,Washington DC - Suburban Maryland,18 - Brentwood/Trinidad/Woodridge,Union Heights,1676 Maryland Avenue NE,Washington,DC,20002,257,MANAGE
Greystar Management,Kettler,Washington DC - Suburban Maryland,18 - Brentwood/Trinidad/Woodridge,Union Heights Phase II,1676 Maryland Avenue NE,Washington,DC,20002,325,MANAGE
Greystar Management,Multi-Employer Property Trust (MEPT),Washington DC - Suburban Maryland,19 - Capitol Hill,Anthology,625 H Street NE,Washington,DC,20002,307,MANAGE
Greystar Management,Simpson Housing,Washington DC - Suburban Maryland,20 - Brookland/South Petworth,14W,1315 W Street NW,Washington,DC,20009,231,MANAGE
Greystar Management,Douglas Development,Washington DC - Suburban Maryland,20 - Brookland/South Petworth,Brookland Press,806 Channing Place NE,Washington,DC,20018,295,MANAGE
Greystar Management,Rock Creek Property Group,Washington DC - Suburban Maryland,20 - Brookland/South Petworth,"Oliver, The",2711 Georgia Avenue NW,Washington,DC,20001,93,MANAGE
Greystar Management,High Street Residential,Washington DC - Suburban Maryland,20 - Brookland/South Petworth,Rowan,2607 Reed Street NE,Washington,DC,20018,353,MANAGE
Greystar Management,Wood Partners,Washington DC - Suburban Maryland,21 - North Capitol,Alta 801,801 New Jersey Avenue NW,Washington,DC,20001,327,MANAGE
Greystar Management,Greystar,Washington DC - Suburban Maryland,21 - North Capitol,"Aspen, The",1011 4th Street NW,Washington,DC,20001,133,MANAGE
Greystar Management,Toll Brothers Apartment Living,Washington DC - Suburban Maryland,21 - North Capitol,Banner Lane,44 Banner Lane NW,Washington,DC,20001,561,MANAGE
Greystar Management,Nuveen Real Estate,Washington DC - Suburban Maryland,22 - Penn Quarter,Mass Court,300 Massachusetts Avenue NW,Washington,DC,20001,371,MANAGE
Greystar Management,Madison Investments,Washington DC - Suburban Maryland,24 - South 16th Street/Scott Circle Corridor,Collection 14,1400 W Street NW,Washington,DC,20009,233,MANAGE
Greystar Management,Nuveen Real Estate,Washington DC - Suburban Maryland,24 - South 16th Street/Scott Circle Corridor,"Louis, The",1920 14th Street NW,Washington,DC,20009,268,MANAGE
Greystar Management,High Street Residential,Washington DC - Suburban Maryland,24 - South 16th Street/Scott Circle Corridor,Sonnet,1441 U Street NW,Washington,DC,20009,288,MANAGE
Greystar Management,Carmel Partners,Washington DC - Suburban Maryland,29 - East Cleveland Park/Woodley Park,Aerie at Wardman Park,2650 Woodley Road NW,Washington,DC,20008,290,MANAGE
Greystar Management,TA Realty,Washington DC - Suburban Maryland,29 - East Cleveland Park/Woodley Park,"Barton at Woodley, The",2701 Calvert Street NW,Washington,DC,20008,211,MANAGE
Greystar Management,Carmel Partners,Washington DC - Suburban Maryland,29 - East Cleveland Park/Woodley Park,Zephyr at Wardman Park,2601 Calvert Street,Washington,DC,20008,577,MANAGE
Greystar Management,Annaly Capital Management,Washington DC - Suburban Maryland,33 - North Connecticut Ave. Corridor,Ellicott House,4849 Connecticut Avenue NW,Washington,DC,20008,327,MANAGE
Greystar Management,Greystar,Washington DC - Suburban Maryland,34 - Brightwood/16th Street Heights,Aventine Fort Totten,5210 3rd Street NE,Washington,DC,20011,308,MANAGE
Greystar Management,Hines Interests,Washington DC - Suburban Maryland,34 - Brightwood/16th Street Heights,Clover at The Parks,1155 Dahlia Street NW,Washington,DC,20012,60,MANAGE
Greystar Management,Douglas Development,Washington DC - Suburban Maryland,34 - Brightwood/16th Street Heights,"Glade on Laurel, The",6896 Laurel Street NW,Washington,DC,20012,353,MANAGE
Greystar Management,Gilbane Development Company,Washington DC - Suburban Maryland,35 - Chillum/Queens Chapel,Sovren,5685 Little Branch Run,Hyattsville,MD,20782,293,MANAGE
Greystar Management,Greystar,Washington DC - Suburban Maryland,37 - Downtown Silver Spring,"Cameron, The",8710 Cameron Street,Silver Spring,MD,20910,325,MANAGE
Greystar Management,"Bernstein Companies, The",Washington DC - Suburban Maryland,40 - College Park,"Highline, The",6445 America Blvd,Hyattsville,MD,20782,338,MANAGE
Greystar Management,Greystar,Washington DC - Suburban Maryland,40 - College Park,Union on Knox,4350 Knox Road,College Park,MD,20740,341,MANAGE
Greystar Management,Greystar,Washington DC - Suburban Maryland,40 - College Park,"Varsity College Park, The",8150 Baltimore Avenue,College Park,MD,20740,258,MANAGE
Greystar Management,Greystar,Washington DC - Suburban Maryland,45 - Downtown Bethesda,"Charles, The",7342 Wisconsin Avenue,Bethesda,MD,20814,301,MANAGE
Greystar Management,Duball,Washington DC - Suburban Maryland,45 - Downtown Bethesda,Sophia Bethesda,4924 St. Elmo Avenue,Bethesda,MD,20814,276,MANAGE
Greystar Management,Federal Realty Investment Trust,Washington DC - Suburban Maryland,45 - Downtown Bethesda,Upstairs at Bethesda Row,7131 Arlington Road,Bethesda,MD,20814,180,MANAGE
Greystar Management,Federal Realty Investment Trust,Washington DC - Suburban Maryland,47 - East Rockville,"Henri at Pike and Rose, The",11870 Grand Park Avenue,North Bethesda,MD,20852,272,MANAGE
Greystar Management,Federal Realty Investment Trust,Washington DC - Suburban Maryland,47 - East Rockville,Pallas at Pike & Rose,11550 Old Georgetown Road,Bethesda,MD,20852,319,MANAGE
Greystar Management,Federal Realty Investment Trust,Washington DC - Suburban Maryland,47 - East Rockville,PerSei at Pike & Rose,900 PerSei Place,North Bethesda,MD,20852,174,MANAGE
Greystar Management,Federal Realty Investment Trust,Washington DC - Suburban Maryland,47 - East Rockville,"Stories at Congressional Plaza, The",1620 East Jefferson Street,Rockville,MD,20852,194,MANAGE
Greystar Management,Ares Management,Washington DC - Suburban Maryland,48 - East Gaithersburg/Redland,"Daley at Shady Grove Metro, The",8010 Gramercy Blvd,Rockville,MD,20855,333,MANAGE
Greystar Management,Peterson Companies,Washington DC - Suburban Maryland,48 - East Gaithersburg/Redland,"Huntington at King Farm, The",801 Elmcroft Blvd,Rockville,MD,20850,402,MANAGE
Greystar Management,Greystar,Washington DC - Suburban Maryland,49 - Germantown/Montgomery Village,Avana Northlake,12622 Grey Eagle Court,Germantown,MD,20874,302,MANAGE
Greystar Management,Greystar,Washington DC - Suburban Maryland,49 - Germantown/Montgomery Village,Avana Oak Mill,20010 Frederick Road,Germantown,MD,20876,400,MANAGE
Greystar Management,Nuveen Real Estate,Washington DC - Suburban Maryland,49 - Germantown/Montgomery Village,Cherry Knoll,18832 Bent Willow Circle,Germantown,MD,20874,300,MANAGE
Greystar Management,White Oak Partners,Washington DC - Suburban Maryland,49 - Germantown/Montgomery Village,Pinnacle at Town Center,19860 Century Blvd,Germantown,MD,20874,328,MANAGE
Greystar Management,Greystar,West Palm Beach - Boca Raton,2 - Palm Beach Gardens,Avana Palm Beach Gardens,2750 Rio Vista Blvd,Palm Beach Gardens,FL,33410,448,MANAGE
Greystar Management,Greystar,West Palm Beach - Boca Raton,2 - Palm Beach Gardens,Mira Flores,11900 Valencia Gardens Avenue,Palm Beach Gardens,FL,33410,352,MANAGE
Greystar Management,PGIM Real Estate,West Palm Beach - Boca Raton,2 - Palm Beach Gardens,"Quaye at Palm Beach Gardens, The",10000 South Gardens Drive,Palm Beach Gardens,FL,33418,341,MANAGE
Greystar Management,Castle Lanterra Properties,West Palm Beach - Boca Raton,6 - West Palm Beach - Central,Loftin Place,805 North Olive Avenue,West Palm Beach,FL,33401,259,MANAGE
Greystar Management,PGIM Real Estate,West Palm Beach - Boca Raton,6 - West Palm Beach - Central,Oversea,290 North Olive Avenue,West Palm Beach,FL,33401,251,MANAGE
Greystar Management,AEW Capital Management,West Palm Beach - Boca Raton,8 - West Palm Beach - South,Palm Beach Preserve,7080 Banyan Leaf Drive,West Palm Beach,FL,33413,228,MANAGE
Greystar Management,Property Reserve,West Palm Beach - Boca Raton,11 - Wellington,Elan Polo Gardens,4310 Chukka Lane,Lake Worth,FL,33467,284,MANAGE
Greystar Management,Greystar,West Palm Beach - Boca Raton,12 - Lantana,Elan Palm Reserve,4350 Peregrine Way,Lake Worth,FL,33463,384,MANAGE
Greystar Management,Kolter Communities,West Palm Beach - Boca Raton,13 - Boynton Beach,Boynton Tropical,7401 Tropical World Way,Boynton Beach,FL,33437,210,MANAGE
Greystar Management,Greystar,West Palm Beach - Boca Raton,14 - Delray Beach,Caspian Delray Beach,190 SE 5th Avenue,Delray Beach,FL,33483,146,MANAGE
Greystar Management,UBS Realty Investors,West Palm Beach - Boca Raton,14 - Delray Beach,Citation Club,4801 South Citation Drive,Delray Beach,FL,33445,404,MANAGE
Greystar Management,Greystar,West Palm Beach - Boca Raton,14 - Delray Beach,"Franklin, The",320 Franklin Club Drive,Delray Beach,FL,33483,180,MANAGE
Greystar Management,Intercontinental Real Estate,West Palm Beach - Boca Raton,14 - Delray Beach,Midtown Delray,2200 Bloods Grove Circle,Delray Beach,FL,33445,116,MANAGE
Greystar Management,TA Realty,West Palm Beach - Boca Raton,14 - Delray Beach,South of Atlantic,151 SE 3rd Avenue,Delray Beach,FL,33483,172,MANAGE
Greystar Management,CDS International Holdings,West Palm Beach - Boca Raton,14 - Delray Beach,Worthing Place,32 SE 2nd Avenue,Delray Beach,FL,33444,217,MANAGE
Greystar Management,Greystar,West Palm Beach - Boca Raton,15 - Boca Raton - East,Boca City Walk,33 SE 8th Street,Boca Raton,FL,33432,229,MANAGE
Greystar Management,Greystar,West Palm Beach - Boca Raton,15 - Boca Raton - East,"Mark at Cityscape, The",9 Plaza Real South,Boca Raton,FL,33432,208,MANAGE
Greystar Management,Grand Peaks Properties,West Palm Beach - Boca Raton,16 - Boca Raton - West,"Seven at West Boca, The",10235 Boca Entrada Blvd,Boca Raton,FL,33428,448,MANAGE
Greystar Management,Greystar,West Virginia University,1 - West Virginia University,"Domain at Town Centre, The",5000 Domain Drive,Morgantown,WV,26501,336,MANAGE
Greystar Management,Goldman Sachs & Company,White Plains,8 - Tuckahoe/Eastchester,"Village at Bronxville, The",125 Parkway Road,Bronxville,NY,10708,110,MANAGE
Greystar Management,Wilder Balter Partners,White Plains,9 - New Rochelle,25 Maple,25 Maple Avenue,New Rochelle,NY,10801,185,MANAGE
Greystar Management,Rialto Capital Management,White Plains,9 - New Rochelle,360 Huguenot,360 Huguenot Street,New Rochelle,NY,10801,280,MANAGE
Greystar Management,BRP Development,White Plains,9 - New Rochelle,"Leaf, The",12 Church Street,New Rochelle,NY,10801,477,MANAGE
Greystar Management,BRP Development,White Plains,9 - New Rochelle,Motif,10 Commerce Drive,New Rochelle,NY,10801,172,MANAGE
Greystar Management,Wilder Balter Partners,White Plains,9 - New Rochelle,Stella,10 LeCount Place,New Rochelle,NY,10801,380,MANAGE
Greystar Management,Greystar,White Plains,13 - White Plains - north,25 North Lex,25 North Lexington Avenue,White Plains,NY,10601,500,MANAGE
Greystar Management,Greystar,White Plains,15 - Ossining,Terraces on the Hudson,217 North Highland Avenue,Ossining,NY,10562,168,MANAGE
Greystar Management,AMS Acquisitions,White Plains,16 - Peekskill/Croton-on-Hudson,Sylvan Woods Westchester,275 Craft Lane,Buchanan,NY,10511,148,MANAGE
Greystar Management,Woodmont Properties,White Plains,24 - Suffern,Woodgrove at Sterlington,950 Woodmont Lane,Sloatsburg,NY,10974,384,MANAGE
Greystar Management,Tradewind Properties,Wichita,10 - Wichita - East,Parc at 21st and Rock,7677 East 21st Street North,Wichita,KS,67206,240,MANAGE
Greystar Management,Vantage Point Properties,Wichita,14 - Wichita - West,"Avante, The",7400 West 37th Street North,Wichita,KS,67205,372,MANAGE
Greystar Management,HCW Development,Wichita,14 - Wichita - West,Ovation,4007 North Ridge Road,Wichita,KS,67205,201,MANAGE
Greystar Management,Vantage Point Properties,Wichita,14 - Wichita - West,SunSTONE Apartment Homes at Fox Ridge,3540 North Maize Road,Wichita,KS,67205,228,MANAGE
Greystar Management,East West Partners,Wilmington,1 - Wilmington - Downtown,Overlook at River Place,14 Grace Street,Wilmington,NC,28401,79,MANAGE
Greystar Management,South Eastern Real Estate Services Group,Wilmington,2 - Northside,City Block,814 North 3rd Street,Wilmington,NC,28401,112,MANAGE
Greystar Management,Cape Fear Development,Wilmington,14 - University,Headwaters at Autumn Hall,612 Council Street,Wilmington,NC,28403,286,MANAGE
Greystar Management,Olympus Development Company,Wilmington,17 - Maryville-Kirkland,"Nixon, The",7015 Ruth Avenue,Wilmington,NC,28411,144,MANAGE
Greystar Management,Middle Street Partners,Wilmington,20 - Ogden,Amberleigh South,550 Avery Drive,Wilmington,NC,28411,287,MANAGE
Greystar Management,"Oleander Company, The",Wilmington,22 - Greenville - Masonboro,"Range on Oleander, The",445 51st Street,Wilmington,NC,28409,345,MANAGE
Greystar Management,Childress Klein,Wilmington,23 - Silver Lake,Element Barclay,1605 Barclay Pointe Blvd,Wilmington,NC,28412,405,MANAGE
Greystar Management,Childress Klein,Wilmington,23 - Silver Lake,Element Barclay Station,1841 Dusty Miller Lane,Wilmington,NC,28412,286,MANAGE
Greystar Management,Graycliff Capital,Wilmington,23 - Silver Lake,Riverwood,3510 Corder Drive,Wilmington,NC,28412,206,MANAGE
Greystar Management,Banyan Residential,Wilmington,28 - Pender,Banyan Silo Ridge,11 Winnow Walk,Wilmington,NC,28411,299,MANAGE
Greystar Management,Chaucer Creek Capital,Winston-Salem - Greensboro,1 - Winston-Salem - Central,"Artreaux, The",950 North Trade Street,Winston-Salem,NC,27101,242,MANAGE
Greystar Management,Chaucer Creek Capital,Winston-Salem - Greensboro,1 - Winston-Salem - Central,"Easley, The",994 West 2nd Street,Winston-Salem,NC,27101,300,MANAGE
Greystar Management,SilverCap Partners,Winston-Salem - Greensboro,1 - Winston-Salem - Central,"Edge Flats, The",111 Edgeway Drive,Winston-Salem,NC,27104,170,MANAGE
Greystar Management,Leoterra Development Company,Winston-Salem - Greensboro,11 - Kernersville,Spire at Smith Crossing,1262 Solomon Drive,Kernersville,NC,27284,64,MANAGE
Greystar Management,Related Companies,Winston-Salem - Greensboro,16 - Greensboro - Southwest,Madison at Adams Farm,5202 Fox Hunt Drive,Greensboro,NC,27407,500,MANAGE
Greystar Management,Crescent Communities,Winston-Salem - Greensboro,17 - Greensboro - West,HARMON Jefferson Village,4216 Macbeth Street,Greensboro,NC,27410,130,MANAGE
Greystar Management,Leoterra Development Company,Winston-Salem - Greensboro,23 - Burlington,Spire at Darrowby Ridge,1729 University Drive,Burlington,NC,27215,119,MANAGE
Greystar Management,Blaze Capital Partners,Winston-Salem - Greensboro,25 - Mebane,Fieldstone Apartment Homes,510 Quaker Creek Drive,Mebane,NC,27302,240,MANAGE
Greystar Management,Benedict Canyon Equities,Worcester - Springfield,1 - Worcester - South,"6Hundred, The",600 Main Street,Worcester,MA,1608,196,MANAGE
Greystar Management,Eaton Vance Real Estate Investment Group,Worcester - Springfield,1 - Worcester - South,Alta on the Row,22 Mount Carmel Way,Worcester,MA,1604,370,MANAGE
Greystar Management,Apollo Global Management,Worcester - Springfield,3 - Strewsbury - Westborough,Parc Westborough,346 Turnpike Road,Westborough,MA,1581,249,MANAGE
Greystar Management,Wood Partners,Worcester - Springfield,4 - Clinton,Alta Nashoba Valley,582 Main Street,Bolton,MA,1740,229,MANAGE
Greystar Management,University of Massachusetts Building Authority,Worcester - Springfield,21 - Amherst,Fieldstone,345 Lincoln Avenue,Amherst,MA,1003,140,MANAGE
Greystar,Greystar Management,Albuquerque,7 - Albuquerque - Westside,Overture Andalucia,5301 Antequera Road,Albuquerque,NM,87120,171,OWN and Manage
Greystar,Greystar Management,Albuquerque,9 - Albuquerque - Academy,Overture Albuquerque,6441 Palomas Avenue NE,Albuquerque,NM,87109,174,OWN and Manage
Greystar,Greystar Management,Allentown-Bethlehem,13 - Bethlehem South,SouthSide Commons,444 Brodhead Avenue,Bethlehem,PA,18015,144,OWN and Manage
Greystar,Greystar Management,Appalachian,1 - James Madison,Arcadia Harrisonburg,1820 Putter Court,Harrisonburg,VA,22801,168,OWN and Manage
Greystar,Greystar Management,Appalachian,7 - University of Virginia,Old Ivy Residences,2441 Old Ivy Road,Charlottesville,VA,22903,336,OWN and Manage
Greystar,Greystar Management,Appalachian,19 - Blacksburg,Union Blacksburg,1001 University City Blvd,Blacksburg,VA,24060,442,OWN and Manage
Greystar,Greystar Management,Athens,1 - Athens - University,Accolade Athens,600 North Thomas Street,Athens,GA,30601,190,OWN and Manage
Greystar,American Campus Communities,Athens,1 - Athens - University,Georgia Heights,150 West Broad Street,Athens,GA,30601,294,OWN and Manage
Greystar,Greystar Management,Athens,5 - Athens - North,Flats at General Time,180 Newton Bridge Road,Athens,GA,30607,200,OWN and Manage
Greystar,Greystar Management,Atlanta - Suburban,2 - Roswell - Alpharetta,Avana North Point,900 Jameson Pass,Alpharetta,GA,30022,264,OWN and Manage
Greystar,Greystar Management,Atlanta - Suburban,2 - Roswell - Alpharetta,Avana Woods,8520 South Holcomb Bridge Way,Alpharetta,GA,30022,437,OWN and Manage
Greystar,,Atlanta - Suburban,4 - Duluth,3200 Buford Hwy,3200 Buford Hwy,Duluth,GA,30096,499,OWN and Manage
Greystar,Greystar Management,Atlanta - Suburban,4 - Duluth,Avana Court,3800 Club Drive,Duluth,GA,30096,446,OWN and Manage
Greystar,Greystar Management,Atlanta - Suburban,4 - Duluth,Avana Portico,2110 Preston Park Drive,Duluth,GA,30096,440,OWN and Manage
Greystar,Greystar Management,Atlanta - Suburban,4 - Duluth,Elan Satellite Place,3100 Commerce Avenue NW,Duluth,GA,30096,328,OWN and Manage
Greystar,Greystar Management,Atlanta - Suburban,4 - Duluth,Everleigh Duluth,3215 Hill Street,Duluth,GA,30096,180,OWN and Manage
Greystar,Greystar Management,Atlanta - Suburban,4 - Duluth,Proctor Square,3441 Fox Street NW,Duluth,GA,30096,72,OWN and Manage
Greystar,Greystar Management,Atlanta - Suburban,5 - Norcross,Avana Chase,6280 South Norcross Tucker Road,Tucker,GA,30084,410,OWN and Manage
Greystar,Greystar Management,Atlanta - Suburban,15 - Union City - Fairburn,Marlowe South Fulton,5617 Oakley Industrial Blvd,South Fulton,GA,30213,319,OWN and Manage
Greystar,Greystar Management,Atlanta - Suburban,15 - Union City - Fairburn,Summerwell Deerhaven,12076 Crosswicks Road,Union City,GA,30291,205,OWN and Manage
Greystar,Greystar Management,Atlanta - Suburban,15 - Union City - Fairburn,Summerwell Parkway Village,5055 Southwood Road,Union City,GA,30291,282,OWN and Manage
Greystar,Greystar Management,Atlanta - Suburban,18 - Lithia Springs,Elan Sweetwater Creek,1065 Preston Blvd,Lithia Springs,GA,30122,360,OWN and Manage
Greystar,Greystar Management,Atlanta - Suburban,19 - Austell,Elan Brookwood,3890 Floyd Road,Austell,GA,30106,395,OWN and Manage
Greystar,Greystar Management,Atlanta - Suburban,19 - Austell,Marlowe Brookwood,3753 Austell Road SW,Austell,GA,30106,340,OWN and Manage
Greystar,Greystar Management,Atlanta - Suburban,21 - Marietta,Avana Cityview,1650 Barnes Mill Road,Marietta,GA,30062,320,OWN and Manage
Greystar,Greystar Management,Atlanta - Suburban,22 - Kennesaw,Avana Acworth,4710 Baker Grove Road NW,Acworth,GA,30101,240,OWN and Manage
Greystar,Greystar Management,Atlanta - Suburban,22 - Kennesaw,Avana Kennesaw,3840 Jiles Road,Kennesaw,GA,30144,296,OWN and Manage
Greystar,Greystar Management,Atlanta - Suburban,22 - Kennesaw,Avana Ridenour,1575 Ridenour Pkwy NW,Kennesaw,GA,30152,255,OWN and Manage
Greystar,Greystar Management,Atlanta - Suburban,22 - Kennesaw,Avana TownPark,3725 George Busbee Pkwy NW,Kennesaw,GA,30144,300,OWN and Manage
Greystar,Greystar Management,Atlanta - Suburban,22 - Kennesaw,"Blake, The",3453 Busbee Drive,Kennesaw,GA,30144,274,OWN and Manage
Greystar,Greystar Management,Atlanta - Suburban,22 - Kennesaw,Overture Barrett,1490 Ernest Barrett Pkwy,Kennesaw,GA,30152,175,OWN and Manage
Greystar,Greystar Management,Atlanta - Suburban,23 - Dallas - Hiram,Summerwell Cedarcrest,24 Creekwater Drive,Acworth,GA,30101,127,OWN and Manage
Greystar,Greystar Management,Atlanta - Suburban,23 - Dallas - Hiram,Summerwell Legacy,10 Silvercharm Way,Dallas,GA,30132,128,OWN and Manage
Greystar,Greystar Management,Atlanta - Suburban,24 - Canton - Woodstock,Summerwell Bells Ferry,1151 Hunter Trail,Acworth,GA,30102,153,OWN and Manage
Greystar,Greystar Management,Atlanta - Suburban,27 - Winder,Summerwell Mill Creek,2150 Spring Rush Drive,Buford,GA,30519,194,OWN and Manage
Greystar,Greystar Management,Atlanta - Urban,9 - West End/Fairlie Poplar/Underground,Ascent Peachtree,161 Peachtree Center Avenue NE,Atlanta,GA,30303,345,OWN and Manage
Greystar,Greystar Management,Atlanta - Urban,10 - Grant Park/East Atlanta/Panthersville,Elan Madison Yards,230 Bill Kennedy Way SE,Atlanta,GA,30316,495,OWN and Manage
Greystar,Greystar Management,Atlanta - Urban,22 - Midtown,Ascent Midtown,1400 West Peachtree Street NW,Atlanta,GA,30309,328,OWN and Manage
Greystar,Greystar Management,Atlanta - Urban,22 - Midtown,NOMIA,1382 Peachtree Street NE,Atlanta,GA,30309,281,OWN and Manage
Greystar,Greystar Management,Atlanta - Urban,23 - Lindbergh,Avana Cheshire Bridge,2124 Cheshire Bridge Road NE,Atlanta,GA,30324,318,OWN and Manage
Greystar,Greystar Management,Atlanta - Urban,23 - Lindbergh,Avana on Main,508 Main Street NE,Atlanta,GA,30324,363,OWN and Manage
Greystar,Greystar Management,Atlanta - Urban,23 - Lindbergh,Newbergh ATL,761 Morosgo Drive NE,Atlanta,GA,30324,258,OWN and Manage
Greystar,Greystar Management,Atlanta - Urban,23 - Lindbergh,Overture Buckhead South,658 Lindbergh Drive NE,Atlanta,GA,30324,190,OWN and Manage
Greystar,Greystar Management,Atlanta - Urban,24 - North Druid Hills,Bellamy Executive Park,50 Executive Park South,Atlanta,GA,30329,342,OWN and Manage
Greystar,Greystar Management,Atlanta - Urban,27 - Buckhead,Cyan on Peachtree,3380 Peachtree Road NE,Atlanta,GA,30326,329,OWN and Manage
Greystar,Greystar Management,Atlanta - Urban,29 - Buckhead Village,Kingsboro,3443 Kingsboro Road NE,Atlanta,GA,30326,152,OWN and Manage
Greystar,Greystar Management,Atlanta - Urban,29 - Buckhead Village,Phipps Place,3460 Kingsboro Road NE,Atlanta,GA,30326,266,OWN and Manage
Greystar,,Atlanta - Urban,30 - Lenox,Lenox,1035 Lenox Park Blvd NE,Atlanta,GA,30319,188,OWN and Manage
Greystar,Greystar Management,Atlanta - Urban,32 - Northlake,Avana City North,3421 Northlake Pkwy NE,Atlanta,GA,30345,357,OWN and Manage
Greystar,Greystar Management,Atlanta - Urban,34 - Marietta SE,Avana Cumberland,2383 Akers Mill Road,Atlanta,GA,30339,400,OWN and Manage
Greystar,Greystar Management,Atlanta - Urban,34 - Marietta SE,Avana Powers Ferry,1818 Wood Hollow Court,Marietta,GA,30067,312,OWN and Manage
Greystar,Greystar Management,Atlanta - Urban,36 - West Chamblee,Avana Dunwoody,10 Gentrys Walk,Chamblee,GA,30341,227,OWN and Manage
Greystar,,Atlanta - Urban,36 - West Chamblee,Marlowe Chamblee,Carver Drive & Parsons Drive,Atlanta,GA,30360,300,OWN and Manage
Greystar,Greystar Management,Atlanta - Urban,38 - Sandy Springs/Dunwoody,Overture Powers Ferry,1927 Powers Ferry Road SE,Atlanta,GA,30339,171,OWN and Manage
Greystar,Greystar Management,Atlanta - Urban,38 - Sandy Springs/Dunwoody,Peachtree Dunwoody Place,6355 Peachtree Dunwoody Road NE,Atlanta,GA,30328,216,OWN and Manage
Greystar,Greystar Management,Austin,3 - Cedar Park,Everleigh Lakeline,9821 North Lake Creek Pkwy,Austin,TX,78717,191,OWN and Manage
Greystar,Greystar Management,Austin,12 - Jollyville - south,Overture Arboretum,10600 Jollyville Road,Austin,TX,78759,184,OWN and Manage
Greystar,Greystar Management,Austin,13 - IBM area,Overture Domain,3100 Kramer Lane,Austin,TX,78758,189,OWN and Manage
Greystar,,Austin,20 - Hyde Park,North Lamar,7301 North Lamar Blvd,Austin,TX,78752,378,OWN and Manage
Greystar,,Austin,21 - St Johns Park,St. John,7211 North Interstate 35 Frontage Road,Austin,TX,78752,526,OWN and Manage
Greystar,Greystar Management,Austin,25 - University of Texas,Platform,2823 East Martin Luther King Jr Blvd,Austin,TX,78702,355,OWN and Manage
Greystar,Greystar Management,Austin,25 - University of Texas,Platform Phase II,2823 East Martin Luther King Jr Blvd,Austin,TX,78702,202,OWN and Manage
Greystar,Greystar Management,Austin,25 - University of Texas,Union on 24th,701 West 24th Street,Austin,TX,78705,552,OWN and Manage
Greystar,Greystar Management,Austin,25 - University of Texas,Union on San Antonio,2011 San Antonio Street,Austin,TX,78705,425,OWN and Manage
Greystar,Greystar Management,Austin,27 - Downtown - north,SEVEN,615 West 7th Street,Austin,TX,78701,220,OWN and Manage
Greystar,Greystar Management,Austin,27 - Downtown - north,"Waller, The",1104 Sabine Street,Austin,TX,78701,388,OWN and Manage
Greystar,Greystar Management,Austin,28 - Downtown - south,1155 Barton Springs,1155 Barton Springs Road,Austin,TX,78704,74,OWN and Manage
Greystar,Greystar Management,Austin,30 - Pleasant Hill - west,Avana SoCo,401 Little Texas Lane,Austin,TX,78745,528,OWN and Manage
Greystar,Greystar Management,Austin,31 - Oak Hill,Sonora,8350 West US Highway 290,Austin,TX,78736,341,OWN and Manage
Greystar,Greystar Management,Austin,32 - Sunset Valley,Big Valley,2115 Big Valley Drive,Manchaca,TX,78652,303,OWN and Manage
Greystar,Greystar Management,Austin,32 - Sunset Valley,Perch,7731 Menchaca Road,Austin,TX,78745,312,OWN and Manage
Greystar,Greystar Management,Austin,34 - Daffan,Laurel,2001 Ed Bluestein Blvd,Austin,TX,78721,300,OWN and Manage
Greystar,Greystar Management,Austin,34 - Daffan,"Prado, The",11701 Dionda Lane,Del Valle,TX,78617,396,OWN and Manage
Greystar,Greystar Management,Austin,38 - San Marcos/Kyle,"Local Downtown, The",210 North Edward Gary Street,San Marcos,TX,78666,96,OWN and Manage
Greystar,Greystar Management,Austin,38 - San Marcos/Kyle,Uptown Square,1354 Thorpe Lane,San Marcos,TX,78666,316,OWN and Manage
Greystar,Greystar Management,Baltimore,5 - Baltimore - South,"Frank, The",2500 Insulator Drive,Baltimore,MD,21230,420,OWN and Manage
Greystar,Greystar Management,Baltimore,10 - Baltimore - Brewers Hill,"Lucie, The",3850 Boston Street,Baltimore,MD,21224,500,OWN and Manage
Greystar,Greystar Management,Baltimore,42 - Owings Mills,Avana Red Run,4300 Flint Hill Drive,Owings Mills,MD,21117,520,OWN and Manage
Greystar,Greystar Management,Bay Area - East Bay,5 - Berkeley,Hillside Village,1801 Shattuck Avenue,Berkeley,CA,94709,94,OWN and Manage
Greystar,Greystar Management,Bay Area - East Bay,16 - Pleasanton,Avana Stoneridge,5505 Springhouse Drive,Pleasanton,CA,94588,353,OWN and Manage
Greystar,Greystar Management,Bay Area - South Bay,3 - South San Jose,Avana San Jose,995 Tully Road,San Jose,CA,95122,220,OWN and Manage
Greystar,Greystar Management,Bay Area - South Bay,4 - Far South San Jose,Avana Almaden,1070 Foxchase Drive,San Jose,CA,95123,396,OWN and Manage
Greystar,Greystar Management,Bay Area - South Bay,9 - West San Jose,Lynhaven,919 South Winchester Blvd,San Jose,CA,95128,636,OWN and Manage
Greystar,,Bay Area - South Bay,10 - Santa Clara,3905 Freedom Circle,3905 Freedom Circle,Santa Clara,CA,95054,100,OWN and Manage
Greystar,Greystar Management,Bay Area - South Bay,10 - Santa Clara,Passero,2230 Calle Del Mundo,Santa Clara,CA,95054,371,OWN and Manage
Greystar,Greystar Management,Bay Area - South Bay,12 - Sunnyvale,Avana Sunnyvale,355 North Wolfe Road,Sunnyvale,CA,94085,192,OWN and Manage
Greystar,Greystar Management,Bay Area - South Bay,12 - Sunnyvale,Savoy,1120 Kifer Road,Sunnyvale,CA,94086,520,OWN and Manage
Greystar,,Bay Area - South Bay,13 - Mountain View - Los Altos,749 West El Camino Real,749 West El Camino Real,Mountain View,CA,94040,299,OWN and Manage
Greystar,Greystar Management,Bay Area - South Bay,13 - Mountain View - Los Altos,Landsby,100 Aspen Way,Mountain View,CA,94040,632,OWN and Manage
Greystar,Greystar Management,Birmingham,6 - South Birmingham - Hoover - north,Overture Tributary,3171 Highway 280,Birmingham,AL,35243,173,OWN and Manage
Greystar,Greystar Management,Birmingham,26 - Tuscaloosa - central,Union on Frank,530 Frank Thomas Avenue,Tuscaloosa,AL,35401,238,OWN and Manage
Greystar,Greystar Management,Birmingham,26 - Tuscaloosa - central,Union Tuscaloosa,1214 Paul W Bryant Drive,Tuscaloosa,AL,35401,132,OWN and Manage
Greystar,Greystar Management,Boston,2 - North End - Charlestown,Zinc,22 Water Street,Cambridge,MA,2141,392,OWN and Manage
Greystar,Greystar Management,Boston,3 - South End,212 Stuart Street,212 Stuart Street,Boston,MA,2116,126,OWN and Manage
Greystar,Greystar Management,Boston,11 - East Boston - Chelsea,Anthem Everett,484 2nd Street,Everett,MA,2149,450,OWN and Manage
Greystar,Greystar Management,Boston,11 - East Boston - Chelsea,Jade,202 Mill Road,Everett,MA,2149,325,OWN and Manage
Greystar,Greystar Management,Boston,11 - East Boston - Chelsea,Juniper,201 Mill Road,Everett,MA,2149,416,OWN and Manage
Greystar,Greystar Management,Boston,11 - East Boston - Chelsea,Mason,101 Mill Road,Everett,MA,2149,330,OWN and Manage
Greystar,Greystar Management,Boston,11 - East Boston - Chelsea,Maxwell,102 Mill Road,Everett,MA,2149,384,OWN and Manage
Greystar,Greystar Management,Boston,11 - East Boston - Chelsea,Ocean 650,650 Ocean Avenue,Revere,MA,2151,230,OWN and Manage
Greystar,Greystar Management,Boston,16 - Malden,Avana Cliffside,500 Broadway,Malden,MA,2148,295,OWN and Manage
Greystar,Greystar Management,Boston,16 - Malden,"Washingtons, The",2 Washington Street,Melrose,MA,2176,182,OWN and Manage
Greystar,Greystar Management,Boston,18 - Reading,Everly,14 Audubon Road,Wakefield,MA,1880,186,OWN and Manage
Greystar,,Boston,20 - Lakeview,Totten Pond,375 Totten Pond Road,Waltham,MA,2451,300,OWN and Manage
Greystar,Greystar Management,Boston,21 - Waltham,Elan Union Market,130 Arsenal Street,Watertown,MA,2472,282,OWN and Manage
Greystar,Greystar Management,Boston,22 - Newton,110 West Street,110 West Street,Needham,MA,2494,189,OWN and Manage
Greystar,Greystar Management,Boston,28 - Weymouth,Avana Weymouth,190 Mediterranean Drive,Weymouth,MA,2188,418,OWN and Manage
Greystar,Greystar Management,Boston,40 - Marlborough,Avana Marlborough,20 Applebriar Lane,Marlborough,MA,1752,164,OWN and Manage
Greystar,Greystar Management,Boston,40 - Marlborough,"Retreat at Marlborough, The",21 Austen Way,Marlborough,MA,1752,274,OWN and Manage
Greystar,Greystar Management,Boston,40 - Marlborough,Stone Gate,65 Silver Leaf Way,Marlborough,MA,1752,332,OWN and Manage
Greystar,Greystar Management,Boston,41 - Framingham,Avenu at Natick,3 Superior Drive,Natick,MA,1760,164,OWN and Manage
Greystar,Greystar Management,Boston,43 - Marshfield - Pembroke,Pembroke Woods,1100 Pembroke Woods Drive,Pembroke,MA,2359,240,OWN and Manage
Greystar,Greystar Management,Bridgeport - New Haven,45 - Storrs - Willington,"Oaks on the Square, The",12 Royce Circle,Storrs,CT,6268,618,OWN and Manage
Greystar,Greystar Management,Central Coast,2 - Goleta,Breakpointe & Coronado,6672 Abrego Road,Isla Vista,CA,93117,137,OWN and Manage
Greystar,Greystar Management,Charleston,1 - Charleston - Downtown,Courier Square,635 King Street,Charleston,SC,29403,300,OWN and Manage
Greystar,Greystar Management,Charleston,1 - Charleston - Downtown,"Guild, The",128 Columbus Street,Charleston,SC,29403,226,OWN and Manage
Greystar,Greystar Management,Charleston,2 - Charleston - James Island,Overture West Ashley,45 Coburg Road,Charleston,SC,29407,198,OWN and Manage
Greystar,Greystar Management,Charleston,5 - North Charleston,Asher,3812 West Montague Avenue,North Charleston,SC,29418,336,OWN and Manage
Greystar,Greystar Management,Charleston,8 - Charleston - Daniel Island,Overture Daniel Island,7770 Farr Street,Charleston,SC,29492,197,OWN and Manage
Greystar,Greystar Management,Charleston,9 - Mount Pleasant,Avana Long Point,100 Eighty Oak Avenue,Mount Pleasant,SC,29464,360,OWN and Manage
Greystar,Greystar Management,Charleston,11 - Summerville,Avana Oakbrook,325 Midland Pkwy,Summerville,SC,29485,280,OWN and Manage
Greystar,Greystar Management,Charleston,12 - Ladson,Marlowe Summerville,1000 Marlowe Vista Place,Summerville,SC,29486,278,OWN and Manage
Greystar,Greystar Management,Charleston,13 - Berkeley,Berkeley Homes,121 Marigny Street,Moncks Corner,SC,29461,114,OWN and Manage
Greystar,Greystar Management,Charlotte,5 - Cotswold,Overture Cotswold,4830 Randolph Road,Charlotte,NC,28211,158,OWN and Manage
Greystar,Greystar Management,Charlotte,6 - Myers Park,Kingston South End,124 East Kingston Avenue,Charlotte,NC,28203,324,OWN and Manage
Greystar,Greystar Management,Charlotte,13 - Colonial Village - Montclaire,Elan LoSo,4612 Gilead Street,Charlotte,NC,28217,380,OWN and Manage
Greystar,,Charlotte,15 - Northwest Charlotte,6301 Tuckaseegee Road,6301 Tuckaseegee Road,Charlotte,NC,28214,306,OWN and Manage
Greystar,Greystar Management,Charlotte,17 - North Charlotte,Album Huntersville,6930 Prosperity Church Road,Huntersville,NC,28078,168,OWN and Manage
Greystar,,Charlotte,17 - North Charlotte,Axis at the Park Phase II,5200 Oxford Pond Drive,Charlotte,NC,28262,338,OWN and Manage
Greystar,,Charlotte,17 - North Charlotte,Birchway Eastfield Station,6108 Hucks Road,Charlotte,NC,28269,512,OWN and Manage
Greystar,Greystar Management,Charlotte,17 - North Charlotte,Elan Prosperity Village,2020 Winters Eve Drive,Charlotte,NC,28269,300,OWN and Manage
Greystar,Greystar Management,Charlotte,19 - Hidden Valley - Oak Forest,Avana Avebury,2410 Allerton Way,Charlotte,NC,28213,348,OWN and Manage
Greystar,Greystar Management,Charlotte,21 - Matthews,Avana Matthews,2808 Cross Point Circle,Matthews,NC,28105,420,OWN and Manage
Greystar,Greystar Management,Charlotte,21 - Matthews,Avana Reserve,1315 Cameron Matthews Drive,Matthews,NC,28105,212,OWN and Manage
Greystar,Greystar Management,Charlotte,24 - Southwest Charlotte,Avana Creekside,13301 Crescent Springs Drive,Charlotte,NC,28273,264,OWN and Manage
Greystar,Greystar Management,Charlotte,24 - Southwest Charlotte,"Avant at Steele Creek, The",13212 Winter Hazel Road,Charlotte,NC,28278,456,OWN and Manage
Greystar,,Charlotte,25 - Belmont,Sam Wilson Road,8501 Wilkinson Blvd,Charlotte,NC,28214,378,OWN and Manage
Greystar,Greystar Management,Charlotte,32 - Ballantyne - Providence,Laurent,10500 Midway Park Drive,Charlotte,NC,28277,305,OWN and Manage
Greystar,Greystar Management,Charlotte,32 - Ballantyne - Providence,Overture Providence,6805 Walnut Branch Lane,Charlotte,NC,28277,175,OWN and Manage
Greystar,Greystar Management,Charlotte,43 - Mooresville,Avana Lake Norman,123 Waterlynn Ridge Road,Mooresville,NC,28117,312,OWN and Manage
Greystar,Greystar Management,Charlotte,43 - Mooresville,Avana Landing,175 Carriage Club Drive,Mooresville,NC,28117,268,OWN and Manage
Greystar,Greystar Management,Chicago - Suburban,10 - Mundelein,Everleigh Vernon Hills,555 Lakeview Pkwy,Vernon Hills,IL,60061,187,OWN and Manage
Greystar,Greystar Management,Chicago - Suburban,26 - Lombard,Elan Yorktown,50 Yorktown Shopping Center,Lombard,IL,60148,295,OWN and Manage
Greystar,Greystar Management,Chicago - Suburban,26 - Lombard,Overture Yorktown,55 Yorktown Shopping Center,Lombard,IL,60148,175,OWN and Manage
Greystar,Greystar Management,Chicago - Suburban,31 - Naperville - west,Everleigh Naperville,504 Commons Road,Naperville,IL,60563,146,OWN and Manage
Greystar,Greystar Management,Chicago - Urban,10 - Near South Side,1401 South State,1401 South State Street,Chicago,IL,60605,278,OWN and Manage
Greystar,Greystar Management,Chicago - Urban,30 - Near West Side,One Six Six,166 North Aberdeen Street,Chicago,IL,60607,224,OWN and Manage
Greystar,Greystar Management,Colorado Springs,5 - Northgate/Flying Horse,Talon Hill Apartment Homes,1640 Peregrine Vista Heights,Colorado Springs,CO,80921,276,OWN and Manage
Greystar,Greystar Management,Colorado Springs,13 - Knob Hill/Hillside,Fiona,400 East Pikes Peak Avenue,Colorado Springs,CO,80903,321,OWN and Manage
Greystar,Greystar Management,Colorado Springs,19 - Ivywild/Stratton Meadows/Lower Skyway,Dorian,626 South Wahsatch Avenue,Colorado Springs,CO,80903,207,OWN and Manage
Greystar,Greystar Management,Colorado Springs,19 - Ivywild/Stratton Meadows/Lower Skyway,Ensley,505 South Weber Street,Colorado Springs,CO,80903,277,OWN and Manage
Greystar,Greystar Management,Columbus GA,20 - Auburn,Accolade Auburn,345 South College Street,Auburn,AL,36830,423,OWN and Manage
Greystar,Greystar Management,Cornell University,1 - Cornell University,Maplewood,121 Veterans Place,Ithaca,NY,14850,444,OWN and Manage
Greystar,,Cornell University,1 - Cornell University,Maplewood Phase II,121 Veterans Place,Ithaca,NY,14850,615,OWN and Manage
Greystar,STYL Residential,Dallas - North,2 - Dallas - Uptown,"Arcadian in Victory Park, The",3333 Harry Hines Blvd,Dallas,TX,75201,365,OWN and Manage
Greystar,Greystar Management,Dallas - North,2 - Dallas - Uptown,Ascent Victory Park,2588 North Houston Street,Dallas,TX,75219,302,OWN and Manage
Greystar,Greystar Management,Dallas - North,3 - Dallas - Old East,Oak & Ellum,2627 Live Oak Street,Dallas,TX,75204,424,OWN and Manage
Greystar,Greystar Management,Dallas - North,9 - Dallas - University Park,Renaissance at Preston Hollow,8600 Thackery Street,Dallas,TX,75225,291,OWN and Manage
Greystar,Greystar Management,Dallas - North,15 - Dallas - Preston,Elan Inwood,12001 Inwood Road,Dallas,TX,75244,180,OWN and Manage
Greystar,Greystar Management,Dallas - North,15 - Dallas - Preston,Everleigh Forestwood,11881 Inwood Road,Dallas,TX,75244,190,OWN and Manage
Greystar,Greystar Management,Dallas - North,18 - Addison - Farmers Branch,Allegro Addison Circle,15750 Spectrum Drive,Addison,TX,75001,393,OWN and Manage
Greystar,Greystar Management,Dallas - North,29 - Frisco,Overture Frisco,4140 Legendary Drive,Frisco,TX,75034,162,OWN and Manage
Greystar,Greystar Management,Dallas - North,32 - Allen,Overture Fairview,220 Convention Drive,Fairview,TX,75069,195,OWN and Manage
Greystar,Greystar Management,Dallas - North,40 - Sherman,Birchway Sherman,601 Graham Drive,Sherman,TX,75092,340,OWN and Manage
Greystar,Greystar Management,Dallas - Suburban,28 - Corinth,Marlowe Corinth Groves,3251 Lake Sharon Drive,Corinth,TX,76210,382,OWN and Manage
Greystar,Greystar Management,Dallas - Suburban,29 - Flower Mound,Overture Flower Mound,2771 Lakeside Pkwy,Flower Mound,TX,75022,200,OWN and Manage
Greystar,Greystar Management,Dallas - Suburban,33 - Denton - South,Birchway Denton,1710 Northstar Road,Denton,TX,76208,336,OWN and Manage
Greystar,Greystar Management,Dallas - Suburban,33 - Denton - South,Marlowe Denton,1735 Northstar Road,Denton,TX,76208,521,OWN and Manage
Greystar,,Dallas - Suburban,35 - Sanger,Birchway,West Chapman Drive and Keith Drive,Sanger,TX,76266,306,OWN and Manage
Greystar,,Dallas - Suburban,35 - Sanger,Birchway Phase II,West Chapman Drive & Keith Drive,Sanger,TX,76266,306,OWN and Manage
Greystar,Greystar Management,Dallas - Suburban,43 - Forney,Summerwell Wildcat Ranch,2204 Boiling Springs Road,Crandall,TX,75114,176,OWN and Manage
Greystar,Greystar Management,Denver,1 - Denver - Downtown,"Fitzgerald, The",1840 Market Street,Denver,CO,80202,282,OWN and Manage
Greystar,Greystar Management,Denver,1 - Denver - Downtown,Mercer Union Station,2059 19th Street,Denver,CO,80202,232,OWN and Manage
Greystar,Greystar Management,Denver,2 - Denver - Five Points - Uptown,"Dorsey, The",600 Park Avenue West,Denver,CO,80205,230,OWN and Manage
Greystar,Greystar Management,Denver,4 - Denver - Central,Parq on Speer,909 Bannock Street,Denver,CO,80204,302,OWN and Manage
Greystar,Greystar Management,Denver,4 - Denver - Central,"Parson, The",990 Cherokee Street,Denver,CO,80204,309,OWN and Manage
Greystar,Greystar Management,Denver,5 - Denver - City Park - Cherry Creek,Overture 9th + Co,4205 East 10th Avenue,Denver,CO,80220,207,OWN and Manage
Greystar,Greystar Management,Denver,10 - Denver - East,Avia Lowry,9649 East 5th Avenue,Denver,CO,80230,150,OWN and Manage
Greystar,Greystar Management,Denver,12 - Denver - Northeast,Everleigh Central Park,2980 North Syracuse Street,Denver,CO,80238,150,OWN and Manage
Greystar,Greystar Management,Denver,12 - Denver - Northeast,Overture Central Park,8133 East 29th Place,Denver,CO,80238,108,OWN and Manage
Greystar,,Denver,13 - Denver - Airport,EXO,18503 East 57th Avenue,Denver,CO,80249,237,OWN and Manage
Greystar,Greystar Management,Denver,19 - Centennial - East,Dove Valley,7550 South Blackhawk Street,Englewood,CO,80112,312,OWN and Manage
Greystar,Greystar Management,Denver,22 - Lakewood - East,Avana Belmar,7301 West Ohio Avenue,Lakewood,CO,80226,512,OWN and Manage
Greystar,,Denver,28 - Castle Rock,"Album, The",Cross Canyon Trail & Saddlesmith Street,Castle Pines,CO,80108,164,OWN and Manage
Greystar,Greystar Management,Denver,33 - Thornton,Avana Eastlake,2801 East 120th Avenue,Thornton,CO,80233,336,OWN and Manage
Greystar,Greystar Management,Denver,33 - Thornton,Avana Thornton Station,2525 East 104th Avenue,Thornton,CO,80233,480,OWN and Manage
Greystar,Greystar Management,Denver,36 - Boulder,Union 9Seventy,970 28th Street,Boulder,CO,80303,138,OWN and Manage
Greystar,Greystar Management,Denver,36 - Boulder,Union Baseline,2726 Moorhead Avenue,Boulder,CO,80305,144,OWN and Manage
Greystar,Greystar Management,Denver,38 - Brighton,Thayne Brighton,305 North 42nd Avenue,Brighton,CO,80601,288,OWN and Manage
Greystar,Greystar Management,Denver,40 - Fort Collins - Central,Union on Alley,1201 West Plum Street,Fort Collins,CO,80521,79,OWN and Manage
Greystar,Greystar Management,Denver,40 - Fort Collins - Central,Union on Elizabeth,1208 West Elizabeth Street,Fort Collins,CO,80521,107,OWN and Manage
Greystar,Greystar Management,Denver,40 - Fort Collins - Central,Union on Plum,1323 West Plum Street,Fort Collins,CO,80521,62,OWN and Manage
Greystar,Bekk,Eugene,1 - Eugene - Downtown,Union on Broadway,480 East Broadway,Eugene,OR,97401,357,OWN and Manage
Greystar,Greystar Management,Fort Lauderdale,1 - Fort Lauderdale - Central,Laureat,790 East Broward Blvd,Fort Lauderdale,FL,33301,329,OWN and Manage
Greystar,Greystar Management,Fort Lauderdale,14 - Coral Springs - North,Avana Coral Springs,3600 Terrapin Lane,Coral Springs,FL,33067,348,OWN and Manage
Greystar,,Fort Lauderdale,18 - Sunrise,"Marlowe, The",8250 West Oakland Park Blvd,Sunrise,FL,33351,270,OWN and Manage
Greystar,,Fort Worth,4 - Fort Worth - Central North,Birchway Marine Creek,4710 Old Decatur Road,Fort Worth,TX,76106,300,OWN and Manage
Greystar,Greystar Management,Fort Worth,10 - Fort Worth - Trinity River,Avana River Park,3450 River Park Drive,Fort Worth,TX,76116,248,OWN and Manage
Greystar,Greystar Management,Fort Worth,12 - Fort Worth - Westover Hills,Overture Ridgmar,6755 Ridgmar Blvd,Fort Worth,TX,76116,102,OWN and Manage
Greystar,Greystar Management,Fort Worth,16 - Fort Worth - Westland,Album Benbrook,8601 Cook Ranch Road,Benbrook,TX,76126,179,OWN and Manage
Greystar,Greystar Management,Fort Worth,18 - Fort Worth - Northwest,Marlowe Wellington,12424 Brunal Drive,Fort Worth,TX,76052,594,OWN and Manage
Greystar,,Fort Worth,18 - Fort Worth - Northwest,Marlowe Wellington Phase II,12424 Brunal Drive,Fort Worth,TX,76052,120,OWN and Manage
Greystar,,Fort Worth,18 - Fort Worth - Northwest,Quarry Falls,4800 Old Decatur Road,Fort Worth,TX,76106,728,OWN and Manage
Greystar,Greystar Management,Fort Worth,19 - Fort Worth - Northeast,Album Keller Ranch,5640 Keller Ranch Road,Fort Worth,TX,76244,180,OWN and Manage
Greystar,Greystar Management,Fort Worth,30 - Euless,Harlowe,2525 Highway 360,Euless,TX,76039,486,OWN and Manage
Greystar,Greystar Management,Fort Worth,31 - Grapevine,"Preserve, The",101 East Glade Road,Grapevine,TX,76051,399,OWN and Manage
Greystar,Greystar Management,Fort Worth,32 - Keller,"Lyric, The",1400 North Main Street,Keller,TX,76248,475,OWN and Manage
Greystar,Greystar Management,Fort Worth,37 - Arlington - South,Overture Highlands,250 West Arbrook Blvd,Arlington,TX,76014,167,OWN and Manage
Greystar,Greystar Management,Fort Worth,40 - Mansfield,Album Mansfield,1350 FM 157,Mansfield,TX,76063,190,OWN and Manage
Greystar,Greystar Management,Fort Worth,44 - Weatherford,Birchway Hudson Oaks,150 Inspiration Drive,Hudson Oaks,TX,76087,332,OWN and Manage
Greystar,Greystar Management,Greenville,13 - Mauldin,Overture Greenville,52 Market Point Drive,Greenville,SC,29607,189,OWN and Manage
Greystar,Greystar Management,Greenville,18 - Greer,Avana Thornblade,100 Mary Rose Lane,Greer,SC,29650,293,OWN and Manage
Greystar,Greystar Management,Harrisburg,18 - Elizabethtown - Mount Joy,"Henry at Klein Mills, The",2 South Conifer Drive,Elizabethtown,PA,17022,280,OWN and Manage
Greystar,Greystar Management,Houston - East,4 - Cloverleaf,Pines of Woodforest,90 Uvalde Road,Houston,TX,77015,266,OWN and Manage
Greystar,Greystar Management,Houston - East,8 - William P Hobby Airport,Bellfort,7950 Bellfort,Houston,TX,77061,552,OWN and Manage
Greystar,Greystar Management,Houston - East,8 - William P Hobby Airport,Sabo Village,10701 Sabo Road,Houston,TX,77089,320,OWN and Manage
Greystar,Greystar Management,Houston - East,12 - Nassau Bay/Seabrook,"Caroline, The",1235 East Nasa Pkwy,Houston,TX,77058,351,OWN and Manage
Greystar,Greystar Management,Houston - East,12 - Nassau Bay/Seabrook,Las Palmas,1400 El Camino Village Drive,Houston,TX,77058,360,OWN and Manage
Greystar,Greystar Management,Houston - East,12 - Nassau Bay/Seabrook,"Park at Armand Bayou, The",4300 Bay Area Blvd,Houston,TX,77058,401,OWN and Manage
Greystar,Greystar Management,Houston - East,12 - Nassau Bay/Seabrook,Village on the Lake,19200 Space Center Blvd,Houston,TX,77058,612,OWN and Manage
Greystar,Greystar Management,Houston - East,20 - Kingwood,Town Center Crossing,2727 Bens Branch Drive,Kingwood,TX,77339,518,OWN and Manage
Greystar,Greystar Management,Houston - East,27 - Galveston,Village by the Sea,6424 Central City Blvd,Galveston,TX,77551,241,OWN and Manage
Greystar,Greystar Management,Houston - West,1 - West End/Downtown,2900 West Dallas,2900 West Dallas Street,Houston,TX,77019,431,OWN and Manage
Greystar,Greystar Management,Houston - West,1 - West End/Downtown,Art House Sawyer Yards,2121 Edwards Street,Houston,TX,77007,334,OWN and Manage
Greystar,Greystar Management,Houston - West,1 - West End/Downtown,Jackson Hill,320 Jackson Hill,Houston,TX,77007,316,OWN and Manage
Greystar,Greystar Management,Houston - West,1 - West End/Downtown,"Oliver, The",2305 Summer Street,Houston,TX,77007,211,OWN and Manage
Greystar,Greystar Management,Houston - West,2 - The Heights,Ellison Heights,510 West 20th Street,Houston,TX,77008,152,OWN and Manage
Greystar,Greystar Management,Houston - West,2 - The Heights,Foundry on 19th,555 West 19th Street,Houston,TX,77008,284,OWN and Manage
Greystar,Greystar Management,Houston - West,3 - Museum District,Latitude Med Center,1850 Old Main Street,Houston,TX,77030,375,OWN and Manage
Greystar,Greystar Management,Houston - West,6 - River Oaks,"Park at River Oaks, The",3121 Buffalo Speedway,Houston,TX,77098,299,OWN and Manage
Greystar,Greystar Management,Houston - West,6 - River Oaks,"Village at West University, The",5151 Edloe Street,Houston,TX,77005,419,OWN and Manage
Greystar,Greystar Management,Houston - West,9 - Piney Point Village - north,"Creole on Yorktown, The",2400 Yorktown,Houston,TX,77056,540,OWN and Manage
Greystar,Greystar Management,Houston - West,10 - Hunters Creek,"Post Oak at Woodway, The",99 North Post Oak Lane,Houston,TX,77024,216,OWN and Manage
Greystar,Greystar Management,Houston - West,14 - Missouri City,Ltd. Med Center,12806 Buffalo Speedway,Houston,TX,77045,378,OWN and Manage
Greystar,Greystar Management,Houston - West,16 - Sugar Land - west,Avana Sugar Land,15270 Voss Road,Sugar Land,TX,77498,240,OWN and Manage
Greystar,Greystar Management,Houston - West,16 - Sugar Land - west,Overture Sugar Land,850 Imperial Blvd,Sugar Land,TX,77498,200,OWN and Manage
Greystar,Greystar Management,Houston - West,19 - Addicks,Avana Eldridge,1415 Eldridge Pkwy,Houston,TX,77077,668,OWN and Manage
Greystar,Greystar Management,Houston - West,19 - Addicks,"Park on Memorial, The",14855 Memorial Drive,Houston,TX,77079,334,OWN and Manage
Greystar,Greystar Management,Houston - West,21 - Bear Creek Park,"Grove at Wilcrest, The",11070 Katy Fwy,Houston,TX,77043,360,OWN and Manage
Greystar,Greystar Management,Houston - West,22 - Jersey Village/Salsuma,Birchway Perry Road,13611 Perry Road,Houston,TX,77070,462,OWN and Manage
Greystar,Greystar Management,Houston - West,24 - Louetta,Birchway Spring Cypress,19101 Kuykendahl Road,Spring,TX,77379,420,OWN and Manage
Greystar,Greystar Management,Houston - West,25 - Richmond,Elan Harvest Green,3424 Harvest Bounty Drive,Richmond,TX,77406,348,OWN and Manage
Greystar,Greystar Management,Houston - West,25 - Richmond,Silos Harvest Green,3502 Harvest Bounty Drive,Richmond,TX,77406,372,OWN and Manage
Greystar,Greystar Management,Houston - West,29 - Cinco Ranch - north,Summerwell Sunterra,27064 Beach Ball Drive,Katy,TX,77493,156,OWN and Manage
Greystar,Greystar Management,Inland Empire,2 - Rancho Cucamonga,Avana Rancho Cucamonga,10400 Arrow Route,Rancho Cucamonga,CA,91730,624,OWN and Manage
Greystar,Greystar Management,Inland Empire,2 - Rancho Cucamonga,Elate Rancho Cucamonga,9400 Fairway View Place,Rancho Cucamonga,CA,91730,264,OWN and Manage
Greystar,Greystar Management,Inland Empire,14 - West Riverside,Overture Riverwalk,4725 Sierra Vista Avenue,Riverside,CA,92505,204,OWN and Manage
Greystar,Greystar Management,Inland Empire,14 - West Riverside,Viano at Riverwalk,4655 Sierra Vista Avenue,Riverside,CA,92505,264,OWN and Manage
Greystar,Greystar Management,Inland Empire,16 - Corona,Avana Springs,650 Ebbcreek Drive,Corona,CA,92878,320,OWN and Manage
Greystar,Greystar Management,Inland Empire,22 - Palm Desert/La Quinta,Everleigh Palm Desert,40445 Portola Avenue,Palm Desert,CA,92260,161,OWN and Manage
Greystar,Greystar Management,Inland Empire,24 - Coachella,Summerwell La Quinta,55150 Monroe Street,La Quinta,CA,92253,240,OWN and Manage
Greystar,Greystar Management,Inland Empire,28 - Murrieta/Temecula,Marlowe Temecula,41461 Buecking Drive,Temecula,CA,92590,260,OWN and Manage
Greystar,,Inland Empire,28 - Murrieta/Temecula,"Terraces Phase II, The",25325 Jackson Avenue,Murrieta,CA,92562,247,OWN and Manage
Greystar,,Inland Empire,28 - Murrieta/Temecula,"Terraces, The",25325 Jackson Avenue,Murrieta,CA,92562,652,OWN and Manage
Greystar,Block Multifamily Group,Kansas City,36 - Overland Park - southeast,Centennial Park,12000 Hayes Street,Overland Park,KS,66213,170,OWN and Manage
Greystar,Greystar Management,Knoxville,4 - Knoxville - West,Union Knoxville,2136 Cumberland Avenue,Knoxville,TN,37916,254,OWN and Manage
Greystar,Greystar Management,Lansing - Ann Arbor,4 - East Lansing,Campus Village,1151 Michigan Avenue,East Lansing,MI,48823,106,OWN and Manage
Greystar,Greystar Management,Lansing - Ann Arbor,4 - East Lansing,SkyVue,3165 East Michigan Avenue,Lansing,MI,48912,337,OWN and Manage
Greystar,Greystar Management,Lansing - Ann Arbor,15 - Ann Arbor - central,Landmark,1300 South University Avenue,Ann Arbor,MI,48104,173,OWN and Manage
Greystar,Greystar Management,Lansing - Ann Arbor,15 - Ann Arbor - central,"Varsity Ann Arbor, The",425 East Washington Street,Ann Arbor,MI,48104,181,OWN and Manage
Greystar,Greystar Management,Las Vegas,7 - Las Vegas - Summerlin,Destinations Pueblo,8600 Scholar Lane,Las Vegas,NV,89128,242,OWN and Manage
Greystar,Greystar Management,Las Vegas,8 - Las Vegas - Northwest,Marlowe Centennial Hills,8550 West Deer Springs Way,Las Vegas,NV,89149,257,OWN and Manage
Greystar,Greystar Management,Las Vegas,10 - North Las Vegas - West,Destinations Alexander,3949 West Alexander Road,North Las Vegas,NV,89032,472,OWN and Manage
Greystar,Greystar Management,Las Vegas,16 - University District,Birchway Tropicana,1635 East Tropicana Avenue,Las Vegas,NV,89119,285,OWN and Manage
Greystar,Greystar Management,Las Vegas,18 - Paradise - South,Destinations Pebble,1450 East Pebble Road,Las Vegas,NV,89123,416,OWN and Manage
Greystar,Greystar Management,Las Vegas,18 - Paradise - South,Marlowe South Las Vegas,11210 South Las Vegas Blvd,Las Vegas,NV,89183,324,OWN and Manage
Greystar,Greystar Management,Las Vegas,20 - Spring Valley - East,Destinations Spring Valley,3925 South Jones Blvd,Las Vegas,NV,89103,271,OWN and Manage
Greystar,Greystar Management,Las Vegas,23 - Henderson,Album Union Village,1100 Wellness Place,Henderson,NV,89011,166,OWN and Manage
Greystar,Greystar Management,Long Island,29 - Port Jefferson,"Vistas of Port Jefferson, The",588 North Bicycle Path,Port Jefferson Station,NY,11776,244,OWN and Manage
Greystar,,Los Angeles - Eastern County,2 - Pomona,Lanterman,3530 Pomona Blvd,Pomona,CA,91768,100,OWN and Manage
Greystar,Greystar Management,Los Angeles - Eastern County,17 - SW Long Beach,200 West Ocean,200 West Ocean Blvd,Long Beach,CA,90802,106,OWN and Manage
Greystar,Greystar Management,Los Angeles - Eastern County,17 - SW Long Beach,Avana on Pine,250 Pacific Avenue,Long Beach,CA,90802,211,OWN and Manage
Greystar,Greystar Management,Los Angeles - Metro,1 - Downtown Los Angeles,AMP Lofts,695 South Santa Fe Avenue,Los Angeles,CA,90021,320,OWN and Manage
Greystar,Greystar Management,Los Angeles - Metro,7 - Mid Wilshire West,Avana on Wilshire,635 South Hobart Blvd,Los Angeles,CA,90005,159,OWN and Manage
Greystar,Greystar Management,Los Angeles - Metro,8 - Park La Brea South,Desmond at Wilshire,5520 Wilshire Blvd,Los Angeles,CA,90036,175,OWN and Manage
Greystar,Greystar Management,Los Angeles - Metro,14 - Hollywood Hills West,Rae on Sunset,7566 Sunset Blvd,Los Angeles,CA,90046,200,OWN and Manage
Greystar,Greystar Management,Los Angeles - Metro,24 - Marina Del Rey,Neptune Marina,14126 Marquesas Way,Marina Del Rey,CA,90292,526,OWN and Manage
Greystar,Greystar Management,Los Angeles - Metro,25 - Mar Vista,Forty55 Lofts,4055 Redwood Avenue,Marina Del Rey,CA,90066,140,OWN and Manage
Greystar,Greystar Management,Los Angeles - Metro,26 - Culver City,Access Culver City,8770 Washington Blvd,Culver City,CA,90232,115,OWN and Manage
Greystar,Greystar Management,Los Angeles - Metro,28 - Adams-Normandie - Hoover,Tuscany,3770 South Figueroa Street,Los Angeles,CA,90007,120,OWN and Manage
Greystar,Greystar Management,Los Angeles - Metro,39 - Rolling Hills-Palos Verdes,Avana Rancho Palos Verdes,6600 Beachview Drive,Rancho Palos Verdes,CA,90275,215,OWN and Manage
Greystar,Greystar Management,Madison,1 - Madison - Downtown,Hub on Campus Madison,437 North Frances Street,Madison,WI,53703,313,OWN and Manage
Greystar,Greystar Management,Manhattan,19 - Chelsea,"Chelsea, The",160 West 24th Street,New York,NY,10011,204,OWN and Manage
Greystar,Greystar Management,Manhattan,23 - NoMad,800 Sixth,800 6th Avenue,New York,NY,10001,266,OWN and Manage
Greystar,Greystar Management,Miami,2 - Miami - Brickell,SoMa at Brickell,145 SW 13th Street,Miami,FL,33130,418,OWN and Manage
Greystar,Greystar Management,Miami,19 - Miami Lakes,Avana at the Moors,6200 NW 173rd Street,Hialeah,FL,33015,358,OWN and Manage
Greystar,Greystar Management,Miami,24 - Doral,Overture Doral,4720 NW 85th Avenue,Doral,FL,33166,198,OWN and Manage
Greystar,Greystar Management,Mississippi State University,1 - Mississippi State University,College View,385 College View Drive,Starkville,MS,39759,288,OWN and Manage
Greystar,Greystar Management,Nashville,1 - Nashville - Downtown,Harlowe,908 Division Street,Nashville,TN,37203,298,OWN and Manage
Greystar,Greystar Management,Nashville,7 - Nashville - Vanderbilt,Fallyn,110 19th Avenue South,Nashville,TN,37203,347,OWN and Manage
Greystar,Greystar Management,Nashville,8 - Nashville - Woodbine,Avana South Oaks,100 Antioch Pike,Nashville,TN,37211,323,OWN and Manage
Greystar,Greystar Management,Nashville,14 - Nashville - Southwest,Avana Bellevue,2100 Waterford Circle,Nashville,TN,37221,180,OWN and Manage
Greystar,Greystar Management,Nashville,14 - Nashville - Southwest,Avana Lexington,510 Old Hickory Blvd,Nashville,TN,37209,598,OWN and Manage
Greystar,Greystar Management,Nashville,16 - Nashville - South,Avana Collins Creek,1157 Bell Road,Antioch,TN,37013,510,OWN and Manage
Greystar,Greystar Management,Nashville,17 - Nashville - Southeast,Avana Overlook,727 Bell Road,Antioch,TN,37013,452,OWN and Manage
Greystar,Greystar Management,Nashville,18 - Nashville - Madison,Birchway Rivergate,110 One Mile Pkwy,Madison,TN,37115,384,OWN and Manage
Greystar,Greystar Management,Nashville,18 - Nashville - Madison,Station A,1401 Gallatin Pike North,Madison,TN,37115,292,OWN and Manage
Greystar,Greystar Management,Nashville,28 - Smyma,Elan Smyrna,200 Carriage House Drive,Smyrna,TN,37167,354,OWN and Manage
Greystar,,Nashville,28 - Smyma,Elan Smyrna Phase II,200 Carriage House Drive,Smyrna,TN,37167,100,OWN and Manage
Greystar,Greystar Management,New Jersey - Central,21 - New Brunswick/Highland Park,SoCam 290,290 George Street,New Brunswick,NJ,8901,233,OWN and Manage
Greystar,Greystar Management,New Jersey - Northern,34 - Hoboken,Observer Park,51 Garden Street,Hoboken,NJ,7030,115,OWN and Manage
Greystar,Greystar Management,North Central Florida,2 - Daytona Beach - North,Marlowe Tomoka Village,100 Windflower Lane,Daytona Beach,FL,32117,360,OWN and Manage
Greystar,,North Central Florida,2 - Daytona Beach - North,Marlowe Tomoka Village Phase II,100 Windflower Lane,Daytona Beach,FL,32117,330,OWN and Manage
Greystar,Greystar Management,Northern Virginia,11 - Bailey's Crossing,Bailey's Crossing,3602 South 14th Street,Alexandria,VA,22302,414,OWN and Manage
Greystar,Greystar Management,Northern Virginia,13 - Arlington Heights/Clarendon,"Commodore, The",2055 15th Street,Arlington,VA,22201,423,OWN and Manage
Greystar,Greystar Management,Northern Virginia,15 - Fort Myers Heights/Radnor,"Wendy, The",2025 Clarendon Blvd,Arlington,VA,22201,231,OWN and Manage
Greystar,Greystar Management,Northern Virginia,17 - Lee Highway/McLean,"Lofts at Parkcrest, The",8210 Crestwood Heights Drive,McLean,VA,22102,131,OWN and Manage
Greystar,Greystar Management,Northern Virginia,17 - Lee Highway/McLean,Nouvelle,7911 Westpark Drive,McLean,VA,22102,461,OWN and Manage
Greystar,Greystar Management,Northern Virginia,24 - Dale City/Lorton/Woodbridge,Avana Stoney Ridge,14397 Westminister Lane,Woodbridge,VA,22193,264,OWN and Manage
Greystar,Greystar Management,Northern Virginia,29 - Bull Run/Centreville/Chantilly,Overture Fair Ridge,3955 Fair Ridge Drive,Fairfax,VA,22033,200,OWN and Manage
Greystar,Greystar Management,Northern Virginia,32 - Herndon/Reston,EXO,1897 Oracle Way,Reston,VA,20190,457,OWN and Manage
Greystar,Greystar Management,Northern Virginia,33 - Ashburn/Dulles/Sterling,Wyatt,23550 Innovation Avenue,Sterling,VA,20166,396,OWN and Manage
Greystar,Greystar Management,Northern Virginia,34 - Gainesville/Leesburg,Avana Bellemeade,775 Gateway Drive SE,Leesburg,VA,20175,316,OWN and Manage
Greystar,Greystar Management,Northern Virginia,34 - Gainesville/Leesburg,Avana Fieldstone,703 Clark Court NE,Leesburg,VA,20176,384,OWN and Manage
Greystar,Greystar Management,Orange County,2 - Tustin,"Row at Red Hill, The",2010 East Warner Avenue,Santa Ana,CA,92705,1100,OWN and Manage
Greystar,Greystar Management,Orange County,3 - West Irvine,Calypso,2801 Alton Pkwy,Irvine,CA,92606,177,OWN and Manage
Greystar,Greystar Management,Orange County,6 - Costa Mesa,Blue Sol,421 Bernard Street,Costa Mesa,CA,92627,113,OWN and Manage
Greystar,Greystar Management,Orange County,8 - Huntington Beach,Luce,7290 Edinger Avenue,Huntington Beach,CA,92647,510,OWN and Manage
Greystar,Greystar Management,Orange County,14 - South Orange County,Everleigh San Clemente,515 Avenida Vaquero,San Clemente,CA,92672,150,OWN and Manage
Greystar,,Orlando,24 - Hunter's Creek,Sunterra Resorts,8650 10th Avenue,Orlando,FL,32824,380,OWN and Manage
Greystar,Greystar Management,Orlando,25 - Lake Bryan,Avana Parkway,6820 Axis West Circle,Orlando,FL,32821,268,OWN and Manage
Greystar,Greystar Management,Orlando,26 - Lake Buena Vista,Overture Dr. Phillips,6410 Sand Lake Sound Road,Orlando,FL,32819,185,OWN and Manage
Greystar,Greystar Management,Orlando,29 - Winter Garden,Elan Crown Point,2285 Crown Village Road,Ocoee,FL,34761,315,OWN and Manage
Greystar,Greystar Management,Orlando,30 - Apopka,Summerwell Avian Pointe,2607 Harrier Court,Apopka,FL,32703,174,OWN and Manage
Greystar,Greystar Management,Orlando,37 - University Park,"Accolade Collegiate Village East, The",12180 Collegiate Way,Orlando,FL,32817,172,OWN and Manage
Greystar,Greystar Management,Orlando,37 - University Park,"Accolade Collegiate Village West, The",2525 Paseo Park Road,Orlando,FL,32817,366,OWN and Manage
Greystar,Greystar Management,Orlando,49 - Osceola County - North,Marlowe Live Oak,5476 Angel Way Street,St. Cloud,FL,34771,300,OWN and Manage
Greystar,,Penn State,1 - Penn State,East College Avenue & University Drive,Hastings Road & University Drive,State College,PA,16801,500,OWN and Manage
Greystar,Greystar Management,Philadelphia - Suburban,5 - Feasterville - Langhorne,Heathergate at Oxford Valley,8101 FontHill Court,Langhorne,PA,19047,202,OWN and Manage
Greystar,,Philadelphia - Suburban,9 - King of Prussia,720 Vandenburg Road,720 Vandenburg Road,King of Prussia,PA,19406,205,OWN and Manage
Greystar,,Philadelphia - Suburban,19 - Exton - Malvern,Great Valley Gateway,351 Old Morehall Road,Malvern,PA,19355,400,OWN and Manage
Greystar,Greystar Management,Philadelphia - Suburban,59 - Cecil County,Boulden at Southfields,1001 Innovation Drive,Elkton,MD,21921,330,OWN and Manage
Greystar,Greystar Management,Philadelphia - Urban,2 - Center City - east,Jessup House,1134 Sansom Street,Philadelphia,PA,19107,399,OWN and Manage
Greystar,Greystar Management,Phoenix,4 - Phoenix - South,Avana Cordoba,4520 East Baseline Road,Phoenix,AZ,85042,352,OWN and Manage
Greystar,Greystar Management,Phoenix,12 - Phoenix - Sunnyslope,Avana at the Pointe,888 East Clinton,Phoenix,AZ,85020,424,OWN and Manage
Greystar,Greystar Management,Phoenix,16 - Phoenix - Paradise Valley Village,Azur,20700 North 55th Street,Phoenix,AZ,85054,348,OWN and Manage
Greystar,Greystar Management,Phoenix,16 - Phoenix - Paradise Valley Village,Overture Kierland,7170 East Tierra Buena Lane,Scottsdale,AZ,85254,170,OWN and Manage
Greystar,Greystar Management,Phoenix,16 - Phoenix - Paradise Valley Village,Sunela,20600 North 55th Street,Phoenix,AZ,85054,272,OWN and Manage
Greystar,Greystar Management,Phoenix,19 - Scottsdale - North,Overture North Scottsdale,15024 North 90th Street,Scottsdale,AZ,85260,152,OWN and Manage
Greystar,Greystar Management,Phoenix,22 - Tempe - North,Gateway at Tempe,1655 East University Drive,Tempe,AZ,85288,288,OWN and Manage
Greystar,Greystar Management,Phoenix,22 - Tempe - North,Union Tempe,712 South Forest Avenue,Tempe,AZ,85281,407,OWN and Manage
Greystar,Greystar Management,Phoenix,23 - Tempe - South,Avana Tempe,30 West Carter Drive,Tempe,AZ,85282,376,OWN and Manage
Greystar,Greystar Management,Phoenix,27 - Chandler,Avana Chandler,3800 West Chandler Blvd,Chandler,AZ,85226,316,OWN and Manage
Greystar,Greystar Management,Phoenix,27 - Chandler,Avana Coronado,700 North Coronado Street,Chandler,AZ,85224,321,OWN and Manage
Greystar,Greystar Management,Phoenix,27 - Chandler,Avana River Ranch,6152 West Oakland Street,Chandler,AZ,85226,188,OWN and Manage
Greystar,Greystar Management,Phoenix,28 - Gilbert,Album Cooley Station,2660 South Recker Road,Gilbert,AZ,85295,204,OWN and Manage
Greystar,Greystar Management,Phoenix,28 - Gilbert,Avana Gilbert,3225 East Baseline Road,Gilbert,AZ,85234,341,OWN and Manage
Greystar,Greystar Management,Phoenix,33 - Peoria,Marlowe,8165 West Whitney Drive,Peoria,AZ,85345,370,OWN and Manage
Greystar,,Phoenix,33 - Peoria,Peoria Place,Cotton Crossing & Grand Avenue,Peoria,AZ,85345,100,OWN and Manage
Greystar,Greystar Management,Phoenix,33 - Peoria,Summerwell Peoria Place,7951 West Whitney Drive,Peoria,AZ,85345,255,OWN and Manage
Greystar,Greystar Management,Phoenix,34 - Surprise,Album Surprise,16431 North Parkview Place,Surprise,AZ,85374,161,OWN and Manage
Greystar,Greystar Management,Pittsburgh,3 - Oakland,One on Centre,4500 Centre Avenue,Pittsburgh,PA,15213,329,OWN and Manage
Greystar,,Pittsburgh,4 - Southside,2329 Wharton Street,2329 Wharton Street,Pittsburgh,PA,15203,378,OWN and Manage
Greystar,Greystar Management,Pittsburgh,9 - Shadyside,Ophelia,141 Shady Avenue,Pittsburgh,PA,15206,231,OWN and Manage
Greystar,Greystar Management,Pittsburgh,26 - Coraopolis,Ltd. Findlay,1001 Birdie Drive,Coraopolis,PA,15108,312,OWN and Manage
Greystar,Greystar Management,Portland,1 - Downtown Portland,Indigo,430 SW 13th Avenue,Portland,OR,97205,273,OWN and Manage
Greystar,Greystar Management,Portland,6 - Hillside/Northwest,Millhouse,1988 NW Savier Street,Portland,OR,97209,364,OWN and Manage
Greystar,Greystar Management,Portland,6 - Hillside/Northwest,Park 19,550 NW 19th Avenue,Portland,OR,97209,101,OWN and Manage
Greystar,Greystar Management,Portland,6 - Hillside/Northwest,Waterline,2080 NW Front Avenue,Portland,OR,97209,243,OWN and Manage
Greystar,Greystar Management,Portland,7 - Goose Hollow,Sawbuck,1725 SW Salmon Street,Portland,OR,97205,182,OWN and Manage
Greystar,Greystar Management,Portland,18 - Milwaukie/Gladstone,Avana at Happy Valley,8800 SE Causey Loop,Happy Valley,OR,97086,372,OWN and Manage
Greystar,Greystar Management,Portland,18 - Milwaukie/Gladstone,Heatherbrae Apartment Homes,10303 SE Bell Avenue,Milwaukie,OR,97222,174,OWN and Manage
Greystar,Greystar Management,Portland,22 - Mill Plain,Avana Evergreen,12901 NE 28th Street,Vancouver,WA,98682,336,OWN and Manage
Greystar,Greystar Management,Portland,28 - Greenway,Seven West at the Trails,14790 SW Scholls Ferry Road,Beaverton,OR,97007,423,OWN and Manage
Greystar,Greystar Management,Portland,37 - Orchards,Avana One Zero Nine,3708 NE 109th Avenue,Vancouver,WA,98682,388,OWN and Manage
Greystar,Greystar Management,Portland,41 - Tanasbourne,Avana Birch Pointe,17520 NW Cornell Road,Beaverton,OR,97006,248,OWN and Manage
Greystar,Greystar Management,Portland,43 - Hollybrook,Avana Powell Valley,1500 SW Pleasant View Drive,Gresham,OR,97080,228,OWN and Manage
Greystar,Greystar Management,Providence,20 - Mansfield,Avana East Main,274 East Main Street,Norton,MA,2766,188,OWN and Manage
Greystar,Greystar Management,Providence,20 - Mansfield,West Village,792 West Street,Mansfield,MA,2048,200,OWN and Manage
Greystar,,Providence,21 - Taunton,Whittenton Mills,437 Whittenton Street,Taunton,MA,2780,390,OWN and Manage
Greystar,,Raleigh - Durham,1 - Raleigh - Downtown,Moore Square,230 East Martin Street,Raleigh,NC,27601,695,OWN and Manage
Greystar,Greystar Management,Raleigh - Durham,6 - Raleigh - West,Milo,821 Hanbury Way,Raleigh,NC,27607,252,OWN and Manage
Greystar,Greystar Management,Raleigh - Durham,7 - Raleigh - Northwest,Avana Lake Lynn,3230 Stream Side Road,Raleigh,NC,27613,344,OWN and Manage
Greystar,Greystar Management,Raleigh - Durham,8 - Raleigh - North,Overture Crabtree,4408 Marriott Drive,Raleigh,NC,27612,203,OWN and Manage
Greystar,Greystar Management,Raleigh - Durham,9 - Raleigh - Northeast,Marlowe Capital Hills,3901 Capital Hills Drive,Raleigh,NC,27616,404,OWN and Manage
Greystar,,Raleigh - Durham,10 - Raleigh - East,Marlowe at Buffaloe Bend,7300 Buffaloe Road,Raleigh,NC,27616,412,OWN and Manage
Greystar,Greystar Management,Raleigh - Durham,22 - Durham - Central,Beckon,311 Liggett Street,Durham,NC,27701,263,OWN and Manage
Greystar,Greystar Management,Raleigh - Durham,24 - Durham - Southwest,Avana 55Twelve,5512 Sunlight Drive,Durham,NC,27707,268,OWN and Manage
Greystar,Greystar Management,Raleigh - Durham,25 - Durham - North,Avana on Broad,2335 Broad Street,Durham,NC,27704,320,OWN and Manage
Greystar,Greystar Management,Raleigh - Durham,27 - Chapel Hill,Union Chapel Hill,425 Hillsborough Street,Chapel Hill,NC,27514,339,OWN and Manage
Greystar,,Richmond - Tidewater,4 - Richmond - North Side,2700 Leigh,2700 West Leigh Street,Richmond,VA,23230,389,OWN and Manage
Greystar,Greystar Management,Richmond - Tidewater,12 - Richmond - West End,Avana Copper Spring,3301 Copper Mill Trace,Richmond,VA,23294,366,OWN and Manage
Greystar,Greystar Management,Richmond - Tidewater,15 - Three Chopt,Everleigh Short Pump,12651 Three Chopt Road,Henrico,VA,23233,165,OWN and Manage
Greystar,Greystar Management,Sacramento,7 - La Riviera,Hornet Commons,3001 State University Drive,Sacramento,CA,95826,284,OWN and Manage
Greystar,Greystar Management,Sacramento,11 - Pocket/West Greenhaven,Monticello at Southport Residence,2150 Valley Oak Lane,West Sacramento,CA,95691,208,OWN and Manage
Greystar,Greystar Management,Sacramento,16 - North West Sacramento,850 on the Avenue,850 Sacramento Avenue,West Sacramento,CA,95605,192,OWN and Manage
Greystar,Greystar Management,Sacramento,20 - Antelope,Avana Vista Point,7740 Watt Avenue,Antelope,CA,95843,188,OWN and Manage
Greystar,Greystar Management,Salt Lake City,19 - Draper,"Ivy at Draper, The",14075 South Bangerter Pkwy,Draper,UT,84020,277,OWN and Manage
Greystar,Greystar Management,San Diego,1 - Central San Diego,525 Olive,525 Olive Street,San Diego,CA,92103,204,OWN and Manage
Greystar,,San Diego,1 - Central San Diego,6th & Palm,2950 6th Avenue,San Diego,CA,92103,214,OWN and Manage
Greystar,Greystar Management,San Diego,1 - Central San Diego,Ancora,110 Beech Street,San Diego,CA,92101,220,OWN and Manage
Greystar,Greystar Management,San Diego,1 - Central San Diego,Mode Hillcrest,635 Robinson Avenue,San Diego,CA,92103,111,OWN and Manage
Greystar,,San Diego,6 - Mid-City,Accolade Campanile,Campanile Drive & Montezuma Road,San Diego,CA,92115,310,OWN and Manage
Greystar,Greystar Management,San Diego,14 - Elliot - Navajo,Union Grantville,4520 Alvarado Canyon Road,San Diego,CA,92120,250,OWN and Manage
Greystar,Greystar Management,San Diego,14 - Elliot - Navajo,Verge,6850 Mission Gorge Road,San Diego,CA,92120,444,OWN and Manage
Greystar,Greystar Management,San Diego,29 - Escondido,Marlowe Palomar Heights,101 Chamomile Glen,Escondido,CA,92025,420,OWN and Manage
Greystar,Greystar Management,San Diego,30 - San Marcos,Overture San Marcos,852 Avenida Ricardo,San Marcos,CA,92069,255,OWN and Manage
Greystar,Greystar Management,San Fernando Valley - Ventura County,1 - Glendale,"Griffith, The",435 West Los Feliz Road,Glendale,CA,91204,220,OWN and Manage
Greystar,Greystar Management,San Fernando Valley - Ventura County,4 - North Hollywood,"Gallery at NoHo Commons, The",5416 Fair Avenue,North Hollywood,CA,91601,438,OWN and Manage
Greystar,,San Fernando Valley - Ventura County,19 - Calabasas,29045 Agoura,29045 Agoura Road,Agoura Hills,CA,91301,275,OWN and Manage
Greystar,Greystar Management,San Fernando Valley - Ventura County,20 - Santa Clarita,Sand Canyon Plaza,NEC Sand Canyon Road & Soledad Canyon Road,Santa Clarita,CA,91387,580,OWN and Manage
Greystar,Greystar Management,San Fernando Valley - Ventura County,31 - Ventura,Cora,160 South Ventura Avenue,Ventura,CA,93001,140,OWN and Manage
Greystar,Greystar Management,San Francisco - Peninsula,4 - Market Street,Argenta,1 Polk Street,San Francisco,CA,94102,179,OWN and Manage
Greystar,Greystar Management,San Francisco - Peninsula,6 - Eastern San Francisco,Vara,1600 15th Street,San Francisco,CA,94103,202,OWN and Manage
Greystar,Greystar Management,San Francisco - Peninsula,12 - South San Francisco,Acappella,1001 National Avenue,San Bruno,CA,94066,163,OWN and Manage
Greystar,,San Francisco - Peninsula,19 - Redwood City,104 Constitution Drive,104 Constitution Drive,Menlo Park,CA,94025,140,OWN and Manage
Greystar,Greystar Management,San Francisco - Peninsula,19 - Redwood City,Highwater,1405 El Camino Real,Redwood City,CA,94063,350,OWN and Manage
Greystar,Greystar Management,San Francisco - Peninsula,19 - Redwood City,Lume,172 Constitution Drive,Menlo Park,CA,94025,441,OWN and Manage
Greystar,Greystar Management,San Francisco - Peninsula,19 - Redwood City,Menlo Flats,165 Jefferson Drive,Menlo Park,CA,94025,158,OWN and Manage
Greystar,Greystar Management,San Francisco - Peninsula,19 - Redwood City,Vasara,110 Constitution Drive,Menlo Park,CA,94025,335,OWN and Manage
Greystar,Greystar Management,Seattle,4 - Lynnwood,Avana One Six Four,3333 164th Street SW,Lynnwood,WA,98087,506,OWN and Manage
Greystar,Greystar Management,Seattle,11 - Bothell,"Spencer 68, The",6711 NE 182nd Street,Kenmore,WA,98028,223,OWN and Manage
Greystar,Greystar Management,Seattle,16 - University,Arista Residences,4715 25th Avenue NE,Seattle,WA,98105,236,OWN and Manage
Greystar,,Seattle,16 - University,Laurel Village Redevelopment,4200 Mary Gates Memorial Drive NE,Seattle,WA,98105,350,OWN and Manage
Greystar,Greystar Management,Seattle,16 - University,"M Seattle, The",4700 Brooklyn Avenue NE,Seattle,WA,98105,230,OWN and Manage
Greystar,Greystar Management,Seattle,22 - Capitol Hill/Eastlake,1410 East John Street,1410 East John Street,Seattle,WA,98112,336,OWN and Manage
Greystar,Greystar Management,Seattle,26 - Belltown,"Waverly, The",210 8th Avenue North,Seattle,WA,98109,374,OWN and Manage
Greystar,Greystar Management,Seattle,28 - Central,Zig,550 Broadway,Seattle,WA,98122,170,OWN and Manage
Greystar,Greystar Management,Seattle,29 - Mercer Island,Shorewood,3209 Shorewood Drive,Mercer Island,WA,98040,645,OWN and Manage
Greystar,Greystar Management,Seattle,31 - Issaquah,Traverse North Bend,1835 SE 136th Street,North Bend,WA,98045,128,OWN and Manage
Greystar,Greystar Management,Seattle,36 - Riverton/Tukwila,Avana at South Station,4708 Southcenter Blvd,Tukwila,WA,98188,210,OWN and Manage
Greystar,Greystar Management,Seattle,37 - Renton,Alaire,510 Stevens Avenue SW,Renton,WA,98057,357,OWN and Manage
Greystar,Greystar Management,Seattle,39 - Seatac,Birchway Angle Lake,19825 International Blvd,SeaTac,WA,98188,289,OWN and Manage
Greystar,Greystar Management,Seattle,40 - Des Moines,Avana Star Lake,2211 South Star Lake Road,Federal Way,WA,98003,750,OWN and Manage
Greystar,Greystar Management,Seattle,41 - Kent,Avana West Hill,24849 46th Avenue South,Kent,WA,98032,216,OWN and Manage
Greystar,Greystar Management,Southwest Florida Coast,5 - Bradenton - East,Marlowe Lake Manatee,14370 State Road 64 East,Bradenton,FL,34212,232,OWN and Manage
Greystar,Greystar Management,Southwest Florida Coast,7 - Sarasota - University,Birchway Sarasota,2400 Tallevast Road,Sarasota,FL,34243,336,OWN and Manage
Greystar,Greystar Management,Southwest Florida Coast,13 - Venice,Marlowe Jacaranda,9720 Beaming Road,Venice,FL,34292,240,OWN and Manage
Greystar,Greystar Management,Southwest Florida Coast,31 - Naples - East,Marlowe,6026 Whitaker Road,Naples,FL,34112,216,OWN and Manage
Greystar,,Southwest Florida Coast,31 - Naples - East,Naples Elan Greenway,Greenway Road & Tamiami Trail East,Naples,FL,34114,368,OWN and Manage
Greystar,Greystar Management,Syracuse,4 - Eastside,Campus West,150 Henry Street,Syracuse,NY,13244,194,OWN and Manage
Greystar,Greystar Management,Syracuse,4 - Eastside,University Village on Colvin,315 Small Road,Syracuse,NY,13210,120,OWN and Manage
Greystar,Greystar Management,Tacoma,7 - Puyallup/Sumner,Avana Chestnut Hills,209 21st Avenue SW,Puyallup,WA,98371,157,OWN and Manage
Greystar,Greystar Management,Tacoma,7 - Puyallup/Sumner,Avana Hamptons,2519 South Meridian Street,Puyallup,WA,98373,230,OWN and Manage
Greystar,Greystar Management,Tampa - St Petersburg - Clearwater,7 - Tampa - Sun Bay South,Marlowe South Tampa,7210 Interbay Blvd,Tampa,FL,33616,350,OWN and Manage
Greystar,Greystar Management,Tampa - St Petersburg - Clearwater,12 - University,Union on Fletcher,3600 East Fletcher Avenue,Tampa,FL,33613,217,OWN and Manage
Greystar,Greystar Management,Tampa - St Petersburg - Clearwater,27 - St Petersburg - Downtown,Ascent St. Petersburg,225 1st Avenue North,St. Petersburg,FL,33701,357,OWN and Manage
Greystar,,Tampa - St Petersburg - Clearwater,29 - St Petersburg - West,"Henry at Whitney Village, The",3200 1st Avenue South,St. Petersburg,FL,33712,325,OWN and Manage
Greystar,Greystar Management,Tampa - St Petersburg - Clearwater,31 - St Petersburg - North,Marlowe Gateway,2790 Grand Avenue,St. Petersburg,FL,33716,412,OWN and Manage
Greystar,,Tampa - St Petersburg - Clearwater,35 - Largo,Bayside,5771 Roosevelt Blvd,Clearwater,FL,33760,376,OWN and Manage
Greystar,Greystar Management,Tampa - St Petersburg - Clearwater,37 - Clearwater - West,Avana City Park,101 South Old Coachman Road,Clearwater,FL,33765,228,OWN and Manage
Greystar,Greystar Management,Tampa - St Petersburg - Clearwater,37 - Clearwater - West,Avana Coachman,2481 NE Coachman Road,Clearwater,FL,33765,218,OWN and Manage
Greystar,Greystar Management,Tampa - St Petersburg - Clearwater,37 - Clearwater - West,Avana Lakeview,2550 Stag Run Blvd,Clearwater,FL,33765,207,OWN and Manage
Greystar,Greystar Management,Tampa - St Petersburg - Clearwater,37 - Clearwater - West,"Sands at Clearwater, The",2168 Druid Road,Clearwater,FL,33764,240,OWN and Manage
Greystar,Greystar Management,Tampa - St Petersburg - Clearwater,52 - Davenport,LTD Champions Ridge,1311 Elan Drive,Davenport,FL,33896,330,OWN and Manage
Greystar,Greystar Management,Tampa - St Petersburg - Clearwater,52 - Davenport,Marlowe Ridgeview,1310 Ridgeview Circle,Davenport,FL,33896,288,OWN and Manage
Greystar,Greystar Management,Tucson,9 - Tucson Mountain Foothills,Album Marana,7760 North Silverbell Road,Tucson,AZ,85743,141,OWN and Manage
Greystar,Greystar Management,Tucson,10 - University,Union on 6th,316 East 6th Street,Tucson,AZ,85705,255,OWN and Manage
Greystar,Greystar Management,Twin Cities - Suburban,2 - Shakopee,Avana Addison,935 Alysheba Road,Shakopee,MN,55379,290,OWN and Manage
Greystar,Greystar Management,Twin Cities - Suburban,5 - Burnsville,Avana West Park,429 East Travelers Trail,Burnsville,MN,55337,240,OWN and Manage
Greystar,Greystar Management,Twin Cities - Suburban,18 - Maple Grove,Summerwell Maple Grove,10339 Orchid Lane North,Maple Grove,MN,55369,220,OWN and Manage
Greystar,Willow Bridge,Twin Cities - Urban,4 - Minneapolis - Calhoun Isle,"Lakes, The",2622 West Lake Street,Minneapolis,MN,55416,90,OWN and Manage
Greystar,Greystar Management,Twin Cities - Urban,7 - Minneapolis - University,Accolade Minneapolis,2630 University Avenue SE,Minneapolis,MN,55414,605,OWN and Manage
Greystar,Greystar Management,Twin Cities - Urban,7 - Minneapolis - University,Hub Minneapolis,311 Harvard Street SE,Minneapolis,MN,55414,407,OWN and Manage
Greystar,Greystar Management,Twin Cities - Urban,7 - Minneapolis - University,"Marshall, The",515 14th Avenue SE,Minneapolis,MN,55414,316,OWN and Manage
Greystar,Greystar Management,Twin Cities - Urban,14 - Edina/Eden Prairie,"Bower Edina, The",3650 Hazelton Road,Edina,MN,55435,185,OWN and Manage
Greystar,Greystar Management,Twin Cities - Urban,15 - Minnetonka,Avana Minnetonka,12300 Marion Lane West,Minnetonka,MN,55305,456,OWN and Manage
Greystar,,Twin Cities - Urban,15 - Minnetonka,Marlowe Opus Station,10702 Red Circle Drive,Minnetonka,MN,55343,269,OWN and Manage
Greystar,Greystar Management,Twin Cities - Urban,17 - St. Louis Park,Caraway West End,5235 Wayzata Blvd,St. Louis Park,MN,55416,207,OWN and Manage
Greystar,Greystar Management,Twin Cities - Urban,37 - West St. Paul,Avana Southview,4930 Ashley Lane,Inver Grove Heights,MN,55077,424,OWN and Manage
Greystar,Greystar Management,Washington DC - Suburban Maryland,5 - Bowie/Lake Arbor/Largo,Avana Heather Ridge,16021 English Oaks Avenue,Bowie,MD,20716,324,OWN and Manage
Greystar,Bozzuto,Washington DC - Suburban Maryland,9 - Barry Farms/Saint Elizabeths,Illume,853 New Jersey Avenue SE,Washington,DC,20003,756,OWN and Manage
Greystar,Greystar Management,Washington DC - Suburban Maryland,9 - Barry Farms/Saint Elizabeths,ORE 82,82 I Street SE,Washington,DC,20003,227,OWN and Manage
Greystar,Greystar Management,Washington DC - Suburban Maryland,21 - North Capitol,"Aspen, The",1011 4th Street NW,Washington,DC,20001,133,OWN and Manage
Greystar,Greystar Management,Washington DC - Suburban Maryland,34 - Brightwood/16th Street Heights,Aventine Fort Totten,5210 3rd Street NE,Washington,DC,20011,308,OWN and Manage
Greystar,Greystar Management,Washington DC - Suburban Maryland,37 - Downtown Silver Spring,"Cameron, The",8710 Cameron Street,Silver Spring,MD,20910,325,OWN and Manage
Greystar,Greystar Management,Washington DC - Suburban Maryland,40 - College Park,Union on Knox,4350 Knox Road,College Park,MD,20740,341,OWN and Manage
Greystar,Greystar Management,Washington DC - Suburban Maryland,40 - College Park,"Varsity College Park, The",8150 Baltimore Avenue,College Park,MD,20740,258,OWN and Manage
Greystar,Greystar Management,Washington DC - Suburban Maryland,45 - Downtown Bethesda,"Charles, The",7342 Wisconsin Avenue,Bethesda,MD,20814,301,OWN and Manage
Greystar,Greystar Management,Washington DC - Suburban Maryland,49 - Germantown/Montgomery Village,Avana Northlake,12622 Grey Eagle Court,Germantown,MD,20874,302,OWN and Manage
Greystar,Greystar Management,Washington DC - Suburban Maryland,49 - Germantown/Montgomery Village,Avana Oak Mill,20010 Frederick Road,Germantown,MD,20876,400,OWN and Manage
Greystar,Greystar Management,West Palm Beach - Boca Raton,2 - Palm Beach Gardens,Avana Palm Beach Gardens,2750 Rio Vista Blvd,Palm Beach Gardens,FL,33410,448,OWN and Manage
Greystar,Greystar Management,West Palm Beach - Boca Raton,2 - Palm Beach Gardens,Mira Flores,11900 Valencia Gardens Avenue,Palm Beach Gardens,FL,33410,352,OWN and Manage
Greystar,Greystar Management,West Palm Beach - Boca Raton,12 - Lantana,Elan Palm Reserve,4350 Peregrine Way,Lake Worth,FL,33463,384,OWN and Manage
Greystar,Greystar Management,West Palm Beach - Boca Raton,14 - Delray Beach,Caspian Delray Beach,190 SE 5th Avenue,Delray Beach,FL,33483,146,OWN and Manage
Greystar,Greystar Management,West Palm Beach - Boca Raton,14 - Delray Beach,"Franklin, The",320 Franklin Club Drive,Delray Beach,FL,33483,180,OWN and Manage
Greystar,Greystar Management,West Palm Beach - Boca Raton,15 - Boca Raton - East,Boca City Walk,33 SE 8th Street,Boca Raton,FL,33432,229,OWN and Manage
Greystar,Greystar Management,West Palm Beach - Boca Raton,15 - Boca Raton - East,"Mark at Cityscape, The",9 Plaza Real South,Boca Raton,FL,33432,208,OWN and Manage
Greystar,Greystar Management,West Virginia University,1 - West Virginia University,"Domain at Town Centre, The",5000 Domain Drive,Morgantown,WV,26501,336,OWN and Manage
Greystar,,White Plains,11 - Port Chester/Rye,"Embassy, The",128 North Main Street,Port Chester,NY,10573,245,OWN and Manage
Greystar,Greystar Management,White Plains,13 - White Plains - north,25 North Lex,25 North Lexington Avenue,White Plains,NY,10601,500,OWN and Manage
Greystar,Greystar Management,White Plains,15 - Ossining,Terraces on the Hudson,217 North Highland Avenue,Ossining,NY,10562,168,OWN and Manage
Greystar,,Worcester - Springfield,3 - Strewsbury - Westborough,"Residences at Friars Farm, The",409 South Street,Shrewsbury,MA,1545,196,OWN and Manage